Sub_id,Stimulus,Response,Correct,Confidence,RT decision,RT confidence,Condition,Noise Level
1,5,8,0,1,1.902,0.142,1,0.99
1,8,8,1,1,0.587,0.079,1,0.98
1,7,7,1,1,0.425,0.217,1,0.98
1,8,6,0,1,0.494,0.183,1,0.99
1,5,6,0,1,0.299,0.134,1,0.98
1,8,7,0,1,0.299,0.184,1,0.97
1,8,8,1,1,1.463,0.214,1,0.96
1,6,5,0,1,1.67,0.509,1,0.96
1,5,5,1,2,1.08,1.002,1,0.95
1,6,6,1,2,0.781,0.586,1,0.95
1,5,5,1,2,1.84,0.744,1,0.96
1,8,6,0,2,0.79,0.379,1,0.97
1,8,7,0,1,0.779,0.219,1,0.96
1,6,6,1,1,0.954,0.431,1,0.95
1,7,7,1,1,0.746,0.195,1,0.95
1,7,7,1,1,1.168,0.271,1,0.96
1,8,5,0,1,1.147,0.29,1,0.97
1,7,5,0,1,0.528,0.67,1,0.96
1,8,8,1,1,0.681,0.253,1,0.95
1,5,5,1,3,0.91,0.547,1,0.95
1,6,6,1,2,0.721,1.15,1,0.96
1,8,5,0,1,1.765,0.108,1,0.97
1,7,5,0,1,0.498,0.164,1,0.96
1,7,7,1,2,0.768,0.165,1,0.95
1,7,7,1,2,0.361,0.147,1,0.95
1,5,6,0,2,0.783,0.59,1,0.96
1,7,7,1,4,0.825,0.359,1,0.95
1,6,6,1,4,0.798,0.236,1,0.95
1,6,6,1,4,0.52,0.333,1,0.96
1,7,7,1,1,1.339,0.303,1,0.97
1,8,7,0,1,0.844,0.115,1,0.98
1,6,8,0,1,0.775,0.202,1,0.97
1,6,7,0,1,0.343,1.034,1,0.96
1,5,6,0,1,0.708,0.183,1,0.95
1,8,8,1,4,0.627,0.603,1,0.94
1,6,6,1,4,0.979,0.144,1,0.94
1,7,7,1,3,1.167,0.428,1,0.95
1,8,7,0,3,0.467,0.148,1,0.96
1,7,7,1,3,0.339,0.112,1,0.95
1,5,6,0,3,1.046,0.07,1,0.95
1,6,6,1,2,1.144,0.138,1,0.94
1,7,7,1,2,0.669,0.21,1,0.94
1,8,8,1,2,0.552,0.096,1,0.95
1,6,6,1,2,0.767,0.08,1,0.96
1,8,8,1,2,2.04,0.488,1,0.97
1,5,8,0,1,0.776,0.587,1,0.98
1,5,8,0,1,0.317,0.139,1,0.97
1,8,7,0,1,0.487,0.13,1,0.96
1,5,6,0,2,0.834,0.692,1,0.95
1,6,6,1,3,0.452,0.442,1,0.94
1,6,6,1,3,1.098,0.157,1,0.94
1,8,7,0,2,1.089,0.653,1,0.95
1,8,6,0,1,1.429,0.152,1,0.94
1,6,6,1,2,0.704,0.782,1,0.93
1,8,8,1,4,0.737,0.241,1,0.93
1,7,7,1,4,0.689,0.438,1,0.94
1,8,6,0,4,1.119,0.433,1,0.95
1,6,6,1,4,0.283,0.16,1,0.94
1,5,5,1,2,1.497,1.203,1,0.94
1,5,6,0,1,0.933,0.951,1,0.95
1,8,8,1,2,0.82,0.804,1,0.94
1,7,7,1,3,0.639,0.081,1,0.94
1,7,5,0,1,2.51,0.097,1,0.95
1,7,5,0,1,2.585,0.316,1,0.94
1,7,7,1,4,1.061,1.165,1,0.93
1,7,7,1,4,0.719,0.194,1,0.93
1,5,5,1,4,0.926,0.204,1,0.94
1,8,5,0,3,0.76,0.721,1,0.95
1,7,7,1,2,0.55,0.485,1,0.94
1,7,7,1,2,0.483,0.392,1,0.94
1,8,8,1,2,1.32,0.912,1,0.95
1,7,7,1,2,0.72,0.613,1,0.96
1,5,7,0,2,0.489,0.347,1,0.97
1,5,5,1,4,0.559,1.611,1,0.96
1,7,7,1,3,0.598,0.884,1,0.96
1,8,7,0,2,0.615,0.676,1,0.97
1,8,5,0,1,0.82,0.24,1,0.96
1,5,5,1,1,0.48,0.435,1,0.95
1,5,5,1,1,0.342,0.226,1,0.95
1,5,5,1,3,1.283,0.386,1,0.96
1,8,5,0,1,1.739,0.139,1,0.97
1,5,5,1,3,0.342,0.654,1,0.96
1,6,5,0,2,1.001,0.578,1,0.96
1,6,5,0,1,0.986,0.383,1,0.95
1,7,7,1,4,0.623,0.915,1,0.94
1,8,8,1,1,0.894,1.065,1,0.94
1,6,6,1,3,1.483,1.401,1,0.95
1,8,5,0,1,0.899,0.326,1,0.96
1,5,5,1,1,0.617,0.22,1,0.95
1,5,6,0,1,0.474,0.313,1,0.95
1,5,6,0,3,0.646,0.717,1,0.94
1,8,8,1,2,0.898,1.038,1,0.93
1,8,8,1,2,0.529,0.358,1,0.93
1,7,7,1,3,0.638,0.797,1,0.94
1,6,5,0,1,0.547,0.658,1,0.95
1,7,5,0,1,2.708,0.512,1,0.94
1,8,8,1,4,0.506,0.386,1,0.93
1,6,5,0,1,0.94,1.323,1,0.93
1,7,7,1,4,0.643,1.264,1,0.92
1,7,7,1,4,0.323,0.452,1,0.92
1,5,5,1,4,0.432,1.248,1,0.94
1,6,6,1,2,0.336,0.374,1,0.94
1,6,7,0,1,0.888,0.317,1,0.95
1,8,8,1,1,0.355,0.414,1,0.94
1,8,8,1,1,0.358,0.655,1,0.93
1,5,5,1,3,0.927,1.339,1,0.93
1,5,5,1,3,0.393,0.354,1,0.92
1,7,5,0,2,0.372,0.23,1,0.92
1,6,6,1,1,1.082,0.433,1,0.93
1,8,8,1,1,0.709,0.563,1,0.92
1,6,5,0,1,0.83,0.134,1,0.92
1,5,5,1,1,0.643,0.436,1,0.93
1,5,5,1,2,0.487,0.418,1,0.94
1,5,5,1,1,0.501,0.236,1,0.95
1,5,5,1,3,0.299,0.478,1,0.96
1,8,5,0,1,0.411,0.407,1,0.95
1,8,5,0,1,0.361,0.209,1,0.95
1,5,5,1,1,0.445,0.25,1,0.94
1,8,5,0,2,0.31,1.169,1,0.94
1,6,6,1,2,0.747,0.314,1,0.95
1,8,5,0,1,0.731,0.312,1,0.96
1,7,7,1,1,1.029,0.304,1,0.95
1,6,6,1,1,0.481,0.341,1,0.95
1,5,5,1,1,0.622,0.3,1,0.94
1,7,5,0,1,0.569,0.108,1,0.93
1,5,6,0,1,1.952,0.36,1,0.92
1,7,5,0,1,0.802,0.119,1,0.91
1,5,5,1,1,0.381,0.109,1,0.91
1,7,7,1,1,0.818,0.499,1,0.92
1,6,6,1,2,0.534,0.782,1,0.93
1,5,5,1,2,0.478,0.538,1,0.94
1,7,5,0,1,0.51,0.67,1,0.95
1,8,5,0,1,0.268,0.136,1,0.94
1,8,8,1,3,1.242,1.422,1,0.94
1,5,5,1,3,0.555,0.42,1,0.95
1,5,5,1,1,0.469,0.143,1,0.94
1,6,6,1,1,0.166,0.305,1,0.94
1,6,7,0,1,0.126,0.091,1,0.95
1,8,7,0,1,0.918,0.444,1,0.94
1,7,7,1,3,0.704,0.744,1,0.94
1,5,5,1,1,1.394,0.208,1,0.93
1,7,5,0,1,0.291,0.111,1,0.93
1,8,5,0,1,0.339,0.127,1,0.94
1,5,5,1,1,0.414,0.086,1,0.93
1,7,7,1,2,0.448,0.682,1,0.93
1,5,5,1,2,0.477,0.347,1,0.94
1,8,5,0,2,0.876,0.093,1,0.95
1,7,7,1,2,0.452,0.264,1,0.96
1,6,5,0,2,0.49,0.129,1,0.97
1,8,7,0,1,0.356,0.422,1,0.96
1,5,5,1,1,1.248,0.593,1,0.95
1,7,7,1,1,0.658,0.261,1,0.94
1,6,5,0,1,0.762,0.869,1,0.94
1,5,5,1,3,0.371,0.33,1,0.95
1,6,6,1,4,1.059,0.58,1,0.96
1,7,7,1,2,0.573,0.596,1,0.95
1,5,7,0,1,0.576,0.393,1,0.95
1,5,5,1,1,0.439,0.446,1,0.94
1,7,6,0,1,0.452,1.066,1,0.94
1,6,6,1,4,0.576,1.208,1,0.93
1,6,6,1,4,0.66,1.251,1,0.92
1,8,8,1,3,0.682,0.534,1,0.92
1,6,6,1,1,0.761,0.479,1,0.91
1,7,6,0,1,1.078,0.489,1,0.91
1,7,5,0,1,1.006,0.179,1,0.92
1,6,5,0,1,0.633,0.099,1,0.91
1,8,8,1,2,0.829,1.012,1,0.9
1,8,8,1,2,0.482,0.216,1,0.9
1,7,7,1,1,0.521,0.405,1,0.89
1,5,6,0,1,0.448,0.561,1,0.89
1,7,7,1,1,0.359,0.327,1,0.9
1,6,6,1,1,0.443,0.372,1,0.91
1,8,8,1,1,0.712,0.133,1,0.9
1,6,8,0,1,0.395,0.173,1,0.9
1,6,6,1,1,0.222,0.108,1,0.91
1,8,6,0,1,0.299,0.153,1,0.92
1,8,8,1,1,0.694,0.107,1,0.93
1,6,7,0,1,0.639,0.119,1,0.94
1,5,5,1,3,0.513,0.423,1,0.93
1,5,5,1,3,1.184,0.129,1,0.93
1,6,5,0,2,0.686,0.201,1,0.94
1,5,5,1,3,0.561,0.324,1,0.95
1,6,6,1,2,0.761,0.293,1,0.94
1,8,7,0,2,0.378,0.34,1,0.94
1,5,6,0,2,0.549,0.178,1,0.93
1,7,7,1,1,1.067,0.18,1,0.93
1,6,6,1,3,0.751,0.67,1,0.94
1,6,6,1,3,0.402,0.187,1,0.93
1,6,6,1,2,0.461,0.348,1,0.93
1,8,6,0,1,0.34,0.2,1,0.92
1,6,6,1,1,0.286,0.124,1,0.92
1,5,8,0,1,0.606,0.248,1,0.93
1,7,7,1,3,0.422,0.709,1,0.94
1,6,5,0,1,0.903,0.866,1,0.95
1,6,6,1,2,0.366,0.553,1,0.94
1,8,8,1,4,0.508,0.892,1,0.94
1,6,6,1,4,0.756,1.213,1,0.95
1,7,5,0,1,2.704,0.201,1,0.94
1,7,7,1,3,0.635,0.931,1,0.94
1,8,8,1,4,0.452,0.359,1,0.95
1,7,7,1,1,0.758,0.24,1,0.96
1,8,8,1,1,0.491,0.124,1,0.96
1,6,6,1,1,0.68,0.095,1,0.97
1,7,7,1,3,0.535,0.252,1,0.96
1,7,7,1,2,0.284,0.105,1,0.96
1,7,7,1,1,0.26,0.074,1,0.95
1,7,6,0,1,0.144,0.056,1,0.95
1,5,6,0,1,0.175,0.027,1,0.94
1,8,7,0,1,0.163,0.065,1,0.94
1,7,6,0,1,0.132,0.069,1,0.95
1,5,5,1,1,0.161,0.042,1,0.96
1,8,5,0,1,0.681,0.021,1,0.95
1,6,6,1,1,0.684,0.048,1,0.95
1,5,5,1,1,0.427,0.096,1,0.94
1,7,5,0,1,0.488,0.074,1,0.94
1,7,6,0,1,0.465,0.239,1,0.95
1,7,7,1,1,0.246,0.081,1,0.96
1,6,6,1,2,0.639,0.096,1,0.97
1,7,7,1,2,0.707,0.158,1,0.98
1,7,7,1,3,0.309,0.125,1,0.99
1,6,6,1,2,0.334,0.214,1,0.98
1,7,6,0,1,1.062,0.142,1,0.97
1,5,5,1,1,1.882,0.404,1,0.97
1,8,5,0,1,0.54,0.087,1,0.98
1,8,5,0,1,0.489,0.097,1,0.97
1,8,6,0,1,0.417,0.118,1,0.96
1,5,5,1,1,0.553,0.074,1,0.95
1,6,6,1,1,0.599,0.025,1,0.95
1,8,6,0,2,0.34,0.111,1,0.94
1,6,6,1,2,0.371,0.145,1,0.94
1,6,6,1,4,0.393,0.69,1,0.95
1,8,8,1,4,0.721,0.091,1,0.94
1,7,6,0,4,0.425,0.135,1,0.93
1,6,6,1,1,0.733,0.261,1,0.93
1,5,6,0,1,0.463,0.218,1,0.94
1,7,7,1,1,0.868,0.197,1,0.95
1,8,8,1,1,0.689,0.305,1,0.94
1,5,7,0,1,0.385,0.177,1,0.94
1,5,5,1,1,0.894,0.127,1,0.95
1,5,5,1,1,0.443,1.08,1,0.96
1,6,6,1,2,1.032,0.764,1,0.97
1,6,6,1,1,0.363,0.386,1,0.98
1,6,6,1,1,0.336,0.089,1,0.97
1,6,5,0,1,0.567,0.107,1,0.97
1,7,6,0,1,0.209,0.061,1,0.98
1,5,5,1,1,0.407,0.044,1,0.97
1,5,5,1,1,0.181,0.068,1,0.97
1,8,6,0,1,0.77,0.111,1,0.98
1,6,5,0,1,1.126,0.163,1,0.99
1,7,6,0,1,0.376,0.92,1,0.99
1,5,5,1,1,0.582,0.076,1,0.99
1,5,5,1,3,0.355,0.158,1,0.98
1,8,5,0,4,0.316,0.115,1,0.97
1,8,8,1,3,0.721,0.071,1,0.96
1,5,5,1,4,0.794,0.062,1,0.96
1,8,8,1,3,0.839,0.084,1,0.95
1,6,7,0,1,0.381,0.424,1,0.94
1,5,5,1,3,0.776,0.747,1,0.93
1,8,8,1,4,0.976,0.307,1,0.93
1,7,6,0,1,0.361,0.501,1,0.94
1,6,6,1,1,0.703,0.06,1,0.95
1,8,7,0,1,0.754,0.001,1,0.96
1,5,6,0,1,0.615,0.031,1,0.95
1,8,8,1,4,0.79,0.048,1,0.95
1,5,5,1,2,1.361,0.046,1,0.96
1,6,6,1,4,0.715,0.218,1,0.95
1,6,6,1,2,0.417,0.129,1,0.95
1,7,7,1,2,1.073,0.25,1,0.96
1,5,5,1,1,0.593,0.107,1,0.97
1,7,5,0,1,0.271,0.083,1,0.96
1,8,8,1,1,0.595,0.073,1,0.96
1,7,7,1,1,0.331,0.123,1,0.95
1,5,6,0,1,0.301,0.076,1,0.94
1,6,6,1,1,1.023,0.088,1,0.94
1,5,5,1,1,0.236,0.182,1,0.95
1,8,6,0,1,0.004,0.245,1,0.94
1,6,6,1,1,0.646,0.063,1,0.94
1,8,6,0,2,0.264,0.111,1,0.95
1,7,6,0,1,0.123,0.145,1,0.96
1,6,6,1,2,0.527,0.682,1,0.97
1,7,7,1,1,0.552,0.071,1,0.98
1,6,6,1,1,0.78,0.1,1,0.99
1,7,6,0,1,0.491,0.113,1,0.98
1,7,7,1,1,0.947,0.174,1,0.97
1,8,6,0,1,0.612,0.129,1,0.97
1,7,7,1,1,0.507,0.057,1,0.98
1,5,5,1,1,0.578,0.069,1,0.97
1,7,7,1,1,0.624,0.071,1,0.97
1,7,7,1,1,0.333,0.117,1,0.98
1,6,6,1,2,0.61,0.157,1,0.97
1,7,6,0,1,0.972,0.244,1,0.97
1,5,5,1,1,0.063,0.094,1,0.96
1,6,6,1,1,1.102,0.144,1,0.96
1,7,7,1,1,0.224,0.081,1,0.95
1,8,6,0,1,0.177,0.064,1,0.94
1,8,6,0,1,0.159,0.074,1,0.94
1,6,6,1,1,0.075,0.056,1,0.95
1,5,7,0,1,0.088,0.046,1,0.94
1,8,5,0,1,0.004,0.085,1,0.94
1,5,8,0,1,0.068,0.441,1,0.95
1,5,6,0,1,0.736,0.16,1,0.94
1,6,6,1,4,0.661,0.849,1,0.94
1,8,8,1,2,0.866,0.573,1,0.95
1,5,6,0,2,0.581,0.184,1,0.96
1,6,6,1,4,0.64,0.531,1,0.97
1,6,6,1,1,0.567,0.187,1,0.98
1,8,7,0,2,0.377,0.138,1,0.99
1,5,5,1,2,0.988,0.096,1,0.98
1,6,6,1,2,1.086,0.191,1,0.97
1,5,6,0,2,0.594,0.579,1,0.96
1,7,7,1,4,0.64,0.224,1,0.95
1,8,8,1,4,0.406,0.177,1,0.95
1,5,5,1,1,0.841,0.1,1,0.94
1,5,5,1,1,1.348,0.184,1,0.94
1,6,6,1,1,0.392,0.154,1,0.95
1,5,7,0,1,0.243,0.133,1,0.94
1,6,7,0,1,0.362,0.071,1,0.93
1,7,8,0,1,0.19,0.079,1,0.93
1,5,8,0,1,0.134,0.071,1,0.94
1,7,7,1,1,0.375,0.199,1,0.95
1,6,6,1,1,0.627,0.101,1,0.96
1,6,6,1,2,0.718,0.889,1,0.97
1,7,6,0,1,0.835,0.252,1,0.96
1,7,7,1,1,0.782,0.1,1,0.96
1,6,6,1,4,0.545,0.788,1,0.95
1,6,6,1,4,0.254,0.109,1,0.94
1,8,6,0,1,0.352,0.203,1,0.93
1,8,8,1,1,0.378,0.334,1,0.93
1,5,6,0,4,0.625,0.175,1,0.94
1,6,6,1,4,0.883,1.196,1,0.93
1,7,7,1,1,1.068,0.228,1,0.93
1,7,7,1,4,0.343,0.479,1,0.94
1,7,7,1,1,0.332,0.342,1,0.95
1,8,6,0,1,0.39,0.178,1,0.94
1,6,6,1,1,0.388,0.15,1,0.94
1,5,6,0,1,0.426,0.163,1,0.93
1,8,7,0,1,0.385,0.16,1,0.93
1,8,8,1,1,0.511,0.507,1,0.94
1,5,6,0,1,0.976,0.077,1,0.93
1,6,6,1,4,0.328,0.118,1,0.93
1,6,6,1,4,1.065,1.239,1,0.94
1,7,7,1,4,0.556,0.065,1,0.95
1,6,6,1,2,0.801,0.487,1,0.96
1,7,7,1,1,0.698,0.09,1,0.97
1,8,6,0,1,0.365,0.097,1,0.96
1,8,6,0,1,0.26,0.088,1,0.95
1,8,7,0,1,0.161,0.076,1,0.95
1,7,7,1,2,0.524,0.477,1,0.96
1,5,5,1,2,0.664,0.333,1,0.95
1,6,6,1,3,0.539,0.312,1,0.94
1,8,7,0,1,0.725,0.137,1,0.93
1,7,7,1,2,0.564,0.378,1,0.93
1,5,6,0,1,0.568,0.089,1,0.94
1,5,5,1,2,0.744,0.267,1,0.93
1,7,7,1,3,0.64,0.208,1,0.93
1,5,5,1,3,0.655,0.642,1,0.94
1,8,8,1,2,0.637,1.134,1,0.95
1,7,7,1,1,0.608,0.314,1,0.94
1,6,8,0,1,0.381,0.113,1,0.94
1,8,7,0,1,0.203,0.211,1,0.95
1,6,6,1,1,0.582,0.085,1,0.94
1,8,7,0,1,0.164,0.163,1,0.94
1,8,6,0,1,0.092,0.136,1,0.93
1,6,6,1,1,0.69,0.675,1,0.92
1,7,7,1,4,0.55,1.322,1,0.92
1,7,7,1,3,0.422,0.459,1,0.93
1,5,6,0,2,0.478,0.124,1,0.94
1,7,7,1,2,0.562,0.239,1,0.95
1,8,7,0,1,0.408,0.297,1,0.96
1,6,8,0,1,1.375,0.519,1,0.97
1,7,7,1,1,0.658,0.18,1,0.96
1,7,7,1,1,0.455,0.294,1,0.96
1,6,6,1,4,0.629,0.853,1,0.97
1,8,6,0,2,0.621,1.329,1,0.96
1,6,6,1,4,0.471,0.716,1,0.96
1,5,5,1,2,0.895,0.297,1,0.97
1,5,6,0,4,0.613,0.308,1,0.96
1,5,6,0,2,0.422,0.402,1,0.96
1,8,8,1,4,0.819,0.248,1,0.95
1,8,8,1,4,0.694,0.519,1,0.94
1,6,6,1,4,0.508,0.27,1,0.94
1,5,5,1,2,0.657,0.534,1,0.95
1,8,5,0,2,0.392,0.167,1,0.96
1,7,7,1,4,0.545,0.655,1,0.95
1,7,7,1,2,0.349,0.394,1,0.95
1,6,6,1,1,0.86,0.176,1,0.94
1,8,8,1,1,1.341,0.31,1,0.94
1,6,6,1,1,0.577,0.955,1,0.95
1,7,7,1,1,0.689,0.155,1,0.96
1,7,6,0,1,0.126,0.081,1,0.97
1,7,8,0,1,0.146,0.5,1,0.98
1,5,6,0,1,0.106,0.284,1,0.97
1,8,7,0,1,0.023,0.154,1,0.97
1,8,6,0,1,2.485,0.128,1,0.98
1,8,8,1,1,0.617,0.18,1,0.99
1,6,7,0,3,0.548,0.244,1,0.98
1,7,7,1,2,0.514,0.355,1,0.97
1,6,6,1,4,0.541,0.236,1,0.97
1,6,6,1,4,0.217,0.07,1,0.96
1,5,5,1,1,1.451,0.137,1,0.95
2,8,8,1,2,0.779,0.635,1,0.94
2,8,5,0,1,0.995,0.268,1,0.95
2,8,8,1,4,0.682,0.342,1,0.94
2,6,6,1,2,0.883,1.394,1,0.94
2,7,7,1,1,0.78,0.222,1,0.95
2,5,5,1,2,0.86,0.286,1,0.96
2,5,5,1,2,0.704,0.154,1,0.97
2,7,5,0,1,0.476,0.186,1,0.98
2,7,5,0,1,0.268,0.151,1,0.97
2,6,6,1,2,0.81,0.309,1,0.96
2,8,8,1,1,1.177,0.499,1,0.96
2,5,5,1,2,0.98,0.322,1,0.95
2,8,5,0,1,0.967,0.231,1,0.94
2,6,5,0,1,0.286,0.111,1,0.93
2,7,5,0,1,0.335,0.267,1,0.93
2,7,7,1,1,0.862,0.27,1,0.94
2,8,7,0,1,0.807,0.237,1,0.95
2,7,7,1,1,0.613,0.254,1,0.96
2,6,6,1,4,0.664,0.399,1,0.95
2,7,7,1,3,0.743,0.49,1,0.95
2,5,5,1,2,0.748,0.344,1,0.96
2,8,7,0,1,0.867,0.264,1,0.97
2,6,5,0,1,0.822,0.193,1,0.96
2,5,5,1,2,0.756,0.195,1,0.95
2,7,7,1,3,0.795,0.467,1,0.94
2,7,7,1,2,0.762,0.132,1,0.93
2,5,5,1,1,0.902,0.149,1,0.93
2,5,5,1,1,0.398,0.134,1,0.94
2,8,7,0,1,0.828,0.114,1,0.93
2,6,7,0,1,0.337,0.088,1,0.92
2,6,5,0,1,0.767,0.089,1,0.91
2,6,5,0,1,0.534,0.245,1,0.91
2,6,6,1,3,0.899,0.303,1,0.92
2,5,5,1,3,0.858,0.133,1,0.93
2,7,7,1,3,0.914,0.09,1,0.94
2,6,5,0,1,1.038,0.187,1,0.95
2,8,5,0,1,0.584,0.146,1,0.96
2,7,7,1,1,1.068,0.891,1,0.97
2,5,5,1,2,0.893,0.198,1,0.98
2,7,5,0,2,0.933,0.08,1,0.99
2,8,6,0,1,1.127,0.069,1,0.98
2,6,6,1,4,1.027,0.117,1,0.97
2,5,5,1,4,0.749,0.127,1,0.96
2,6,5,0,2,0.439,0.384,1,0.96
2,6,6,1,4,0.726,0.385,1,0.95
2,7,7,1,4,0.746,0.112,1,0.95
2,5,6,0,1,0.935,0.299,1,0.96
2,7,7,1,2,0.772,0.435,1,0.97
2,6,6,1,4,0.828,0.296,1,0.96
2,5,5,1,2,0.863,0.355,1,0.95
2,5,5,1,1,0.61,0.458,1,0.95
2,7,7,1,2,0.875,0.438,1,0.96
2,5,5,1,1,0.824,0.097,1,0.95
2,6,5,0,1,0.228,0.039,1,0.95
2,7,5,0,1,0.248,0.035,1,0.96
2,8,7,0,1,0.844,0.122,1,0.97
2,6,6,1,1,0.628,0.159,1,0.96
2,6,5,0,1,0.88,0.069,1,0.96
2,8,5,0,1,0.428,0.086,1,0.97
2,6,6,1,1,0.6,0.055,1,0.96
2,5,5,1,4,0.856,0.047,1,0.96
2,5,5,1,4,0.297,0.059,1,0.95
2,6,6,1,4,0.8,0.031,1,0.95
2,7,6,0,1,0.751,0.236,1,0.94
2,8,7,0,1,0.744,0.285,1,0.94
2,7,7,1,2,0.746,0.338,1,0.93
2,8,7,0,2,0.597,0.042,1,0.93
2,5,5,1,3,0.978,0.507,1,0.94
2,8,8,1,4,0.75,0.708,1,0.95
2,8,8,1,4,0.806,0.27,1,0.94
2,8,8,1,4,0.403,0.092,1,0.94
2,5,8,0,1,0.531,0.878,1,0.95
2,5,5,1,1,0.822,0.128,1,0.96
2,7,8,0,1,1.15,0.366,1,0.97
2,7,7,1,1,0.706,0.25,1,0.96
2,6,6,1,3,0.767,0.625,1,0.95
2,5,8,0,3,0.76,0.748,1,0.94
2,8,8,1,4,0.766,0.387,1,0.94
2,7,7,1,4,0.689,0.432,1,0.95
2,6,8,0,3,0.847,0.297,1,0.96
2,7,7,1,2,1.008,0.553,1,0.97
2,6,8,0,1,1.025,0.306,1,0.96
2,8,8,1,4,1.033,0.216,1,0.96
2,7,7,1,2,0.923,0.32,1,0.95
2,5,5,1,1,0.986,0.057,1,0.94
2,5,5,1,2,0.993,0.165,1,0.94
2,7,5,0,1,0.705,0.091,1,0.95
2,6,5,0,1,0.404,0.066,1,0.94
2,5,6,0,2,0.949,0.226,1,0.94
2,5,5,1,1,0.67,0.115,1,0.95
2,5,5,1,1,0.432,0.678,1,0.96
2,5,5,1,1,0.263,0.119,1,0.95
2,7,7,1,1,0.97,0.095,1,0.94
2,8,8,1,2,0.799,0.122,1,0.93
2,8,8,1,1,0.623,0.086,1,0.93
2,5,5,1,1,0.925,0.089,1,0.94
2,8,7,0,1,0.326,0.057,1,0.95
2,7,6,0,1,0.159,0.031,1,0.96
2,7,6,0,1,0.229,0.058,1,0.95
2,6,6,1,1,0.284,0.072,1,0.94
2,5,5,1,1,0.894,0.086,1,0.97
2,6,5,0,1,0.855,0.1,1,0.96
2,8,5,0,1,0.448,0.085,1,0.96
2,7,7,1,2,1.023,0.133,1,0.97
2,6,6,1,4,0.938,0.107,1,0.98
2,6,6,1,2,1.474,0.208,1,0.97
2,7,7,1,1,0.553,0.115,1,0.97
2,6,8,0,2,1.04,0.201,1,0.96
2,7,5,0,1,0.979,0.314,1,0.96
2,8,8,1,2,0.957,0.132,1,0.97
2,8,8,1,1,1.251,0.149,1,0.98
2,8,8,1,1,0.933,0.346,1,0.99
2,8,8,1,1,0.866,0.27,1,0.99
2,6,8,0,1,0.893,0.253,1,0.99
2,7,5,0,1,1.091,0.124,1,0.99
2,7,7,1,2,0.919,0.222,1,0.99
2,6,5,0,1,1.062,0.364,1,0.99
2,7,7,1,3,0.82,0.208,1,0.98
2,8,8,1,3,0.863,0.205,1,0.97
2,8,8,1,3,0.589,0.419,1,0.96
2,7,5,0,1,1.299,0.101,1,0.96
2,6,5,0,1,0.377,0.132,1,0.95
2,8,8,1,1,1.42,0.032,1,0.94
2,7,6,0,1,1.013,0.104,1,0.94
2,5,5,1,4,0.961,0.076,1,0.95
2,7,5,0,1,393.041,0.09,1,0.96
2,8,8,1,4,0.965,0.253,1,0.97
2,6,8,0,2,0.898,0.255,1,0.98
2,8,8,1,1,0.385,0.339,1,0.99
2,6,6,1,4,0.835,0.208,1,0.99
2,8,8,1,4,1.049,0.155,1,0.99
2,6,6,1,2,0.844,0.21,1,0.99
2,8,5,0,1,1.052,0.106,1,0.98
2,8,8,1,1,1.138,0.153,1,0.97
2,5,5,1,1,1.087,0.128,1,0.96
2,8,5,0,1,0.559,0.127,1,0.95
2,6,5,0,1,5.326,0.066,1,0.95
2,6,6,1,4,0.66,0.214,1,0.96
2,7,7,1,2,0.849,0.374,1,0.97
2,7,7,1,2,0.52,0.094,1,0.98
2,6,6,1,1,0.9,0.087,1,0.99
2,6,8,0,1,0.999,0.253,1,0.99
2,6,6,1,2,0.74,0.311,1,0.98
2,8,8,1,2,1.029,0.389,1,0.98
2,7,5,0,1,1.048,0.114,1,0.97
2,8,8,1,3,0.815,0.505,1,0.96
2,8,8,1,3,0.967,0.525,1,0.96
2,6,6,1,1,1.294,0.173,1,0.95
2,8,5,0,1,0.892,0.103,1,0.95
2,5,5,1,1,0.377,0.094,1,0.96
2,7,5,0,1,0.849,0.087,1,0.97
2,7,5,0,1,0.308,0.118,1,0.98
2,8,8,1,2,0.922,0.383,1,0.97
2,6,5,0,2,0.928,0.372,1,0.96
2,8,8,1,4,0.71,0.471,1,0.96
2,5,6,0,3,0.765,0.496,1,0.97
2,6,5,0,1,382.359,0.081,1,0.98
2,8,5,0,1,1.047,0.112,1,0.99
2,8,8,1,4,0.71,0.366,1,0.99
2,7,7,1,2,0.775,0.352,1,0.99
2,5,5,1,3,0.944,1.474,1,0.99
2,7,7,1,3,6.624,0.476,1,0.98
2,6,6,1,2,0.866,0.133,1,0.97
2,6,6,1,2,0.452,0.08,1,0.97
2,8,8,1,2,0.871,0.133,1,0.96
2,8,5,0,2,0.89,0.122,1,0.96
2,6,5,0,2,0.47,0.157,1,0.97
2,5,8,0,2,0.88,0.041,1,0.98
2,6,6,1,4,0.78,0.406,1,0.97
2,5,8,0,3,1.117,0.139,1,0.96
2,6,6,1,4,0.881,0.117,1,0.95
2,5,5,1,1,1.053,0.085,1,0.94
2,7,7,1,2,0.688,0.207,1,0.94
2,8,8,1,2,0.714,0.246,1,0.95
2,6,5,0,1,0.798,0.111,1,0.96
2,7,5,0,1,0.52,0.107,1,0.97
2,6,6,1,1,0.689,0.063,1,0.98
2,6,5,0,1,0.663,0.331,1,0.97
2,8,8,1,1,0.93,0.248,1,0.97
2,7,7,1,1,0.849,0.067,1,0.98
2,5,5,1,1,0.688,0.112,1,0.97
2,5,5,1,1,0.255,0.039,1,0.96
2,6,5,0,1,0.25,0.091,1,0.96
2,6,8,0,2,0.99,0.129,1,0.95
2,5,8,0,2,0.789,0.055,1,0.95
2,8,8,1,3,0.84,0.345,1,0.96
2,5,5,1,4,0.776,0.118,1,0.95
2,5,5,1,4,0.237,0.115,1,0.95
2,7,7,1,4,0.997,0.137,1,0.94
2,5,5,1,3,0.949,0.172,1,0.93
2,7,5,0,1,0.474,0.331,1,0.93
2,5,8,0,2,0.759,0.312,1,0.94
2,7,7,1,2,0.576,0.281,1,0.95
2,6,6,1,2,0.729,0.387,1,0.96
2,7,7,1,3,0.681,0.381,1,0.97
2,6,5,0,3,0.812,0.385,1,0.98
2,7,7,1,2,0.797,0.61,1,0.97
2,5,5,1,1,0.809,0.075,1,0.97
2,8,8,1,1,1.123,0.169,1,0.98
2,7,8,0,1,0.686,0.009,1,0.99
2,6,6,1,2,1.087,0.061,1,0.96
2,8,8,1,3,1.241,0.468,1,0.97
2,7,7,1,1,0.968,0.607,1,0.96
2,8,8,1,1,0.825,0.315,1,0.95
2,5,5,1,1,0.77,0.1,1,0.95
2,5,6,0,1,0.862,0.299,1,0.96
2,6,5,0,1,0.799,0.128,1,0.97
2,8,5,0,1,0.265,0.084,1,0.98
2,5,5,1,2,0.971,0.57,1,0.97
2,5,5,1,2,0.926,0.16,1,0.96
2,8,5,0,3,0.904,0.152,1,0.96
2,8,8,1,4,0.691,0.304,1,0.97
2,5,7,0,2,0.721,0.709,1,0.98
2,5,5,1,1,0.986,0.146,1,0.99
2,7,7,1,2,0.967,1.178,1,0.98
2,5,5,1,3,0.764,0.305,1,0.97
2,7,5,0,1,3.5,0.084,1,0.97
2,8,8,1,4,0.683,0.55,1,0.96
2,7,7,1,1,0.955,0.07,1,0.96
2,6,5,0,2,0.872,0.324,1,0.97
2,5,5,1,1,0.783,0.102,1,0.98
2,8,5,0,1,0.567,0.077,1,0.97
2,6,6,1,4,0.642,0.884,1,0.96
2,6,6,1,4,0.719,0.269,1,0.96
2,7,7,1,2,0.803,0.402,1,0.95
2,8,5,0,1,1.102,0.129,1,0.95
2,7,7,1,1,0.746,0.264,1,0.94
2,8,8,1,3,1.057,0.216,1,0.94
2,7,6,0,1,0.958,0.356,1,0.93
2,5,5,1,1,0.765,0.114,1,0.93
2,5,8,0,2,0.93,0.387,1,0.94
2,5,5,1,3,0.95,0.644,1,0.95
2,7,7,1,2,0.665,0.38,1,0.96
2,8,8,1,4,0.651,0.405,1,0.95
2,6,5,0,2,0.695,0.243,1,0.95
2,8,8,1,3,0.667,1.039,1,0.96
2,6,6,1,3,0.965,0.628,1,0.95
2,7,7,1,1,0.83,0.173,1,0.94
2,8,5,0,1,1.462,0.081,1,0.94
2,8,5,0,1,0.358,0.078,1,0.95
2,6,6,1,2,0.765,0.358,1,0.96
2,6,5,0,1,1.871,0.287,1,0.97
2,6,6,1,2,0.709,0.309,1,0.96
2,8,5,0,1,0.892,0.13,1,0.96
2,6,6,1,2,0.607,0.326,1,0.97
2,7,7,1,2,0.731,0.195,1,0.96
2,5,6,0,1,0.756,0.253,1,0.96
2,5,5,1,4,0.994,0.104,1,0.97
2,7,7,1,3,0.86,0.288,1,0.98
2,8,8,1,4,0.784,0.488,1,0.97
2,8,8,1,4,0.729,0.533,1,0.97
2,7,5,0,1,23.943,0.89,1,0.96
2,8,8,1,2,0.84,0.236,1,0.95
2,5,5,1,4,0.802,0.123,1,0.95
2,6,6,1,4,0.556,0.092,1,0.94
2,7,5,0,1,0.572,0.569,1,0.94
2,5,5,1,1,0.264,0.063,1,0.93
2,7,5,0,1,0.155,0.097,1,0.92
2,5,5,1,1,0.146,0.14,1,0.91
2,7,7,1,2,1.075,0.111,1,0.91
2,5,5,1,1,0.66,0.085,1,0.92
2,7,5,0,1,0.185,0.089,1,0.93
2,8,5,0,1,0.213,0.068,1,0.94
2,6,6,1,3,0.583,0.338,1,0.95
2,5,6,0,1,1.051,0.16,1,0.96
2,7,7,1,1,0.736,0.26,1,0.97
2,6,6,1,4,0.704,0.433,1,0.96
2,8,5,0,1,0.758,0.125,1,0.95
2,7,7,1,3,0.72,0.601,1,0.94
2,8,6,0,1,1.505,0.561,1,0.94
2,7,7,1,4,0.673,0.427,1,0.93
2,5,5,1,4,0.63,0.131,1,0.93
2,7,7,1,4,0.597,0.119,1,0.94
2,6,6,1,4,0.637,0.108,1,0.95
2,6,6,1,1,0.883,0.207,1,0.96
2,7,5,0,1,0.661,0.102,1,0.95
2,6,6,1,2,0.822,0.356,1,0.94
2,8,6,0,1,0.955,0.293,1,0.94
2,6,6,1,4,0.698,0.16,1,0.93
2,7,7,1,2,0.737,0.702,1,0.93
2,8,7,0,1,0.81,0.124,1,0.94
2,7,7,1,1,1.496,0.06,1,0.95
2,5,5,1,4,0.846,0.624,1,0.96
2,7,5,0,1,0.918,0.102,1,0.95
2,8,5,0,1,0.999,0.147,1,0.94
2,7,7,1,4,0.647,0.559,1,0.93
2,8,8,1,4,0.974,0.369,1,0.93
2,5,5,1,1,0.723,0.15,1,0.94
2,5,5,1,4,0.797,0.193,1,0.95
2,5,5,1,3,0.62,0.436,1,0.96
2,7,5,0,1,1.093,0.12,1,0.97
2,6,5,0,1,0.431,0.098,1,0.96
2,5,5,1,1,0.243,0.091,1,0.95
2,8,5,0,1,0.196,0.052,1,0.95
2,6,6,1,1,0.703,0.062,1,0.96
2,7,7,1,1,0.806,0.046,1,0.97
2,6,5,0,1,8.946,0.051,1,0.96
2,8,7,0,1,0.97,0.062,1,0.96
2,8,8,1,4,0.915,0.589,1,0.97
2,5,5,1,4,0.872,0.172,1,0.98
2,8,5,0,1,0.993,0.084,1,0.94
2,7,7,1,1,1.047,0.086,1,0.94
2,6,6,1,4,0.811,0.148,1,0.95
2,6,6,1,1,0.98,0.128,1,0.96
2,5,5,1,3,0.78,0.368,1,0.97
2,6,6,1,3,0.839,0.156,1,0.98
2,6,5,0,1,0.708,0.13,1,0.97
2,6,5,0,1,0.41,0.069,1,0.96
2,8,5,0,1,0.291,0.043,1,0.95
2,5,5,1,2,0.949,0.358,1,0.95
2,6,6,1,2,0.701,0.061,1,0.96
2,8,8,1,3,0.938,0.343,1,0.97
2,7,7,1,1,0.751,0.203,1,0.96
2,7,5,0,1,0.644,0.095,1,0.95
2,5,5,1,1,0.211,0.079,1,0.95
2,6,5,0,1,0.168,0.092,1,0.94
2,8,5,0,1,0.117,0.085,1,0.94
2,7,5,0,1,0.186,0.106,1,0.95
2,7,7,1,2,0.637,0.227,1,0.94
2,7,7,1,2,0.574,0.041,1,0.93
2,8,8,1,1,0.796,0.266,1,0.92
2,6,8,0,1,1.24,0.215,1,0.92
2,5,8,0,2,0.705,0.26,1,0.93
2,5,5,1,4,0.711,0.21,1,0.94
2,6,6,1,4,0.409,0.09,1,0.95
2,5,5,1,3,0.78,0.254,1,0.94
2,6,5,0,1,0.921,0.122,1,0.94
2,6,6,1,3,0.839,0.415,1,0.95
2,5,5,1,1,1.539,0.065,1,0.94
2,5,5,1,1,3.283,0.227,1,0.93
2,7,5,0,1,0.765,0.118,1,0.92
2,8,5,0,2,0.809,0.077,1,0.92
2,6,5,0,3,0.361,0.106,1,0.93
2,8,8,1,4,1.147,1.743,1,0.94
2,5,5,1,3,1.03,0.62,1,0.95
2,5,5,1,1,1.353,0.089,1,0.94
2,8,8,1,2,0.893,0.281,1,0.94
2,8,7,0,1,1.101,0.129,1,0.95
2,7,5,0,1,2.674,0.14,1,0.94
2,6,5,0,2,1.384,0.124,1,0.94
2,5,5,1,1,0.793,0.113,1,0.95
2,5,5,1,2,0.644,0.085,1,0.94
2,7,7,1,2,0.857,0.411,1,0.93
2,7,7,1,1,0.854,0.347,1,0.93
2,5,7,0,2,1.065,0.433,1,0.94
2,7,5,0,1,0.762,0.081,1,0.93
2,7,7,1,2,0.936,0.135,1,0.93
2,8,8,1,3,0.804,0.531,1,0.94
2,7,7,1,2,0.824,0.108,1,0.95
2,7,5,0,1,0.999,0.145,1,0.96
2,7,7,1,2,0.7,0.355,1,0.97
2,6,5,0,1,0.76,0.121,1,0.96
2,7,7,1,1,0.737,0.028,1,0.95
2,8,8,1,2,0.909,0.07,1,0.95
2,5,5,1,1,0.941,0.132,1,0.94
2,5,5,1,1,1.36,0.256,1,0.94
2,8,5,0,2,0.893,0.133,1,0.95
2,5,5,1,1,0.296,0.038,1,0.96
2,6,5,0,1,0.173,0.088,1,0.97
2,5,5,1,1,0.079,0.045,1,0.96
2,6,5,0,1,0.497,0.135,1,0.95
2,6,6,1,1,0.831,0.021,1,0.95
2,5,5,1,1,0.329,0.093,1,0.94
2,8,5,0,1,0.264,0.079,1,0.94
2,7,5,0,1,0.168,0.086,1,0.95
2,8,8,1,4,0.798,0.345,1,0.96
2,8,8,1,4,0.766,0.166,1,0.95
2,7,7,1,2,0.841,0.298,1,0.95
2,6,5,0,1,0.937,0.089,1,0.96
2,5,5,1,4,0.889,0.108,1,0.97
2,7,7,1,4,0.811,0.155,1,0.98
2,6,5,0,2,0.925,0.167,1,0.97
2,8,8,1,4,0.687,0.645,1,0.97
2,5,5,1,2,11.862,0.499,1,0.96
2,8,8,1,3,6.781,0.427,1,0.96
2,7,5,0,1,1.086,0.101,1,0.95
2,8,5,0,1,0.159,0.031,1,0.95
2,5,5,1,3,0.78,0.221,1,0.96
2,6,5,0,2,0.801,0.174,1,0.95
2,8,8,1,4,0.671,0.321,1,0.95
2,5,5,1,2,0.804,0.221,1,0.94
2,8,8,1,4,0.63,0.44,1,0.94
2,7,8,0,2,0.758,0.347,1,0.95
2,8,8,1,1,0.801,0.309,1,0.94
2,8,8,1,2,0.563,0.62,1,0.94
2,7,5,0,2,1.065,0.386,1,0.95
2,8,8,1,4,0.647,1.134,1,0.94
2,6,8,0,3,0.871,0.309,1,0.94
2,5,5,1,4,2.298,0.122,1,0.95
2,5,5,1,4,0.344,0.077,1,0.96
2,5,8,0,4,0.69,0.145,1,0.97
2,6,6,1,2,0.818,0.29,1,0.96
2,6,6,1,4,0.698,0.532,1,0.96
2,8,8,1,4,0.753,0.121,1,0.95
2,5,5,1,4,0.706,0.093,1,0.94
2,7,8,0,2,0.893,0.19,1,0.94
2,8,8,1,4,0.621,0.343,1,0.95
2,7,8,0,1,0.704,0.416,1,0.96
2,5,8,0,3,0.596,0.604,1,0.95
2,6,6,1,2,0.61,0.19,1,0.95
3,8,8,1,4,0.346,0.125,1,0.89
3,7,7,1,4,0.41,0.131,1,0.89
3,7,7,1,4,0.468,0.12,1,0.9
3,6,6,1,4,0.386,0.14,1,0.91
3,8,8,1,4,0.656,0.125,1,0.92
3,5,5,1,1,1.042,0.126,1,0.93
3,8,5,0,1,0.632,0.098,1,0.94
3,8,8,1,4,0.356,0.372,1,0.95
3,5,8,0,2,0.914,0.486,1,0.96
3,6,8,0,2,1.06,0.101,1,0.95
3,7,7,1,2,0.586,0.423,1,0.95
3,6,6,1,4,0.486,0.19,1,0.96
3,6,5,0,1,1.491,0.248,1,0.95
3,5,5,1,4,0.437,0.068,1,0.95
3,8,8,1,4,0.434,0.128,1,0.96
3,5,8,0,4,1.183,0.187,1,0.95
3,5,7,0,4,0.956,0.121,1,0.94
3,5,5,1,4,0.398,0.097,1,0.93
3,7,7,1,4,0.288,0.09,1,0.93
3,7,7,1,4,0.436,0.088,1,0.94
3,6,5,0,3,0.783,0.453,1,0.95
3,8,7,0,3,0.428,0.305,1,0.94
3,5,5,1,3,0.473,0.356,1,0.93
3,5,5,1,4,0.404,0.905,1,0.92
3,7,7,1,4,0.291,0.091,1,0.92
3,7,5,0,2,0.573,0.696,1,0.93
3,7,7,1,4,0.346,0.113,1,0.94
3,5,5,1,4,0.722,0.258,1,0.95
3,5,7,0,4,0.695,0.339,1,0.94
3,7,7,1,2,0.545,0.435,1,0.94
3,7,7,1,3,0.372,0.622,1,0.95
3,6,7,0,4,1.642,0.309,1,0.96
3,5,5,1,4,0.682,0.334,1,0.95
3,8,7,0,4,0.501,0.261,1,0.95
3,5,5,1,1,0.81,0.167,1,0.94
3,7,7,1,1,0.423,0.103,1,0.94
3,6,5,0,1,0.509,0.182,1,0.95
3,8,5,0,1,0.39,0.422,1,0.94
3,8,8,1,4,1.256,0.446,1,0.94
3,5,5,1,1,0.426,0.282,1,0.93
3,7,7,1,4,0.904,0.179,1,0.92
3,7,5,0,3,0.727,0.42,1,0.92
3,6,6,1,4,0.454,0.203,1,0.93
3,7,7,1,4,0.278,0.158,1,0.94
3,5,5,1,4,1.276,0.092,1,0.95
3,7,5,0,1,0.993,0.141,1,0.94
3,5,7,0,1,0.579,0.385,1,0.94
3,7,7,1,4,0.225,0.314,1,0.93
3,6,5,0,4,1.016,0.262,1,0.93
3,6,7,0,4,0.484,0.415,1,0.94
3,5,5,1,4,0.31,0.108,1,0.95
3,5,5,1,4,0.256,0.051,1,0.94
3,7,7,1,4,0.244,0.104,1,0.93
3,5,5,1,4,0.259,0.073,1,0.93
3,8,5,0,2,1.0,0.359,1,0.92
3,6,6,1,4,0.797,0.095,1,0.91
3,6,6,1,4,0.343,0.084,1,0.91
3,6,6,1,4,0.388,0.052,1,0.92
3,8,5,0,1,1.16,0.098,1,0.93
3,6,6,1,4,1.555,0.686,1,0.94
3,8,7,0,3,1.029,0.616,1,0.95
3,5,5,1,1,0.618,0.459,1,0.94
3,6,6,1,4,0.47,0.26,1,0.94
3,7,7,1,4,0.334,0.296,1,0.95
3,5,5,1,3,0.41,0.239,1,0.94
3,8,5,0,1,0.916,0.064,1,0.93
3,5,7,0,2,0.575,0.39,1,0.93
3,6,5,0,4,0.626,0.421,1,0.94
3,5,5,1,4,0.359,0.144,1,0.93
3,5,5,1,1,0.436,0.399,1,0.93
3,5,5,1,4,1.168,0.066,1,0.94
3,8,6,0,2,1.294,0.42,1,0.95
3,6,6,1,4,0.376,0.125,1,0.96
3,6,7,0,4,2.723,0.92,1,0.97
3,6,6,1,1,1.253,0.414,1,0.96
3,6,6,1,4,0.313,0.111,1,0.96
3,8,6,0,4,0.46,0.102,1,0.95
3,8,7,0,2,5.536,0.172,1,0.94
3,5,5,1,4,0.592,0.114,1,0.94
3,7,7,1,4,0.781,0.17,1,0.95
3,7,7,1,4,0.89,0.135,1,0.94
3,7,5,0,4,0.593,1.191,1,0.94
3,5,5,1,4,0.346,0.076,1,0.93
3,8,8,1,4,0.482,0.124,1,0.93
3,5,6,0,3,1.294,0.626,1,0.94
3,8,8,1,4,0.434,0.13,1,0.95
3,6,6,1,4,0.624,0.304,1,0.96
3,7,7,1,3,1.153,0.715,1,0.95
3,6,5,0,4,0.862,0.179,1,0.94
3,6,6,1,4,0.405,0.126,1,0.94
3,7,5,0,3,0.893,0.602,1,0.93
3,8,8,1,4,0.346,0.14,1,0.93
3,6,6,1,4,0.716,0.167,1,0.94
3,6,6,1,4,0.45,0.567,1,0.95
3,5,8,0,2,1.344,0.457,1,0.96
3,5,5,1,4,0.682,0.09,1,0.95
3,8,6,0,4,1.288,0.099,1,0.95
3,8,8,1,4,1.046,0.977,1,0.96
3,8,8,1,4,0.708,0.532,1,0.95
3,7,8,0,4,0.299,0.14,1,0.95
3,8,8,1,4,0.436,0.405,1,0.96
3,7,7,1,4,0.391,0.181,1,0.97
3,8,6,0,4,0.55,0.124,1,0.96
3,7,7,1,4,0.304,0.116,1,0.96
3,6,6,1,4,1.033,0.151,1,0.97
3,6,5,0,4,2.318,0.136,1,0.98
3,7,7,1,4,0.332,0.122,1,0.99
3,6,6,1,4,0.512,0.103,1,0.99
3,5,5,1,4,0.473,0.132,1,0.99
3,6,8,0,4,0.444,0.22,1,0.99
3,7,7,1,4,0.292,0.132,1,0.99
3,6,6,1,4,0.307,0.119,1,0.98
3,5,5,1,4,0.976,0.131,1,0.97
3,7,7,1,4,1.077,0.178,1,0.97
3,8,5,0,1,0.642,0.605,1,0.98
3,5,5,1,1,0.716,0.133,1,0.99
3,5,5,1,4,0.576,0.142,1,0.98
3,7,6,0,2,0.843,0.485,1,0.98
3,8,8,1,2,0.927,0.797,1,0.97
3,5,6,0,4,0.639,0.748,1,0.96
3,5,5,1,1,1.417,0.738,1,0.96
3,6,6,1,1,0.494,0.394,1,0.97
3,8,5,0,4,0.522,0.609,1,0.98
3,8,8,1,2,0.921,0.507,1,0.99
3,8,6,0,4,3.365,0.396,1,0.99
3,5,6,0,4,0.461,0.132,1,0.99
3,8,5,0,4,0.555,0.144,1,0.99
3,5,8,0,4,0.351,0.124,1,0.99
3,8,8,1,4,0.257,0.098,1,0.98
3,8,8,1,4,0.173,0.345,1,0.98
3,7,7,1,4,0.261,0.093,1,0.99
3,8,5,0,2,1.929,0.852,1,0.98
3,7,7,1,4,0.354,0.272,1,0.98
3,7,7,1,4,0.457,0.088,1,0.99
3,8,8,1,4,0.356,0.169,1,0.98
3,7,7,1,4,0.69,0.168,1,0.97
3,8,8,1,4,0.504,0.148,1,0.97
3,5,8,0,4,0.753,5.817,1,0.96
3,5,5,1,1,1.152,1.321,1,0.96
3,8,8,1,4,0.328,0.304,1,0.97
3,7,5,0,1,1.103,0.116,1,0.98
3,7,5,0,1,0.682,0.139,1,0.99
3,6,5,0,4,0.421,0.264,1,0.99
3,6,6,1,4,0.484,0.112,1,0.99
3,6,6,1,4,0.375,0.213,1,0.99
3,6,6,1,4,0.27,0.131,1,0.99
3,7,5,0,1,0.683,0.138,1,0.99
3,7,7,1,4,0.757,0.526,1,0.98
3,7,7,1,4,0.9,0.161,1,0.98
3,5,5,1,4,3.065,0.099,1,0.99
3,6,6,1,4,0.561,0.192,1,0.98
3,6,6,1,4,1.335,0.152,1,0.97
3,6,7,0,1,0.935,1.065,1,0.97
3,8,5,0,1,1.086,0.437,1,0.96
3,6,6,1,4,0.65,0.068,1,0.96
3,7,7,1,4,0.688,0.379,1,0.95
3,6,6,1,4,0.617,0.123,1,0.95
3,8,7,0,2,0.878,0.495,1,0.96
3,7,7,1,2,0.645,0.283,1,0.97
3,6,7,0,1,0.862,0.369,1,0.98
3,5,5,1,1,0.707,0.25,1,0.97
3,7,7,1,4,0.481,0.264,1,0.96
3,5,5,1,4,0.462,0.147,1,0.96
3,6,7,0,4,0.503,0.121,1,0.97
3,5,7,0,4,0.351,0.081,1,0.96
3,6,5,0,2,0.502,0.412,1,0.96
3,8,7,0,4,0.328,0.102,1,0.97
3,5,5,1,4,0.301,0.073,1,0.96
3,8,5,0,4,0.207,0.048,1,0.96
3,7,7,1,4,0.621,0.088,1,0.97
3,6,6,1,4,0.513,0.084,1,0.98
3,5,5,1,4,0.293,0.044,1,0.99
3,6,6,1,4,0.544,0.063,1,0.99
3,6,6,1,4,0.418,0.059,1,0.98
3,8,5,0,1,0.643,0.314,1,0.98
3,8,5,0,4,0.441,0.059,1,0.99
3,5,6,0,4,1.001,0.176,1,0.99
3,5,5,1,4,1.25,0.05,1,0.98
3,6,6,1,4,0.336,0.127,1,0.98
3,8,5,0,4,0.466,0.068,1,0.99
3,7,7,1,4,1.202,0.169,1,0.99
3,8,5,0,4,0.743,0.111,1,0.98
3,8,8,1,4,0.45,0.112,1,0.98
3,5,5,1,4,0.287,0.069,1,0.97
3,5,5,1,4,0.206,0.065,1,0.96
3,8,5,0,4,0.362,0.062,1,0.95
3,7,8,0,4,0.31,0.148,1,0.95
3,8,8,1,4,0.2,0.128,1,0.96
3,6,5,0,4,0.304,0.026,1,0.97
3,5,5,1,4,0.208,0.056,1,0.98
3,7,7,1,4,1.485,0.216,1,0.99
3,5,5,1,4,0.526,0.085,1,0.98
3,8,6,0,4,0.315,0.084,1,0.97
3,7,8,0,4,0.445,0.126,1,0.97
3,8,8,1,4,0.206,0.116,1,0.98
3,7,7,1,4,0.393,0.124,1,0.99
3,7,7,1,4,0.267,0.096,1,0.98
3,6,6,1,1,0.826,0.462,1,0.97
3,6,6,1,4,1.567,0.079,1,0.97
3,7,7,1,4,0.592,0.147,1,0.98
3,5,7,0,4,0.575,0.215,1,0.95
3,6,8,0,2,0.619,0.266,1,0.95
3,5,7,0,2,0.497,0.291,1,0.96
3,7,7,1,3,0.32,0.176,1,0.95
3,8,7,0,4,0.454,0.408,1,0.95
3,7,7,1,4,0.246,0.084,1,0.96
3,8,8,1,4,0.29,0.068,1,0.95
3,5,6,0,2,0.737,0.442,1,0.95
3,6,6,1,3,0.333,0.044,1,0.96
3,7,7,1,4,0.359,0.096,1,0.97
3,5,7,0,4,0.525,0.108,1,0.96
3,5,5,1,4,0.369,0.078,1,0.96
3,7,7,1,4,0.285,0.063,1,0.97
3,8,8,1,4,0.257,0.108,1,0.98
3,7,7,1,4,0.34,0.141,1,0.99
3,7,7,1,2,0.504,0.368,1,0.98
3,5,7,0,2,0.435,0.204,1,0.98
3,7,7,1,1,0.439,0.215,1,0.99
3,8,7,0,1,0.456,0.264,1,0.98
3,8,8,1,2,0.411,0.65,1,0.98
3,6,7,0,2,1.361,0.191,1,0.97
3,8,8,1,4,0.681,0.837,1,0.97
3,6,5,0,1,0.938,0.105,1,0.98
3,7,7,1,4,0.677,0.277,1,0.97
3,7,7,1,4,0.289,0.028,1,0.97
3,5,7,0,1,0.806,0.238,1,0.96
3,6,7,0,1,0.371,0.144,1,0.95
3,5,5,1,4,0.591,0.277,1,0.94
3,8,8,1,4,0.358,0.086,1,0.93
3,6,6,1,4,1.096,0.285,1,0.93
3,8,8,1,4,0.328,0.081,1,0.94
3,8,7,0,2,0.429,0.372,1,0.95
3,8,8,1,4,0.266,0.07,1,0.94
3,8,8,1,4,0.336,0.089,1,0.94
3,8,5,0,1,0.874,0.17,1,0.95
3,7,7,1,4,0.502,0.05,1,0.96
3,5,5,1,4,0.954,0.226,1,0.97
3,7,8,0,1,0.504,0.114,1,0.98
3,6,8,0,1,0.416,0.204,1,0.97
3,8,8,1,1,0.289,0.108,1,0.97
3,7,7,1,4,0.49,0.657,1,0.98
3,7,7,1,4,0.289,0.096,1,0.97
3,5,7,0,4,0.255,0.075,1,0.96
3,8,7,0,2,0.436,0.138,1,0.95
3,7,7,1,2,0.299,0.051,1,0.95
3,7,7,1,1,0.216,0.022,1,0.96
3,6,5,0,4,0.439,0.292,1,0.97
3,7,7,1,4,0.296,0.062,1,0.96
3,7,7,1,4,0.281,0.045,1,0.96
3,6,8,0,4,0.352,0.093,1,0.97
3,7,7,1,4,0.355,0.088,1,0.98
3,8,8,1,4,0.361,0.109,1,0.99
3,8,8,1,4,0.195,0.055,1,0.99
3,8,7,0,2,0.489,0.391,1,0.98
3,5,8,0,4,0.438,0.068,1,0.97
3,5,6,0,4,0.529,0.113,1,0.97
3,5,5,1,4,0.358,0.069,1,0.98
3,5,5,1,4,0.237,0.102,1,0.99
3,8,7,0,4,0.344,0.06,1,0.98
3,6,6,1,4,0.523,0.099,1,0.98
3,8,7,0,4,0.48,0.114,1,0.97
3,6,6,1,4,0.326,0.057,1,0.97
3,5,5,1,4,0.283,0.065,1,0.98
3,6,6,1,4,0.27,0.035,1,0.99
3,8,5,0,4,1.275,0.469,1,0.98
3,7,5,0,1,1.75,0.169,1,0.97
3,6,6,1,4,0.285,0.085,1,0.96
3,6,6,1,4,0.217,0.056,1,0.95
3,7,7,1,4,0.32,0.125,1,0.95
3,6,6,1,4,0.351,0.093,1,0.94
3,5,5,1,4,0.423,0.086,1,0.94
3,5,8,0,4,0.282,0.107,1,0.95
3,8,6,0,4,0.637,0.081,1,0.96
3,7,5,0,2,0.449,0.192,1,0.97
3,5,5,1,4,0.256,0.094,1,0.98
3,5,5,1,4,0.422,0.081,1,0.97
3,5,6,0,4,0.249,0.059,1,0.96
3,6,6,1,4,0.25,0.045,1,0.95
3,5,6,0,1,0.296,0.456,1,0.95
3,6,6,1,4,0.256,0.074,1,0.96
3,6,6,1,4,0.293,0.034,1,0.95
3,7,7,1,4,0.265,0.081,1,0.95
3,7,7,1,4,0.31,0.055,1,0.94
3,8,6,0,1,0.671,0.416,1,0.94
3,7,7,1,4,0.452,0.096,1,0.95
3,8,8,1,4,0.621,0.101,1,0.96
3,8,7,0,1,0.75,0.12,1,0.95
3,6,6,1,4,0.473,0.142,1,0.94
3,6,6,1,4,0.345,0.078,1,0.94
3,5,5,1,1,0.566,0.073,1,0.93
3,7,7,1,4,0.528,0.067,1,0.93
3,5,8,0,1,0.645,0.16,1,0.94
3,5,5,1,1,0.74,0.076,1,0.95
3,7,8,0,2,0.681,0.309,1,0.94
3,6,6,1,4,0.391,0.102,1,0.93
3,7,7,1,4,0.396,0.278,1,0.93
3,6,8,0,1,0.466,0.143,1,0.94
3,8,8,1,4,0.422,0.087,1,0.95
3,5,5,1,4,0.561,0.253,1,0.96
3,8,5,0,1,1.403,0.064,1,0.97
3,8,7,0,4,5.347,0.894,1,0.94
3,5,5,1,4,4.568,0.039,1,0.93
3,6,6,1,4,0.366,0.038,1,0.92
3,6,6,1,4,0.443,0.036,1,0.92
3,7,7,1,4,0.448,0.026,1,0.93
3,5,5,1,4,0.427,0.052,1,0.94
3,8,6,0,1,1.104,0.586,1,0.95
3,5,5,1,4,1.059,0.119,1,0.94
3,8,6,0,2,0.438,0.369,1,0.94
3,6,6,1,4,0.588,0.333,1,0.95
3,7,5,0,4,0.451,0.244,1,0.94
3,7,7,1,4,0.396,0.102,1,0.93
3,8,8,1,4,0.636,0.403,1,0.93
3,7,7,1,4,0.401,0.119,1,0.94
3,8,6,0,2,0.718,0.227,1,0.95
3,7,7,1,4,0.348,0.053,1,0.96
3,8,7,0,1,0.399,0.514,1,0.97
3,8,8,1,4,0.418,0.069,1,0.96
3,5,8,0,4,0.413,0.055,1,0.96
3,6,6,1,4,0.583,0.108,1,0.97
3,7,7,1,4,0.452,0.125,1,0.98
3,6,6,1,4,0.542,0.074,1,0.97
3,7,5,0,1,0.529,0.034,1,0.96
3,7,7,1,1,0.33,0.04,1,0.96
3,5,5,1,2,0.736,0.272,1,0.97
3,7,7,1,4,0.364,0.069,1,0.98
3,5,5,1,1,0.628,0.057,1,0.97
3,6,5,0,1,0.709,0.129,1,0.97
3,7,7,1,4,0.459,0.096,1,0.96
3,5,5,1,1,0.428,0.104,1,0.95
3,7,5,0,1,0.614,0.476,1,0.95
3,6,8,0,2,0.658,0.263,1,0.96
3,8,7,0,3,0.376,0.396,1,0.97
3,6,7,0,3,0.362,0.092,1,0.96
3,8,8,1,4,0.485,0.134,1,0.96
3,5,5,1,1,0.617,0.496,1,0.97
3,5,5,1,4,0.438,0.141,1,0.98
3,5,5,1,2,0.557,0.079,1,0.97
3,5,5,1,1,0.339,0.089,1,0.96
3,6,5,0,1,0.465,0.197,1,0.95
3,8,5,0,1,0.586,0.108,1,0.94
3,8,5,0,1,0.396,0.137,1,0.94
3,7,5,0,1,0.466,0.062,1,0.95
3,6,6,1,1,0.422,0.062,1,0.96
3,8,8,1,4,0.537,0.175,1,0.95
3,6,6,1,4,0.332,0.102,1,0.94
3,8,6,0,2,0.439,0.331,1,0.94
3,6,6,1,4,0.291,0.099,1,0.93
3,6,6,1,4,0.254,0.089,1,0.93
3,5,8,0,1,0.811,0.529,1,0.94
3,8,8,1,4,0.369,0.079,1,0.95
3,7,7,1,4,0.62,0.176,1,0.94
3,7,6,0,2,2.101,0.232,1,0.94
3,5,8,0,4,0.414,0.014,1,0.95
3,7,7,1,4,0.35,0.103,1,0.94
3,8,6,0,4,0.856,0.13,1,0.93
3,5,5,1,4,0.27,0.049,1,0.93
3,6,6,1,4,0.391,0.06,1,0.92
3,6,6,1,4,0.292,0.034,1,0.92
3,6,6,1,4,0.273,0.082,1,0.91
3,6,8,0,4,0.555,0.167,1,0.91
3,6,6,1,4,0.548,0.084,1,0.92
3,8,8,1,4,0.302,0.069,1,0.93
3,7,5,0,4,0.743,0.095,1,0.92
3,6,6,1,4,0.613,0.107,1,0.91
3,8,8,1,4,0.371,0.152,1,0.91
3,6,6,1,4,0.351,0.07,1,0.92
3,6,6,1,4,0.461,0.08,1,0.93
3,5,8,0,1,0.447,0.186,1,0.94
3,5,8,0,1,0.416,0.094,1,0.95
3,5,5,1,1,0.507,0.126,1,0.94
3,5,8,0,4,0.799,0.062,1,0.93
3,7,7,1,4,0.435,0.112,1,0.93
3,6,6,1,4,0.345,0.069,1,0.92
3,7,8,0,4,0.456,0.093,1,0.92
3,7,7,1,4,0.364,0.171,1,0.93
3,6,6,1,4,0.408,0.126,1,0.94
3,6,6,1,2,0.356,0.262,1,0.93
3,5,5,1,1,0.598,0.13,1,0.93
3,8,5,0,1,0.373,0.053,1,0.94
3,7,5,0,1,0.555,0.063,1,0.95
3,7,5,0,1,0.317,0.148,1,0.96
3,6,6,1,4,0.452,0.424,1,0.95
3,7,7,1,4,0.436,0.085,1,0.94
3,7,5,0,1,0.436,0.067,1,0.93
3,8,8,1,4,0.336,0.082,1,0.93
3,6,6,1,4,0.391,0.088,1,0.94
3,5,8,0,4,0.48,0.328,1,0.95
3,5,5,1,4,0.292,0.078,1,0.94
3,8,8,1,4,0.378,0.09,1,0.93
3,5,5,1,1,0.564,0.113,1,0.93
3,8,5,0,1,0.376,0.078,1,0.94
3,6,6,1,2,0.633,0.212,1,0.95
3,8,8,1,4,0.358,0.092,1,0.94
3,5,5,1,4,0.396,0.074,1,0.94
3,5,8,0,4,0.328,0.068,1,0.93
3,6,6,1,4,0.395,0.153,1,0.92
3,5,7,0,4,0.478,0.39,1,0.91
3,6,5,0,1,0.604,0.119,1,0.91
3,5,5,1,4,0.355,0.102,1,0.92
4,8,8,1,2,0.8,0.227,1,0.94
4,8,8,1,2,0.427,0.261,1,0.95
4,5,7,0,2,1.355,0.204,1,0.94
4,8,8,1,3,0.367,0.388,1,0.93
4,8,8,1,4,0.385,0.261,1,0.93
4,7,7,1,2,0.693,0.265,1,0.94
4,7,8,0,1,0.748,0.599,1,0.95
4,6,8,0,1,0.54,0.258,1,0.96
4,6,6,1,1,0.941,0.188,1,0.95
4,5,5,1,3,0.983,0.35,1,0.95
4,8,8,1,3,0.849,0.182,1,0.96
4,7,7,1,2,0.818,0.331,1,0.97
4,6,6,1,3,1.259,0.083,1,0.96
4,8,6,0,1,2.318,0.145,1,0.95
4,6,5,0,1,1.331,0.123,1,0.94
4,6,8,0,1,1.079,0.235,1,0.93
4,5,5,1,3,0.92,0.809,1,0.93
4,6,6,1,3,0.744,0.289,1,0.94
4,5,5,1,2,1.105,0.259,1,0.95
4,7,5,0,1,0.81,0.158,1,0.96
4,5,5,1,1,0.798,0.176,1,0.95
4,8,8,1,2,0.866,0.135,1,0.95
4,6,6,1,2,0.7,0.47,1,0.96
4,8,5,0,1,3.855,0.396,1,0.97
4,8,8,1,1,1.465,0.486,1,0.98
4,5,5,1,1,2.625,0.378,1,0.97
4,8,6,0,1,1.056,0.166,1,0.96
4,8,8,1,1,1.041,0.17,1,0.96
4,7,6,0,1,1.333,0.076,1,0.97
4,7,7,1,1,0.893,0.132,1,0.96
4,5,5,1,1,0.851,0.133,1,0.95
4,7,5,0,1,0.532,0.183,1,0.95
4,7,7,1,1,0.801,0.149,1,0.96
4,8,6,0,1,2.157,0.122,1,0.95
4,6,6,1,2,0.91,0.136,1,0.95
4,5,5,1,3,0.943,0.249,1,0.94
4,5,5,1,2,1.46,0.171,1,0.94
4,5,5,1,1,1.312,0.145,1,0.93
4,5,5,1,1,0.522,0.272,1,0.93
4,7,6,0,2,1.09,0.137,1,0.94
4,8,5,0,1,0.806,0.182,1,0.95
4,8,5,0,1,0.318,0.126,1,0.96
4,6,5,0,1,0.289,0.12,1,0.95
4,8,8,1,1,1.216,0.09,1,0.94
4,5,5,1,1,1.607,0.172,1,0.94
4,8,8,1,1,0.776,0.172,1,0.95
4,6,8,0,1,1.23,0.156,1,0.96
4,8,8,1,2,1.114,0.113,1,0.97
4,8,8,1,2,0.599,0.172,1,0.96
4,6,7,0,1,0.887,0.281,1,0.96
4,6,7,0,1,0.49,0.245,1,0.95
4,6,6,1,1,0.833,0.168,1,0.95
4,7,7,1,2,0.71,0.167,1,0.96
4,7,7,1,1,0.746,0.197,1,0.97
4,5,8,0,1,1.536,0.086,1,0.96
4,5,8,0,1,0.656,0.209,1,0.95
4,8,8,1,2,0.43,0.534,1,0.94
4,8,8,1,4,0.477,0.447,1,0.94
4,5,7,0,1,1.283,0.175,1,0.95
4,6,6,1,2,0.689,0.153,1,0.96
4,7,7,1,2,1.088,0.201,1,0.97
4,6,6,1,2,0.691,0.117,1,0.96
4,6,8,0,1,1.309,0.11,1,0.96
4,5,5,1,2,1.012,0.405,1,0.95
4,8,8,1,2,0.843,0.183,1,0.95
4,5,7,0,1,1.511,0.306,1,0.96
4,8,5,0,1,1.361,0.14,1,0.97
4,5,5,1,3,0.505,0.841,1,0.96
4,7,7,1,3,0.632,0.85,1,0.95
4,6,6,1,3,0.699,0.212,1,0.94
4,7,7,1,2,0.785,0.267,1,0.94
4,8,6,0,1,0.754,0.227,1,0.95
4,6,6,1,1,0.731,0.169,1,0.96
4,5,5,1,1,1.313,0.162,1,0.95
4,7,7,1,1,0.88,0.184,1,0.95
4,8,8,1,1,1.888,0.171,1,0.96
4,6,6,1,1,1.118,0.766,1,0.95
4,6,7,0,1,1.044,0.33,1,0.94
4,5,8,0,1,1.799,0.116,1,0.93
4,6,6,1,1,0.943,0.187,1,0.93
4,8,7,0,1,0.808,0.146,1,0.94
4,7,7,1,3,0.904,0.137,1,0.95
4,7,7,1,1,0.716,0.211,1,0.94
4,5,7,0,1,0.626,0.215,1,0.93
4,5,5,1,3,0.814,0.197,1,0.93
4,5,7,0,1,0.87,0.169,1,0.94
4,7,7,1,1,0.811,0.299,1,0.95
4,8,8,1,2,2.429,0.565,1,0.96
4,7,7,1,2,0.815,0.38,1,0.97
4,5,5,1,2,0.584,0.658,1,0.96
4,6,7,0,1,0.762,0.199,1,0.96
4,8,7,0,1,0.792,0.2,1,0.95
4,5,5,1,1,1.009,0.237,1,0.95
4,8,7,0,1,0.667,0.143,1,0.94
4,5,5,1,3,0.561,0.487,1,0.93
4,8,7,0,1,0.823,0.134,1,0.93
4,5,5,1,1,1.113,0.674,1,0.94
4,6,6,1,2,0.722,0.71,1,0.93
4,6,6,1,2,0.793,0.172,1,0.93
4,7,7,1,1,0.735,0.249,1,0.94
4,7,5,0,1,1.563,0.581,1,0.94
4,6,5,0,1,0.756,0.302,1,0.95
4,7,7,1,1,0.628,0.248,1,0.96
4,5,7,0,1,1.82,0.217,1,0.97
4,8,8,1,4,0.479,0.303,1,0.98
4,7,7,1,4,0.679,0.351,1,0.97
4,5,8,0,2,1.792,0.446,1,0.97
4,5,5,1,3,0.896,0.498,1,0.98
4,6,6,1,3,0.79,0.18,1,0.99
4,6,8,0,1,1.636,0.297,1,0.99
4,6,6,1,2,0.699,0.411,1,0.98
4,5,5,1,4,0.693,0.356,1,0.97
4,7,7,1,4,0.732,0.402,1,0.97
4,5,6,0,1,1.133,0.273,1,0.98
4,7,7,1,2,0.861,0.267,1,0.99
4,7,7,1,2,0.428,0.731,1,0.99
4,6,6,1,2,0.656,0.263,1,0.98
4,5,5,1,1,1.097,0.167,1,0.98
4,5,6,0,1,1.548,0.218,1,0.97
4,5,5,1,1,1.703,0.196,1,0.96
4,6,5,0,1,1.509,0.251,1,0.96
4,8,5,0,1,0.8,0.197,1,0.97
4,7,7,1,2,0.792,0.1,1,0.96
4,6,6,1,2,0.799,0.194,1,0.96
4,5,5,1,1,0.811,0.234,1,0.97
4,7,7,1,2,0.678,0.314,1,0.98
4,7,7,1,1,0.723,0.283,1,0.99
4,8,6,0,1,1.443,0.178,1,0.98
4,7,7,1,1,1.228,0.196,1,0.98
4,8,6,0,1,0.948,0.15,1,0.99
4,6,6,1,1,0.851,0.103,1,0.98
4,5,5,1,1,1.14,0.301,1,0.97
4,7,5,0,1,0.845,0.131,1,0.97
4,7,5,0,1,0.617,0.182,1,0.98
4,5,5,1,1,0.444,0.265,1,0.99
4,8,8,1,1,0.909,0.414,1,0.98
4,6,5,0,1,0.713,0.19,1,0.98
4,7,7,1,3,0.695,0.372,1,0.99
4,7,7,1,1,0.631,0.297,1,0.98
4,7,7,1,1,0.478,0.244,1,0.98
4,8,5,0,1,0.92,0.357,1,0.99
4,6,5,0,1,0.338,0.262,1,0.98
4,8,5,0,1,0.452,0.274,1,0.98
4,6,6,1,1,0.735,0.202,1,0.99
4,8,8,1,1,0.713,0.413,1,0.99
4,7,8,0,1,1.377,0.202,1,0.98
4,7,7,1,2,0.649,0.189,1,0.98
4,6,6,1,3,0.991,0.703,1,0.97
4,7,7,1,1,1.253,0.269,1,0.97
4,6,5,0,1,1.16,0.158,1,0.98
4,8,6,0,1,0.881,0.202,1,0.99
4,7,7,1,3,0.961,0.559,1,0.99
4,7,7,1,3,0.744,0.172,1,0.98
4,5,6,0,1,0.99,0.161,1,0.97
4,8,8,1,3,0.741,0.492,1,0.96
4,6,6,1,4,0.789,0.301,1,0.96
4,5,5,1,3,0.661,0.387,1,0.97
4,8,5,0,2,0.728,0.27,1,0.98
4,6,6,1,1,1.199,0.452,1,0.97
4,7,7,1,1,2.307,0.451,1,0.97
4,5,5,1,1,0.965,0.271,1,0.98
4,6,6,1,1,0.921,0.202,1,0.97
4,5,5,1,1,0.684,0.124,1,0.96
4,8,6,0,1,1.058,0.121,1,0.95
4,8,6,0,1,0.932,0.192,1,0.95
4,6,6,1,1,0.674,0.183,1,0.96
4,8,8,1,1,1.206,0.213,1,0.97
4,8,7,0,1,0.88,0.129,1,0.98
4,5,6,0,1,0.894,0.232,1,0.99
4,7,7,1,1,0.897,0.219,1,0.99
4,8,8,1,2,0.991,0.414,1,0.98
4,5,5,1,1,0.829,0.206,1,0.97
4,6,5,0,1,0.47,0.209,1,0.96
4,6,6,1,1,0.777,0.14,1,0.96
4,8,8,1,1,0.917,0.137,1,0.95
4,6,7,0,1,0.703,0.104,1,0.95
4,8,5,0,1,0.796,0.177,1,0.94
4,7,7,1,2,0.667,0.897,1,0.94
4,5,5,1,1,0.815,0.299,1,0.95
4,6,5,0,1,0.427,0.205,1,0.96
4,6,6,1,1,0.882,0.169,1,0.97
4,5,5,1,1,0.531,0.182,1,0.98
4,5,5,1,1,0.413,0.195,1,0.99
4,5,5,1,1,0.389,0.149,1,0.99
4,7,7,1,2,0.724,0.312,1,0.99
4,7,5,0,1,0.523,0.189,1,0.98
4,7,5,0,1,0.534,0.158,1,0.97
4,6,5,0,1,0.653,0.2,1,0.97
4,8,5,0,1,0.766,0.191,1,0.96
4,6,6,1,2,1.005,0.766,1,0.96
4,5,5,1,2,0.672,0.43,1,0.97
4,5,6,0,1,0.954,0.119,1,0.98
4,8,8,1,3,0.899,0.392,1,0.97
4,7,7,1,4,0.685,0.267,1,0.96
4,6,6,1,2,0.754,0.234,1,0.95
4,7,7,1,2,0.748,0.231,1,0.95
4,8,8,1,1,0.704,0.24,1,0.96
4,6,8,0,1,0.662,0.206,1,0.97
4,7,8,0,1,0.683,0.227,1,0.98
4,7,7,1,1,0.75,0.112,1,0.97
4,8,8,1,3,0.334,0.366,1,0.97
4,7,7,1,3,0.379,0.161,1,0.96
4,5,5,1,3,0.52,0.261,1,0.95
4,8,8,1,2,0.563,0.686,1,0.95
4,8,8,1,1,0.897,0.107,1,0.94
4,5,8,0,1,0.243,0.047,1,0.94
4,8,7,0,1,0.334,0.111,1,0.95
4,8,8,1,1,0.28,0.147,1,0.94
4,6,8,0,1,1.251,0.298,1,0.94
4,5,8,0,1,0.989,0.128,1,0.95
4,7,7,1,3,0.829,0.06,1,0.94
4,5,5,1,3,1.412,0.615,1,0.94
4,7,7,1,3,0.892,0.739,1,0.95
4,7,7,1,2,0.574,0.15,1,0.96
4,8,7,0,2,0.437,0.117,1,0.95
4,5,8,0,1,0.412,0.112,1,0.95
4,5,5,1,2,1.726,0.164,1,0.96
4,6,6,1,1,1.043,0.138,1,0.97
4,7,7,1,1,1.255,0.102,1,0.98
4,5,7,0,1,0.494,0.148,1,0.97
4,8,7,0,1,0.603,0.094,1,0.97
4,8,8,1,1,0.457,0.122,1,0.96
4,6,6,1,1,0.793,0.114,1,0.95
4,6,8,0,2,0.498,0.064,1,0.95
4,8,7,0,2,0.209,0.414,1,0.96
4,6,6,1,2,0.647,0.489,1,0.97
4,7,7,1,4,0.565,1.081,1,0.98
4,6,6,1,2,0.862,0.069,1,0.99
4,6,6,1,1,0.522,0.137,1,0.98
4,7,6,0,1,0.423,0.119,1,0.98
4,6,6,1,2,0.587,0.065,1,0.97
4,8,7,0,1,0.793,0.066,1,0.97
4,7,7,1,2,0.374,0.378,1,0.98
4,8,8,1,1,0.398,0.113,1,0.97
4,6,6,1,2,1.055,0.251,1,0.96
4,8,8,1,1,0.666,0.106,1,0.96
4,6,6,1,1,0.699,0.084,1,0.97
4,6,6,1,1,0.354,0.105,1,0.96
4,5,7,0,1,0.756,0.105,1,0.96
4,8,6,0,1,0.583,0.062,1,0.97
4,6,6,1,1,0.671,0.119,1,0.98
4,7,8,0,1,0.884,0.09,1,0.97
4,5,5,1,1,0.856,0.084,1,0.96
4,7,5,0,1,1.163,0.441,1,0.95
4,7,7,1,3,0.916,0.283,1,0.95
4,7,7,1,3,0.595,0.213,1,0.96
4,5,5,1,1,0.662,0.527,1,0.95
4,5,8,0,1,0.649,0.153,1,0.95
4,8,8,1,1,1.655,0.145,1,0.96
4,5,8,0,1,0.618,0.127,1,0.97
4,5,5,1,3,0.441,0.517,1,0.96
4,8,8,1,3,0.687,0.224,1,0.95
4,5,5,1,1,0.513,0.16,1,0.95
4,7,7,1,1,0.736,0.14,1,0.96
4,5,5,1,1,0.453,0.115,1,0.95
4,5,5,1,1,0.376,0.073,1,0.95
4,7,8,0,1,1.001,0.079,1,0.96
4,5,5,1,1,0.601,0.095,1,0.97
4,7,5,0,1,0.503,0.083,1,0.96
4,7,7,1,1,0.912,0.101,1,0.96
4,5,5,1,1,0.466,0.077,1,0.97
4,6,5,0,1,0.353,0.076,1,0.98
4,7,7,1,1,0.414,0.127,1,0.99
4,8,7,0,1,0.589,0.105,1,0.99
4,7,7,1,1,0.262,0.105,1,0.98
4,6,6,1,1,1.115,0.036,1,0.97
4,5,5,1,1,0.341,0.081,1,0.97
4,8,5,0,1,0.546,0.059,1,0.98
4,8,5,0,1,0.505,0.091,1,0.97
4,6,7,0,1,0.664,1.13,1,0.96
4,7,6,0,1,0.455,0.786,1,0.96
4,5,5,1,1,0.494,0.118,1,0.97
4,7,7,1,4,0.631,0.713,1,0.98
4,5,8,0,1,1.28,0.073,1,0.97
4,6,6,1,3,0.882,0.075,1,0.97
4,5,6,0,1,0.578,0.371,1,0.98
4,6,6,1,3,0.53,0.131,1,0.97
4,7,7,1,4,0.65,0.116,1,0.96
4,5,5,1,4,0.835,0.205,1,0.96
4,8,8,1,3,1.051,0.083,1,0.97
4,7,7,1,1,1.146,0.093,1,0.96
4,7,7,1,1,0.386,0.09,1,0.96
4,5,7,0,1,0.413,0.062,1,0.97
4,8,8,1,1,1.081,0.087,1,0.98
4,6,8,0,1,0.917,0.052,1,0.99
4,6,8,0,1,0.438,0.048,1,0.99
4,5,5,1,4,0.683,0.24,1,0.98
4,8,8,1,2,1.036,0.064,1,0.97
4,6,7,0,1,0.939,0.07,1,0.96
4,5,5,1,2,0.694,0.207,1,0.95
4,5,5,1,2,0.595,0.154,1,0.95
4,6,7,0,1,1.045,0.091,1,0.96
4,8,8,1,1,1.128,0.103,1,0.95
4,7,5,0,1,1.605,0.076,1,0.95
4,6,6,1,3,1.265,0.257,1,0.96
4,6,6,1,3,0.919,0.042,1,0.97
4,7,7,1,3,0.647,0.038,1,0.98
4,6,8,0,1,0.655,0.078,1,0.99
4,6,6,1,1,0.904,0.081,1,0.98
4,7,7,1,1,0.794,0.062,1,0.97
4,6,8,0,1,3.591,0.048,1,0.89
4,5,5,1,3,1.209,0.112,1,0.9
4,8,8,1,3,0.944,0.068,1,0.91
4,7,7,1,1,0.704,0.132,1,0.92
4,6,8,0,1,0.896,0.024,1,0.91
4,6,6,1,1,0.723,0.057,1,0.91
4,5,6,0,1,0.358,0.048,1,0.92
4,6,6,1,1,0.481,0.077,1,0.93
4,8,8,1,1,0.565,0.078,1,0.94
4,5,5,1,1,0.943,0.116,1,0.95
4,5,5,1,1,0.454,0.083,1,0.96
4,5,5,1,1,0.378,0.048,1,0.97
4,5,5,1,1,0.238,0.038,1,0.96
4,5,5,1,1,0.198,0.049,1,0.96
4,5,7,0,1,0.343,0.038,1,0.97
4,6,7,0,1,0.507,0.03,1,0.98
4,6,6,1,1,0.229,0.027,1,0.97
4,6,5,0,1,0.355,0.101,1,0.96
4,8,8,1,1,0.346,0.048,1,0.95
4,8,8,1,1,0.516,0.054,1,0.95
4,8,5,0,1,0.524,0.087,1,0.94
4,6,6,1,1,0.677,0.049,1,0.93
4,8,8,1,1,0.76,0.446,1,0.93
4,7,7,1,1,0.935,0.078,1,0.94
4,6,8,0,1,0.524,0.122,1,0.95
4,7,8,0,1,0.371,0.08,1,0.96
4,5,8,0,1,0.512,0.112,1,0.95
4,7,7,1,2,0.394,1.264,1,0.94
4,6,6,1,2,0.941,0.12,1,0.94
4,5,6,0,1,1.936,0.131,1,0.95
4,5,5,1,3,0.504,0.586,1,0.94
4,8,7,0,1,1.436,0.101,1,0.94
4,5,5,1,3,0.541,0.453,1,0.93
4,6,6,1,3,1.05,0.291,1,0.93
4,7,7,1,4,0.879,0.263,1,0.94
4,8,8,1,1,0.93,0.103,1,0.95
4,5,5,1,1,0.713,0.069,1,0.96
4,6,5,0,1,0.473,0.017,1,0.95
4,7,7,1,1,0.777,0.03,1,0.95
4,6,6,1,1,0.672,0.125,1,0.94
4,5,7,0,1,0.708,0.065,1,0.93
4,7,7,1,1,0.393,0.077,1,0.93
4,8,5,0,1,0.446,0.082,1,0.94
4,5,6,0,1,0.915,0.083,1,0.95
4,7,7,1,1,0.47,0.055,1,0.96
4,8,8,1,2,0.873,0.077,1,0.97
4,6,6,1,1,0.88,0.085,1,0.96
4,7,5,0,1,0.519,0.098,1,0.96
4,6,6,1,1,0.731,0.08,1,0.95
4,7,7,1,1,0.588,0.114,1,0.94
4,6,6,1,1,0.71,0.072,1,0.93
4,7,7,1,1,0.789,0.081,1,0.93
4,7,7,1,1,0.377,0.057,1,0.94
4,5,7,0,1,0.451,0.025,1,0.93
4,6,6,1,1,0.551,0.047,1,0.92
4,5,6,0,1,0.926,1.204,1,0.92
4,7,7,1,1,0.677,0.082,1,0.93
4,6,7,0,1,0.846,0.073,1,0.94
4,7,7,1,2,0.574,0.209,1,0.93
4,6,6,1,2,0.648,0.096,1,0.93
4,5,5,1,1,1.509,0.124,1,0.92
4,6,7,0,1,0.542,0.071,1,0.92
4,8,6,0,1,0.368,0.011,1,0.93
4,6,6,1,1,1.317,0.13,1,0.94
4,8,6,0,2,0.349,0.172,1,0.95
4,7,7,1,2,0.177,0.089,1,0.96
4,7,7,1,2,0.193,0.03,1,0.97
4,7,7,1,4,0.27,0.252,1,0.96
4,7,7,1,1,0.498,0.14,1,0.96
4,8,7,0,1,0.336,0.074,1,0.95
4,7,7,1,1,0.181,0.068,1,0.95
4,6,7,0,1,0.204,0.059,1,0.94
4,8,8,1,1,0.768,0.084,1,0.94
4,5,8,0,1,0.575,0.077,1,0.93
4,8,8,1,1,0.299,0.098,1,0.93
4,6,6,1,2,1.049,0.023,1,0.94
4,8,7,0,2,0.487,0.052,1,0.95
4,8,5,0,2,0.593,0.112,1,0.96
4,5,5,1,1,0.307,0.119,1,0.97
4,7,7,1,1,0.344,0.135,1,0.98
4,6,6,1,1,0.548,0.111,1,0.99
4,6,6,1,1,0.288,0.091,1,0.98
4,7,7,1,1,0.327,0.115,1,0.98
4,7,7,1,1,0.173,0.134,1,0.99
4,8,7,0,1,0.202,0.072,1,0.98
4,7,8,0,1,0.15,0.06,1,0.98
4,8,7,0,2,0.108,0.083,1,0.99
4,5,8,0,1,0.841,0.086,1,0.98
4,7,7,1,1,0.329,0.13,1,0.97
4,8,7,0,1,0.177,0.429,1,0.96
4,5,5,1,4,0.623,0.387,1,0.95
4,8,8,1,1,0.419,0.175,1,0.95
4,6,6,1,4,0.784,0.083,1,0.94
4,5,8,0,1,0.84,0.3,1,0.93
4,8,8,1,2,0.248,0.364,1,0.92
4,8,8,1,4,0.209,0.397,1,0.91
4,5,8,0,1,0.289,0.366,1,0.91
4,8,8,1,2,0.305,0.398,1,0.92
4,7,8,0,1,0.598,0.123,1,0.93
4,6,6,1,4,1.164,1.289,1,0.94
5,8,8,1,1,1.346,0.313,1,0.94
5,6,8,0,1,0.573,0.237,1,0.93
5,8,8,1,3,0.351,0.505,1,0.93
5,8,8,1,3,0.329,0.581,1,0.94
5,7,7,1,3,0.79,0.423,1,0.95
5,5,8,0,3,0.77,0.555,1,0.96
5,7,7,1,3,0.359,0.684,1,0.95
5,8,8,1,3,0.518,0.683,1,0.94
5,7,7,1,2,0.426,0.413,1,0.93
5,5,7,0,2,0.426,0.549,1,0.92
5,6,8,0,3,0.516,0.394,1,0.91
5,8,8,1,3,0.332,0.309,1,0.91
5,8,8,1,3,0.262,0.248,1,0.92
5,8,8,1,3,0.278,0.156,1,0.93
5,5,8,0,3,0.648,0.218,1,0.92
5,7,8,0,3,0.467,0.177,1,0.92
5,8,8,1,3,0.302,0.234,1,0.93
5,6,8,0,3,0.645,0.131,1,0.92
5,7,7,1,3,1.167,0.414,1,0.91
5,7,7,1,3,0.306,0.24,1,0.91
5,8,5,0,2,1.006,1.359,1,0.92
5,5,5,1,2,0.746,0.618,1,0.93
5,6,7,0,3,0.662,0.517,1,0.94
5,6,6,1,3,0.561,0.375,1,0.95
5,6,6,1,3,0.627,0.304,1,0.96
5,6,6,1,3,0.569,0.271,1,0.95
5,7,7,1,3,0.473,0.391,1,0.94
5,6,7,0,1,0.99,1.707,1,0.93
5,7,7,1,1,0.795,0.399,1,0.92
5,6,6,1,3,0.507,0.377,1,0.91
5,5,5,1,1,1.093,0.254,1,0.9
5,5,5,1,1,0.948,0.427,1,0.9
5,8,8,1,3,0.531,0.963,1,0.89
5,5,5,1,1,0.702,0.608,1,0.89
5,6,5,0,1,0.604,0.204,1,0.9
5,7,5,0,1,0.298,0.252,1,0.91
5,7,7,1,2,0.791,0.391,1,0.92
5,6,7,0,2,0.406,0.448,1,0.93
5,6,6,1,3,1.032,0.288,1,0.92
5,7,5,0,1,0.829,0.382,1,0.92
5,8,5,0,1,2.752,2.556,1,0.91
5,8,5,0,2,0.839,0.196,1,0.9
5,6,6,1,2,0.309,0.868,1,0.9
5,5,5,1,3,0.418,0.573,1,0.91
5,7,7,1,3,0.565,0.334,1,0.92
5,6,7,0,2,0.377,0.348,1,0.93
5,6,5,0,2,0.594,0.295,1,0.94
5,6,6,1,3,0.729,0.405,1,0.93
5,7,7,1,3,0.342,0.301,1,0.93
5,8,8,1,3,0.386,0.301,1,0.94
5,7,7,1,2,0.343,0.626,1,0.93
5,6,5,0,1,0.517,0.214,1,0.92
5,6,6,1,3,1.423,0.327,1,0.91
5,8,7,0,3,0.412,0.372,1,0.9
5,7,7,1,3,0.82,0.282,1,0.89
5,8,8,1,2,1.31,0.368,1,0.89
5,8,8,1,3,0.52,0.269,1,0.9
5,6,5,0,1,0.855,0.277,1,0.91
5,7,7,1,3,0.474,0.546,1,0.92
5,6,6,1,1,1.224,0.288,1,0.93
5,7,7,1,2,0.843,0.167,1,0.92
5,7,7,1,2,0.28,0.211,1,0.92
5,6,7,0,2,0.338,0.187,1,0.93
5,5,7,0,2,0.436,0.167,1,0.94
5,8,8,1,3,0.263,0.287,1,0.95
5,7,7,1,2,0.333,0.535,1,0.94
5,7,7,1,2,0.281,0.216,1,0.93
5,6,6,1,1,0.459,0.523,1,0.92
5,5,7,0,3,0.436,0.46,1,0.92
5,5,7,0,1,0.75,0.427,1,0.93
5,5,7,0,1,0.22,0.51,1,0.94
5,6,8,0,1,0.466,0.265,1,0.95
5,7,7,1,3,0.677,0.513,1,0.96
5,8,7,0,2,0.423,0.205,1,0.95
5,6,6,1,3,1.362,0.599,1,0.95
5,8,8,1,4,0.624,0.335,1,0.94
5,8,8,1,3,0.319,0.469,1,0.94
5,7,7,1,2,0.332,0.409,1,0.95
5,7,7,1,3,0.318,0.421,1,0.94
5,5,7,0,3,0.307,0.257,1,0.94
5,5,5,1,1,2.349,0.265,1,0.95
5,7,7,1,1,1.239,0.187,1,0.94
5,5,8,0,1,0.719,0.298,1,0.93
5,7,8,0,2,0.413,0.416,1,0.93
5,5,8,0,2,0.459,0.352,1,0.94
5,6,6,1,2,0.617,0.603,1,0.95
5,7,7,1,2,0.318,0.339,1,0.96
5,5,5,1,1,0.713,0.518,1,0.95
5,5,7,0,2,0.411,0.305,1,0.94
5,5,7,0,2,0.25,0.152,1,0.94
5,5,6,0,1,0.973,0.216,1,0.95
5,6,6,1,2,0.781,0.265,1,0.96
5,5,5,1,2,0.639,0.454,1,0.95
5,8,8,1,2,0.791,0.705,1,0.94
5,6,7,0,2,0.358,0.283,1,0.93
5,6,7,0,2,0.351,0.155,1,0.93
5,8,7,0,2,0.446,0.208,1,0.94
5,5,5,1,3,0.783,0.386,1,0.95
5,5,5,1,2,1.956,0.739,1,0.96
5,5,5,1,2,0.403,0.215,1,0.95
5,5,6,0,2,1.335,0.407,1,0.95
5,6,5,0,2,0.692,0.357,1,0.96
5,8,8,1,3,0.454,0.33,1,0.95
5,5,5,1,2,0.333,0.341,1,0.95
5,8,8,1,3,0.454,0.283,1,0.94
5,5,5,1,2,0.34,0.238,1,0.94
5,6,7,0,3,0.312,0.223,1,0.95
5,8,8,1,3,0.349,0.298,1,0.96
5,8,8,1,3,0.292,0.23,1,0.95
5,6,7,0,1,0.62,2.2,1,0.95
5,7,5,0,2,1.539,0.768,1,0.96
5,7,5,0,2,0.964,0.376,1,0.95
5,5,5,1,3,0.333,0.583,1,0.94
5,7,7,1,3,1.251,0.641,1,0.94
5,7,7,1,3,0.334,0.336,1,0.95
5,6,8,0,4,0.54,0.581,1,0.96
5,8,7,0,3,0.395,0.397,1,0.95
5,8,8,1,4,0.389,0.368,1,0.95
5,5,5,1,2,2.108,0.676,1,0.96
5,6,6,1,3,0.243,0.155,1,0.95
5,8,5,0,1,0.292,0.19,1,0.94
5,7,7,1,3,0.853,0.587,1,0.94
5,7,7,1,3,0.439,0.241,1,0.95
5,7,6,0,2,1.013,0.191,1,0.96
5,5,5,1,1,1.238,0.284,1,0.95
5,5,8,0,1,0.713,0.302,1,0.95
5,8,8,1,4,0.441,0.978,1,0.94
5,8,8,1,4,0.251,0.192,1,0.94
5,5,5,1,3,1.9,0.797,1,0.95
5,7,7,1,3,0.572,0.521,1,0.94
5,7,7,1,3,0.357,0.3,1,0.94
5,7,7,1,3,0.232,0.313,1,0.93
5,6,7,0,3,0.26,0.114,1,0.93
5,8,7,0,3,0.313,0.135,1,0.94
5,7,7,1,3,0.233,0.308,1,0.93
5,5,7,0,3,0.173,0.083,1,0.93
5,5,7,0,3,1.258,0.669,1,0.94
5,5,6,0,3,0.751,0.332,1,0.95
5,7,7,1,3,0.433,0.147,1,0.96
5,8,8,1,4,0.395,0.644,1,0.95
5,6,6,1,4,0.755,0.468,1,0.95
5,8,8,1,4,1.01,0.295,1,0.94
5,5,8,0,4,0.314,0.223,1,0.94
5,5,8,0,4,0.318,0.189,1,0.95
5,5,5,1,4,0.682,0.311,1,0.96
5,6,8,0,4,0.414,0.211,1,0.97
5,8,8,1,4,0.532,0.238,1,0.98
5,6,6,1,4,0.716,0.509,1,0.99
5,8,7,0,4,0.427,0.572,1,0.98
5,6,6,1,4,0.733,0.189,1,0.98
5,8,8,1,4,0.516,0.268,1,0.99
5,8,6,0,3,0.849,0.236,1,0.99
5,5,5,1,2,0.318,0.258,1,0.98
5,6,7,0,2,0.354,1.678,1,0.98
5,5,5,1,3,0.555,0.262,1,0.97
5,7,7,1,3,1.115,0.803,1,0.96
5,8,6,0,3,0.656,0.428,1,0.96
5,5,5,1,3,0.561,0.249,1,0.97
5,8,8,1,3,0.494,0.289,1,0.96
5,5,5,1,3,0.475,0.295,1,0.96
5,6,6,1,3,0.675,0.134,1,0.97
5,5,5,1,3,0.316,0.223,1,0.96
5,8,7,0,4,0.336,0.354,1,0.95
5,6,6,1,3,0.96,0.249,1,0.95
5,6,6,1,3,0.492,0.138,1,0.94
5,8,5,0,2,0.699,0.123,1,0.93
5,5,8,0,3,0.245,0.24,1,0.93
5,5,6,0,3,0.791,0.178,1,0.94
5,5,5,1,2,0.439,0.139,1,0.95
5,5,6,0,3,1.043,0.319,1,0.96
5,8,8,1,3,0.529,0.225,1,0.97
5,8,8,1,3,0.265,0.153,1,0.98
5,6,6,1,3,0.413,0.489,1,0.99
5,7,7,1,2,0.722,0.633,1,0.99
5,8,8,1,3,0.552,0.547,1,0.98
5,5,5,1,2,1.505,0.609,1,0.98
5,5,5,1,2,0.335,0.121,1,0.99
5,7,5,0,2,0.262,0.118,1,0.98
5,6,5,0,2,0.359,0.111,1,0.98
5,8,5,0,2,0.392,0.297,1,0.99
5,7,7,1,3,0.538,0.594,1,0.98
5,6,7,0,3,0.387,0.335,1,0.98
5,7,7,1,3,0.154,0.131,1,0.97
5,6,7,0,3,0.235,0.147,1,0.96
5,6,6,1,3,0.872,0.11,1,0.96
5,5,8,0,3,0.434,0.156,1,0.97
5,7,7,1,3,0.305,0.166,1,0.98
5,5,5,1,4,0.788,0.484,1,0.99
5,6,6,1,4,0.429,0.356,1,0.99
5,7,7,1,4,0.153,0.203,1,0.98
5,8,8,1,4,0.248,0.145,1,0.97
5,7,7,1,3,0.594,0.636,1,0.96
5,7,8,0,2,0.503,0.13,1,0.96
5,6,6,1,3,0.998,0.464,1,0.97
5,6,5,0,1,0.356,0.286,1,0.96
5,7,7,1,3,0.771,0.584,1,0.96
5,8,8,1,3,0.655,0.254,1,0.95
5,6,6,1,2,0.957,0.411,1,0.94
5,6,6,1,1,1.338,0.224,1,0.94
5,8,5,0,1,0.622,0.101,1,0.95
5,5,5,1,3,0.395,0.458,1,0.95
5,5,5,1,3,0.367,0.283,1,0.94
5,6,6,1,3,0.498,0.185,1,0.93
5,6,8,0,3,0.526,0.384,1,0.93
5,6,6,1,3,1.827,0.308,1,0.94
5,6,6,1,3,0.237,0.355,1,0.95
5,5,8,0,1,0.502,0.513,1,0.96
5,7,7,1,2,0.653,0.297,1,0.95
5,7,8,0,1,0.436,0.377,1,0.95
5,6,6,1,2,1.082,0.47,1,0.96
5,6,6,1,2,0.208,0.132,1,0.95
5,5,5,1,1,1.706,0.247,1,0.94
5,5,8,0,1,0.531,0.271,1,0.93
5,6,6,1,2,0.486,0.352,1,0.93
5,5,5,1,1,0.453,0.188,1,0.94
5,7,7,1,1,0.4,0.295,1,0.95
5,7,5,0,1,0.477,0.166,1,0.94
5,7,8,0,1,0.473,0.321,1,0.93
5,8,8,1,3,0.354,0.417,1,0.93
5,6,6,1,1,0.813,0.178,1,0.94
5,6,6,1,3,0.996,0.293,1,0.95
5,6,6,1,3,0.335,0.218,1,0.94
5,5,6,0,3,0.152,0.256,1,0.94
5,5,6,0,3,0.297,0.256,1,0.95
5,6,6,1,3,0.306,0.286,1,0.94
5,6,8,0,3,0.937,0.386,1,0.94
5,8,8,1,2,0.208,0.343,1,0.93
5,7,6,0,2,1.787,0.164,1,0.93
5,6,6,1,2,0.215,0.147,1,0.94
5,5,6,0,2,0.442,0.155,1,0.95
5,7,7,1,3,0.398,0.454,1,0.96
5,8,8,1,3,0.26,0.603,1,0.97
5,7,8,0,4,0.274,0.418,1,0.98
5,7,7,1,3,0.492,0.323,1,0.97
5,8,8,1,4,0.264,0.209,1,0.96
5,8,8,1,4,0.326,0.198,1,0.96
5,5,7,0,4,1.039,0.28,1,0.95
5,8,8,1,4,0.376,0.334,1,0.94
5,5,8,0,4,3.199,0.544,1,0.93
5,8,8,1,4,0.155,0.201,1,0.93
5,7,7,1,4,1.21,0.419,1,0.94
5,5,8,0,4,0.983,0.228,1,0.95
5,6,5,0,1,0.929,1.876,1,0.96
5,6,6,1,4,0.201,0.671,1,0.95
5,8,8,1,4,0.638,0.187,1,0.94
5,5,5,1,2,0.765,0.748,1,0.94
5,8,8,1,4,0.455,0.489,1,0.93
5,6,6,1,3,0.609,0.413,1,0.93
5,5,7,0,1,1.115,0.489,1,0.94
5,7,7,1,3,0.291,0.533,1,0.93
5,7,6,0,1,0.306,1.017,1,0.93
5,8,8,1,4,0.334,0.264,1,0.94
5,8,8,1,4,0.375,0.151,1,0.93
5,8,8,1,4,0.321,0.174,1,0.93
5,6,5,0,1,0.82,0.881,1,0.92
5,7,7,1,1,0.594,2.234,1,0.92
5,5,5,1,3,0.789,0.275,1,0.93
5,5,5,1,3,0.568,0.252,1,0.92
5,7,7,1,2,0.663,0.586,1,0.92
5,7,7,1,3,0.959,0.331,1,0.93
5,6,5,0,1,0.585,0.114,1,0.94
5,7,5,0,1,0.191,0.387,1,0.95
5,5,7,0,3,0.383,0.266,1,0.96
5,8,7,0,1,0.38,1.403,1,0.95
5,6,6,1,2,1.047,0.696,1,0.95
5,5,8,0,1,0.481,0.258,1,0.96
5,8,8,1,4,0.506,0.252,1,0.95
5,7,7,1,4,0.513,0.348,1,0.94
5,6,6,1,4,0.358,0.526,1,0.93
5,8,8,1,4,0.391,0.291,1,0.93
5,6,7,0,4,0.378,0.274,1,0.92
5,5,5,1,2,1.122,0.223,1,0.92
5,8,8,1,4,0.394,0.212,1,0.93
5,6,6,1,2,0.429,0.68,1,0.94
5,6,8,0,3,0.415,0.315,1,0.95
5,5,5,1,1,0.61,0.446,1,0.96
5,8,5,0,2,0.618,0.349,1,0.97
5,8,7,0,2,0.43,0.343,1,0.98
5,6,6,1,3,0.324,0.32,1,0.97
5,5,5,1,2,0.667,0.494,1,0.96
5,6,5,0,1,0.509,0.355,1,0.95
5,6,6,1,3,0.502,0.147,1,0.95
5,7,7,1,2,0.376,0.22,1,0.94
5,6,6,1,3,0.269,0.461,1,0.94
5,7,8,0,4,0.59,0.263,1,0.93
5,8,8,1,3,1.187,0.243,1,0.93
5,7,7,1,3,0.345,0.186,1,0.92
5,7,7,1,3,0.266,0.192,1,0.92
5,7,7,1,3,0.379,0.171,1,0.93
5,6,7,0,3,0.412,0.365,1,0.94
5,5,6,0,3,0.667,0.434,1,0.95
5,6,6,1,3,0.316,0.147,1,0.96
5,7,6,0,3,0.14,0.452,1,0.97
5,7,7,1,3,0.239,0.191,1,0.96
5,8,8,1,4,0.53,0.36,1,0.96
5,8,6,0,3,0.836,0.189,1,0.95
5,8,8,1,1,0.315,0.208,1,0.95
5,5,6,0,1,0.432,0.317,1,0.96
5,7,7,1,3,0.529,0.135,1,0.97
5,5,7,0,3,0.553,0.147,1,0.98
5,5,8,0,4,0.657,0.431,1,0.94
5,6,6,1,4,0.437,0.19,1,0.93
5,6,5,0,4,0.234,0.53,1,0.93
5,6,6,1,4,0.619,0.138,1,0.94
5,7,7,1,4,0.392,0.187,1,0.95
5,6,6,1,4,0.26,0.12,1,0.94
5,7,7,1,4,0.32,0.175,1,0.94
5,5,7,0,2,1.805,0.387,1,0.95
5,7,7,1,2,0.186,0.15,1,0.94
5,8,8,1,4,0.662,0.338,1,0.93
5,6,6,1,4,0.392,0.309,1,0.93
5,6,6,1,2,0.502,0.719,1,0.94
5,8,6,0,2,0.403,0.186,1,0.93
5,5,5,1,2,0.634,0.308,1,0.93
5,7,7,1,2,0.339,0.192,1,0.94
5,5,6,0,2,0.439,0.273,1,0.95
5,6,6,1,2,1.694,0.179,1,0.96
5,7,7,1,3,0.54,0.354,1,0.97
5,8,7,0,3,0.364,0.192,1,0.98
5,8,7,0,3,0.354,0.14,1,0.97
5,8,8,1,4,0.525,0.126,1,0.97
5,5,7,0,4,0.259,0.196,1,0.98
5,7,6,0,3,0.364,0.171,1,0.99
5,6,6,1,3,0.258,0.14,1,0.98
5,6,6,1,3,0.317,0.195,1,0.97
5,8,8,1,4,0.624,0.158,1,0.97
5,7,7,1,4,0.304,0.619,1,0.96
5,8,5,0,2,0.476,0.131,1,0.95
5,5,7,0,2,0.627,0.251,1,0.95
5,8,8,1,3,0.415,0.147,1,0.96
5,8,8,1,4,0.585,0.217,1,0.95
5,8,8,1,4,0.33,0.139,1,0.95
5,5,5,1,2,0.606,0.203,1,0.96
5,8,6,0,2,0.866,0.332,1,0.95
5,8,6,0,2,0.438,0.382,1,0.95
5,7,7,1,2,0.345,0.231,1,0.94
5,7,7,1,3,0.246,0.147,1,0.94
5,6,6,1,2,0.441,0.138,1,0.95
5,8,7,0,3,0.402,0.318,1,0.94
5,8,8,1,4,0.374,0.211,1,0.94
5,6,8,0,4,0.649,0.234,1,0.95
5,7,7,1,4,2.965,0.112,1,0.96
5,5,8,0,4,0.94,0.406,1,0.95
5,7,7,1,4,0.484,0.119,1,0.94
5,8,8,1,4,0.394,0.108,1,0.94
5,6,6,1,4,0.334,0.136,1,0.95
5,7,7,1,3,0.594,0.194,1,0.96
5,5,8,0,2,0.429,0.169,1,0.97
5,7,7,1,3,0.515,0.194,1,0.96
5,5,7,0,3,0.369,0.139,1,0.95
5,5,5,1,4,0.582,0.293,1,0.94
5,6,6,1,3,0.517,0.138,1,0.93
5,6,6,1,3,0.404,0.138,1,0.92
5,5,7,0,2,0.534,0.263,1,0.91
5,7,8,0,1,0.321,0.225,1,0.91
5,8,5,0,1,0.556,0.16,1,0.92
5,6,6,1,3,0.456,0.286,1,0.91
5,6,5,0,1,0.599,0.22,1,0.91
5,5,6,0,2,0.399,0.217,1,0.92
5,6,6,1,4,0.67,0.256,1,0.93
5,6,6,1,3,0.349,0.155,1,0.94
5,5,7,0,4,0.7,0.144,1,0.95
5,8,8,1,4,0.251,0.126,1,0.94
5,8,7,0,4,0.298,0.403,1,0.93
5,8,8,1,4,0.455,0.2,1,0.93
5,8,8,1,4,0.288,0.104,1,0.94
5,7,7,1,4,0.604,0.179,1,0.95
5,7,7,1,4,0.516,0.151,1,0.96
5,7,7,1,4,0.211,0.183,1,0.95
5,5,8,0,4,0.504,0.151,1,0.95
5,7,7,1,4,0.466,0.271,1,0.96
5,5,8,0,2,1.747,0.709,1,0.97
5,5,8,0,2,0.537,0.147,1,0.96
5,5,5,1,3,0.844,0.589,1,0.96
5,8,5,0,1,40.333,0.607,1,0.95
5,8,8,1,4,0.892,1.42,1,0.95
5,5,5,1,4,0.535,0.269,1,0.94
5,5,5,1,4,0.305,0.103,1,0.93
5,5,5,1,4,0.395,0.182,1,0.93
5,5,6,0,2,1.618,0.123,1,0.94
5,8,7,0,4,0.742,0.335,1,0.93
5,8,8,1,4,2.43,0.153,1,0.92
5,7,7,1,4,0.347,0.227,1,0.92
5,5,5,1,2,0.609,0.113,1,0.91
5,5,5,1,2,0.384,0.213,1,0.91
5,8,8,1,4,0.457,0.122,1,0.92
5,7,7,1,2,0.42,0.174,1,0.91
5,6,8,0,4,0.414,0.164,1,0.91
5,8,8,1,2,0.347,0.127,1,0.92
5,7,8,0,3,0.222,0.453,1,0.93
5,7,5,0,2,0.561,0.118,1,0.94
5,5,5,1,2,0.227,0.185,1,0.95
5,6,6,1,2,0.303,0.15,1,0.94
5,8,8,1,4,0.488,0.326,1,0.94
5,6,8,0,4,0.257,0.135,1,0.95
5,6,6,1,4,1.071,0.21,1,0.94
5,6,7,0,2,0.42,0.198,1,0.94
5,5,5,1,2,0.239,0.202,1,0.93
5,7,7,1,3,0.297,0.175,1,0.93
5,7,7,1,3,0.225,0.135,1,0.94
6,8,8,1,2,0.818,0.565,1,0.94
6,7,7,1,2,0.655,0.322,1,0.95
6,7,6,0,1,0.822,1.35,1,0.96
6,5,6,0,2,0.674,0.632,1,0.95
6,8,6,0,1,0.37,0.672,1,0.94
6,5,5,1,1,0.888,0.267,1,0.93
6,5,5,1,1,0.594,0.323,1,0.93
6,6,6,1,1,0.773,0.262,1,0.94
6,5,5,1,2,0.666,0.377,1,0.95
6,8,5,0,1,0.45,0.206,1,0.96
6,5,5,1,2,0.578,0.365,1,0.95
6,8,5,0,2,0.442,0.36,1,0.95
6,6,6,1,2,0.588,0.239,1,0.94
6,8,6,0,2,0.444,0.258,1,0.94
6,5,5,1,3,0.504,0.319,1,0.93
6,6,6,1,3,0.52,0.19,1,0.93
6,7,5,0,1,0.562,0.208,1,0.94
6,6,6,1,3,0.566,0.218,1,0.93
6,8,8,1,3,0.892,0.338,1,0.93
6,5,5,1,3,0.596,0.181,1,0.94
6,7,5,0,1,0.637,0.146,1,0.95
6,5,5,1,1,0.486,0.153,1,0.94
6,5,5,1,1,0.36,0.157,1,0.94
6,5,5,1,2,0.297,0.137,1,0.95
6,7,5,0,1,0.31,0.36,1,0.96
6,6,6,1,2,0.548,0.736,1,0.95
6,8,8,1,2,0.774,0.423,1,0.95
6,8,6,0,1,0.705,0.186,1,0.96
6,7,6,0,1,0.394,0.211,1,0.95
6,7,6,0,1,0.428,0.16,1,0.94
6,5,6,0,1,0.643,1.194,1,0.93
6,6,6,1,2,0.679,0.284,1,0.92
6,7,7,1,3,0.568,0.372,1,0.92
6,6,6,1,3,0.595,0.206,1,0.93
6,7,7,1,3,0.814,0.192,1,0.94
6,7,6,0,1,0.797,0.149,1,0.95
6,5,5,1,3,0.778,0.223,1,0.94
6,7,5,0,1,0.568,0.243,1,0.94
6,8,8,1,4,0.523,0.381,1,0.93
6,6,6,1,4,0.617,0.232,1,0.93
6,7,7,1,3,0.81,0.289,1,0.94
6,8,8,1,3,0.494,0.39,1,0.95
6,6,6,1,3,0.593,0.808,1,0.96
6,6,6,1,3,0.559,0.244,1,0.97
6,8,6,0,1,0.494,0.195,1,0.98
6,8,6,0,1,0.429,0.18,1,0.97
6,8,6,0,1,0.269,0.22,1,0.96
6,8,8,1,1,0.547,0.489,1,0.95
6,5,5,1,1,0.891,0.18,1,0.95
6,6,5,0,1,0.398,0.26,1,0.96
6,5,5,1,1,0.3,0.294,1,0.95
6,7,5,0,1,0.287,0.298,1,0.95
6,6,6,1,1,0.588,0.197,1,0.94
6,8,8,1,1,0.723,0.958,1,0.94
6,8,8,1,2,0.585,0.253,1,0.95
6,5,5,1,1,1.449,0.152,1,0.96
6,6,5,0,1,0.522,0.11,1,0.97
6,5,8,0,1,1.132,0.525,1,0.96
6,7,7,1,2,0.879,0.25,1,0.95
6,5,7,0,1,0.606,0.17,1,0.95
6,7,7,1,1,1.149,0.379,1,0.94
6,8,8,1,2,0.543,0.334,1,0.94
6,5,8,0,1,0.339,0.301,1,0.95
6,6,6,1,1,0.715,0.224,1,0.94
6,6,6,1,2,0.357,0.324,1,0.94
6,6,8,0,1,0.823,0.363,1,0.95
6,5,8,0,1,0.505,0.356,1,0.94
6,7,7,1,3,0.732,0.407,1,0.93
6,7,7,1,1,0.683,0.258,1,0.93
6,8,8,1,2,0.564,0.633,1,0.94
6,5,6,0,1,1.043,0.303,1,0.95
6,5,5,1,1,1.037,0.242,1,0.94
6,6,6,1,4,0.962,0.328,1,0.94
6,8,7,0,1,0.574,0.18,1,0.95
6,5,5,1,1,0.67,0.145,1,0.94
6,7,7,1,3,0.732,0.607,1,0.94
6,8,8,1,3,0.664,0.262,1,0.95
6,5,8,0,1,0.904,0.247,1,0.96
6,6,5,0,1,1.05,0.55,1,0.95
6,8,7,0,1,0.643,0.309,1,0.94
6,7,7,1,3,0.739,0.304,1,0.93
6,7,7,1,4,0.366,0.432,1,0.93
6,8,6,0,1,0.838,0.316,1,0.94
6,6,6,1,4,0.669,0.433,1,0.93
6,8,8,1,4,0.456,0.27,1,0.93
6,7,7,1,3,0.788,0.362,1,0.94
6,5,6,0,1,0.632,1.077,1,0.95
6,8,7,0,3,0.624,0.563,1,0.94
6,7,7,1,4,0.342,0.394,1,0.93
6,5,5,1,4,0.657,0.19,1,0.93
6,6,6,1,4,0.54,0.136,1,0.94
6,6,6,1,4,0.41,0.112,1,0.95
6,6,6,1,1,0.934,0.112,1,0.96
6,7,6,0,1,0.419,0.097,1,0.97
6,5,6,0,1,0.306,0.134,1,0.96
6,6,6,1,3,0.507,0.426,1,0.95
6,7,7,1,4,1.35,1.403,1,0.95
6,5,5,1,1,2.131,0.17,1,0.96
6,8,6,0,1,0.516,0.161,1,0.97
6,6,6,1,1,0.87,0.194,1,0.96
6,7,6,0,1,0.727,0.086,1,0.94
6,6,7,0,1,0.818,0.134,1,0.93
6,7,7,1,2,0.409,0.127,1,0.93
6,6,6,1,4,0.681,0.15,1,0.94
6,7,7,1,3,0.419,0.308,1,0.93
6,6,6,1,1,0.487,0.306,1,0.93
6,7,7,1,1,0.477,0.076,1,0.94
6,6,7,0,1,0.236,0.132,1,0.93
6,8,6,0,1,0.63,0.088,1,0.93
6,5,6,0,3,0.451,0.105,1,0.94
6,8,8,1,2,0.738,0.26,1,0.95
6,5,5,1,3,0.723,0.682,1,0.94
6,6,6,1,4,0.553,0.181,1,0.93
6,6,5,0,3,0.627,0.16,1,0.93
6,5,5,1,1,0.41,0.075,1,0.94
6,8,5,0,2,0.563,0.255,1,0.95
6,7,5,0,1,0.547,0.076,1,0.94
6,7,5,0,1,0.494,0.093,1,0.94
6,8,8,1,2,0.366,0.406,1,0.95
6,8,7,0,2,0.797,0.237,1,0.96
6,8,8,1,4,0.521,0.425,1,0.97
6,6,6,1,4,0.577,0.181,1,0.96
6,8,8,1,2,0.562,0.543,1,0.95
6,8,8,1,2,0.624,0.271,1,0.95
6,5,8,0,2,0.507,0.349,1,0.94
6,7,7,1,4,0.66,0.369,1,0.93
6,6,7,0,1,0.573,0.875,1,0.93
6,8,8,1,4,0.697,0.248,1,0.94
6,5,5,1,1,0.647,0.475,1,0.93
6,6,6,1,1,0.745,0.193,1,0.92
6,6,6,1,1,0.381,0.182,1,0.91
6,7,6,0,1,0.366,0.097,1,0.91
6,7,7,1,3,0.884,0.438,1,0.92
6,5,5,1,4,0.666,0.249,1,0.91
6,7,8,0,4,0.643,0.278,1,0.91
6,7,8,0,1,0.361,0.201,1,0.9
6,5,5,1,3,0.696,0.26,1,0.9
6,7,7,1,1,0.998,0.256,1,0.91
6,7,7,1,1,0.309,0.168,1,0.92
6,7,7,1,1,0.351,0.108,1,0.93
6,6,5,0,1,0.511,0.19,1,0.94
6,7,7,1,1,0.795,0.289,1,0.95
6,7,7,1,1,0.286,0.162,1,0.94
6,5,7,0,1,0.321,0.153,1,0.93
6,7,5,0,1,1.104,0.529,1,0.92
6,8,8,1,2,0.49,0.338,1,0.92
6,5,5,1,3,0.72,0.458,1,0.93
6,5,5,1,1,0.284,0.178,1,0.92
6,5,5,1,1,0.321,0.153,1,0.92
6,6,5,0,1,0.286,0.136,1,0.93
6,8,5,0,1,0.347,0.109,1,0.94
6,7,5,0,1,0.147,0.117,1,0.93
6,6,6,1,1,0.614,0.2,1,0.93
6,8,7,0,2,0.547,0.3,1,0.94
6,5,5,1,2,0.445,0.262,1,0.93
6,6,6,1,2,0.584,0.246,1,0.93
6,6,6,1,2,0.508,0.173,1,0.94
6,7,6,0,2,0.408,0.205,1,0.95
6,5,5,1,3,0.584,0.303,1,0.96
6,5,8,0,2,1.196,0.589,1,0.95
6,8,6,0,1,0.668,0.169,1,0.94
6,6,6,1,2,0.433,0.497,1,0.94
6,6,6,1,2,0.269,0.318,1,0.93
6,6,6,1,3,0.407,0.21,1,0.92
6,8,8,1,2,0.556,0.433,1,0.92
6,6,5,0,1,0.588,0.158,1,0.93
6,7,7,1,2,0.748,0.352,1,0.94
6,7,7,1,2,0.393,0.377,1,0.95
6,8,7,0,1,0.516,0.112,1,0.96
6,8,8,1,1,0.531,0.197,1,0.95
6,6,6,1,1,0.676,0.136,1,0.95
6,8,8,1,1,0.888,0.283,1,0.96
6,5,8,0,1,0.356,0.144,1,0.95
6,8,6,0,1,0.756,0.129,1,0.95
6,7,7,1,2,0.552,0.323,1,0.94
6,5,8,0,2,0.578,0.38,1,0.93
6,5,5,1,3,0.597,0.279,1,0.93
6,8,5,0,3,0.426,0.383,1,0.92
6,5,5,1,4,0.524,0.172,1,0.92
6,8,8,1,4,0.456,0.238,1,0.93
6,5,6,0,1,0.827,0.159,1,0.94
6,5,5,1,4,0.367,0.251,1,0.95
6,5,5,1,4,0.352,0.303,1,0.96
6,8,8,1,2,1.373,0.499,1,0.95
6,8,8,1,1,0.398,0.155,1,0.94
6,7,8,0,1,0.335,0.182,1,0.93
6,6,6,1,3,0.698,0.138,1,0.93
6,7,7,1,3,0.519,0.774,1,0.94
6,6,8,0,1,0.892,0.183,1,0.93
6,8,8,1,1,0.784,0.197,1,0.93
6,8,8,1,2,0.35,0.175,1,0.92
6,8,8,1,2,0.307,0.166,1,0.92
6,6,8,0,1,0.313,0.157,1,0.91
6,7,8,0,1,0.218,0.109,1,0.91
6,6,6,1,2,0.741,0.163,1,0.92
6,7,7,1,2,0.671,0.142,1,0.93
6,5,5,1,1,0.681,0.334,1,0.94
6,5,5,1,1,0.284,0.137,1,0.95
6,6,5,0,1,0.292,0.145,1,0.96
6,7,7,1,1,0.83,0.111,1,0.97
6,6,6,1,4,0.609,0.186,1,0.95
6,7,5,0,2,0.449,0.311,1,0.96
6,6,6,1,4,0.481,0.212,1,0.95
6,8,8,1,4,0.516,0.262,1,0.95
6,6,6,1,2,0.45,0.319,1,0.96
6,5,5,1,4,0.596,0.234,1,0.97
6,8,5,0,1,0.454,0.148,1,0.96
6,7,7,1,3,0.544,0.517,1,0.95
6,8,8,1,3,0.482,0.301,1,0.94
6,8,8,1,1,0.863,0.184,1,0.93
6,8,8,1,1,0.321,0.187,1,0.93
6,7,8,0,1,0.262,0.231,1,0.94
6,8,8,1,1,0.197,0.239,1,0.93
6,7,8,0,1,0.225,0.217,1,0.93
6,8,8,1,1,0.262,0.201,1,0.94
6,8,8,1,1,0.212,0.207,1,0.95
6,6,8,0,1,0.225,0.193,1,0.96
6,8,8,1,1,0.142,0.137,1,0.95
6,8,8,1,1,0.21,0.101,1,0.94
6,8,8,1,1,0.177,0.204,1,0.93
6,8,5,0,1,0.359,0.168,1,0.93
6,8,5,0,1,0.191,0.139,1,0.94
6,8,5,0,1,0.153,0.165,1,0.93
6,7,5,0,1,0.126,0.185,1,0.93
6,8,8,1,1,0.707,0.141,1,0.94
6,8,8,1,2,0.426,0.234,1,0.95
6,8,8,1,2,0.361,0.343,1,0.96
6,7,8,0,1,0.402,0.149,1,0.97
6,7,8,0,1,0.414,0.202,1,0.98
6,7,7,1,3,0.632,0.333,1,0.99
6,5,5,1,4,0.584,0.109,1,0.98
6,6,6,1,2,0.827,0.122,1,0.98
6,5,5,1,1,0.743,0.085,1,0.97
6,8,5,0,1,0.184,0.089,1,0.96
6,7,5,0,1,0.16,0.092,1,0.96
6,6,8,0,2,0.717,0.247,1,0.95
6,6,6,1,3,0.788,0.114,1,0.95
6,7,7,1,3,0.602,0.265,1,0.96
6,7,8,0,3,0.638,0.264,1,0.97
6,6,6,1,4,0.655,0.267,1,0.96
6,7,7,1,2,0.834,0.317,1,0.96
6,6,8,0,1,0.581,0.209,1,0.95
6,8,8,1,1,0.413,0.152,1,0.95
6,5,8,0,1,0.989,0.612,1,0.96
6,6,6,1,4,0.68,0.234,1,0.95
6,6,6,1,3,0.413,0.524,1,0.94
6,7,7,1,3,0.864,0.277,1,0.93
6,7,7,1,3,0.7,0.198,1,0.93
6,8,8,1,1,0.602,0.334,1,0.94
6,8,8,1,1,0.3,0.222,1,0.93
6,6,8,0,1,0.351,0.153,1,0.93
6,7,8,0,1,0.514,0.141,1,0.94
6,7,7,1,1,0.836,0.273,1,0.95
6,8,7,0,1,0.335,0.328,1,0.94
6,8,7,0,1,0.399,0.304,1,0.93
6,7,7,1,1,0.49,0.27,1,0.93
6,7,7,1,2,0.342,0.23,1,0.94
6,5,7,0,1,0.384,0.229,1,0.95
6,6,7,0,1,0.608,0.178,1,0.96
6,8,8,1,2,0.564,0.341,1,0.95
6,5,8,0,1,1.03,0.145,1,0.94
6,6,6,1,1,0.724,0.279,1,0.94
6,7,7,1,4,0.444,0.335,1,0.95
6,7,7,1,4,0.379,0.278,1,0.96
6,8,8,1,2,0.481,0.43,1,0.97
6,7,7,1,1,0.944,0.236,1,0.98
6,7,7,1,1,0.242,0.196,1,0.99
6,5,7,0,1,0.284,0.236,1,0.99
6,5,8,0,1,0.563,0.395,1,0.99
6,7,8,0,1,0.477,0.19,1,0.98
6,6,6,1,4,0.935,0.347,1,0.97
6,6,6,1,4,0.438,0.11,1,0.97
6,8,8,1,1,0.875,0.246,1,0.98
6,8,6,0,1,0.489,0.195,1,0.99
6,6,6,1,3,0.479,0.524,1,0.99
6,7,7,1,4,0.792,0.305,1,0.98
6,7,6,0,1,0.604,0.193,1,0.98
6,8,8,1,1,0.539,0.191,1,0.99
6,7,7,1,4,0.563,0.231,1,0.98
6,6,8,0,1,0.561,0.144,1,0.98
6,8,8,1,2,0.53,0.405,1,0.97
6,5,8,0,1,0.319,0.203,1,0.97
6,5,6,0,1,0.408,0.782,1,0.98
6,8,8,1,4,0.396,0.343,1,0.97
6,8,6,0,4,0.663,0.164,1,0.97
6,5,5,1,4,0.301,0.136,1,0.98
6,5,5,1,4,0.346,0.1,1,0.99
6,6,6,1,4,0.323,0.118,1,0.99
6,8,8,1,4,0.407,0.158,1,0.98
6,5,5,1,4,0.474,0.102,1,0.97
6,7,5,0,1,0.395,0.132,1,0.96
6,8,7,0,1,0.844,0.2,1,0.96
6,7,5,0,1,0.444,0.146,1,0.97
6,7,7,1,1,0.497,0.154,1,0.96
6,7,7,1,1,0.36,0.136,1,0.95
6,5,7,0,1,0.317,0.149,1,0.95
6,7,7,1,3,0.245,0.315,1,0.96
6,5,7,0,2,0.412,0.358,1,0.97
6,5,5,1,2,1.18,0.481,1,0.96
6,7,7,1,2,0.528,0.403,1,0.95
6,6,6,1,3,2.995,0.923,1,0.94
6,6,6,1,4,0.352,0.177,1,0.95
6,6,6,1,2,0.471,1.156,1,0.96
6,5,5,1,2,0.619,0.148,1,0.95
6,6,6,1,1,0.706,0.144,1,0.95
6,6,7,0,1,0.711,0.295,1,0.96
6,8,6,0,1,0.621,0.12,1,0.97
6,5,6,0,2,0.537,0.308,1,0.96
6,6,6,1,3,0.423,0.215,1,0.96
6,7,7,1,1,0.53,0.393,1,0.95
6,5,6,0,1,0.508,0.261,1,0.94
6,8,8,1,3,0.732,0.434,1,0.94
6,7,7,1,1,0.482,0.324,1,0.95
6,5,7,0,1,0.186,0.245,1,0.94
6,5,6,0,1,1.389,0.232,1,0.93
6,7,7,1,1,0.529,0.13,1,0.93
6,5,8,0,1,0.64,0.076,1,0.94
6,6,8,0,1,0.595,0.136,1,0.95
6,8,8,1,3,0.211,0.2,1,0.94
6,6,6,1,4,0.505,0.114,1,0.93
6,8,8,1,3,0.486,0.224,1,0.93
6,6,6,1,3,0.537,0.158,1,0.92
6,7,8,0,2,0.917,0.369,1,0.92
6,6,5,0,2,0.931,0.321,1,0.93
6,5,5,1,1,0.614,0.117,1,0.94
6,7,7,1,4,0.561,0.239,1,0.95
6,6,6,1,4,0.461,0.095,1,0.96
6,5,8,0,2,0.818,0.432,1,0.97
6,8,8,1,4,0.378,0.421,1,0.98
6,6,6,1,4,0.786,0.272,1,0.97
6,8,8,1,4,0.676,0.18,1,0.96
6,6,5,0,1,0.567,0.104,1,0.96
6,6,6,1,2,0.417,0.213,1,0.95
6,8,5,0,1,0.362,0.144,1,0.94
6,5,5,1,4,0.529,0.218,1,0.94
6,5,5,1,1,0.536,0.309,1,0.95
6,7,5,0,1,0.387,0.156,1,0.94
6,5,5,1,1,0.371,0.129,1,0.93
6,5,6,0,2,0.855,0.328,1,0.93
6,7,7,1,1,0.785,0.179,1,0.94
6,7,7,1,3,0.631,0.135,1,0.95
6,6,8,0,2,1.249,0.467,1,0.94
6,6,6,1,4,0.58,0.173,1,0.94
6,8,8,1,4,0.449,0.164,1,0.95
6,7,7,1,4,0.517,0.11,1,0.96
6,6,5,0,1,0.497,0.167,1,0.95
6,5,5,1,1,0.341,0.106,1,0.95
6,6,6,1,3,0.614,0.287,1,0.94
6,7,7,1,3,0.44,0.334,1,0.93
6,7,6,0,3,0.819,0.379,1,0.93
6,8,8,1,3,0.446,0.197,1,0.94
6,8,8,1,3,0.39,0.1,1,0.93
6,6,5,0,1,0.927,0.339,1,0.93
6,6,6,1,2,0.775,0.533,1,0.92
6,5,8,0,2,0.677,0.211,1,0.92
6,8,8,1,2,0.401,0.206,1,0.93
6,5,5,1,1,0.944,0.216,1,0.94
6,5,5,1,1,0.472,0.112,1,0.93
6,5,5,1,2,0.443,0.363,1,0.93
6,5,5,1,2,0.358,0.321,1,0.94
6,6,5,0,1,0.333,0.139,1,0.95
6,8,5,0,1,0.181,0.121,1,0.94
6,5,5,1,1,0.261,0.113,1,0.94
6,8,5,0,1,0.167,0.112,1,0.95
6,6,5,0,1,0.308,0.144,1,0.96
6,5,5,1,3,0.424,0.43,1,0.95
6,8,5,0,1,1.834,0.083,1,0.94
6,5,5,1,1,0.406,0.364,1,0.94
6,7,7,1,3,0.733,0.187,1,0.95
6,7,7,1,3,0.348,0.134,1,0.94
6,6,5,0,1,0.464,0.136,1,0.93
6,7,7,1,1,0.513,0.112,1,0.93
6,5,5,1,1,2.041,0.505,1,0.94
6,8,7,0,1,0.406,0.382,1,0.93
6,5,5,1,1,0.778,0.385,1,0.93
6,6,6,1,2,0.58,0.181,1,0.94
6,5,6,0,1,0.522,0.091,1,0.95
6,5,5,1,3,0.563,0.207,1,0.94
6,8,5,0,1,0.572,0.112,1,0.94
6,6,6,1,2,0.598,0.159,1,0.93
6,7,7,1,1,0.688,0.084,1,0.92
6,5,5,1,1,0.66,0.093,1,0.92
6,6,6,1,2,0.659,0.133,1,0.93
6,7,5,0,1,0.445,0.062,1,0.94
6,6,8,0,2,0.567,0.351,1,0.95
6,5,5,1,3,0.478,0.122,1,0.94
6,7,7,1,4,0.638,0.127,1,0.93
6,5,5,1,4,0.526,0.116,1,0.93
6,6,5,0,1,0.383,0.088,1,0.92
6,7,7,1,1,0.942,0.106,1,0.92
6,8,8,1,3,0.517,0.179,1,0.93
6,8,5,0,1,0.438,0.101,1,0.92
6,5,5,1,1,0.397,0.097,1,0.92
6,6,6,1,1,0.735,0.211,1,0.93
6,6,5,0,1,0.4,0.128,1,0.94
6,6,6,1,2,0.633,0.139,1,0.93
6,5,5,1,1,0.657,0.122,1,0.93
6,6,5,0,1,0.371,0.116,1,0.94
6,7,5,0,1,0.535,0.104,1,0.95
6,5,5,1,1,0.406,0.194,1,0.96
7,5,5,1,2,1.04,0.185,1,0.94
7,5,5,1,3,0.665,0.286,1,0.94
7,7,7,1,3,0.895,0.346,1,0.95
7,7,7,1,2,2.848,0.313,1,0.96
7,8,5,0,1,1.139,0.362,1,0.97
7,7,7,1,1,1.173,0.417,1,0.96
7,5,7,0,1,1.172,0.355,1,0.96
7,8,5,0,1,1.398,0.411,1,0.95
7,6,6,1,1,1.158,0.526,1,0.94
7,5,5,1,3,0.902,0.296,1,0.94
7,8,6,0,1,1.16,0.35,1,0.95
7,7,7,1,3,1.117,0.281,1,0.94
7,6,6,1,2,1.005,0.532,1,0.94
7,6,7,0,1,2.951,1.721,1,0.95
7,6,6,1,3,0.878,0.996,1,0.94
7,8,8,1,4,0.94,1.345,1,0.94
7,7,7,1,2,0.887,0.303,1,0.95
7,8,5,0,1,1.061,0.396,1,0.96
7,6,6,1,3,0.818,0.448,1,0.95
7,5,7,0,1,1.71,0.362,1,0.95
7,8,8,1,3,1.137,0.467,1,0.94
7,5,5,1,3,0.933,2.512,1,0.94
7,5,6,0,1,1.884,0.361,1,0.95
7,5,5,1,2,1.034,0.949,1,0.94
7,6,6,1,3,0.902,0.358,1,0.94
7,7,7,1,3,0.945,2.719,1,0.95
7,8,7,0,2,0.811,0.295,1,0.96
7,8,8,1,4,1.167,0.376,1,0.95
7,5,5,1,2,1.179,1.977,1,0.95
7,5,8,0,2,1.439,0.364,1,0.96
7,5,5,1,1,2.025,1.399,1,0.95
7,7,7,1,2,0.979,1.158,1,0.95
7,6,6,1,2,1.06,1.105,1,0.96
7,7,7,1,1,0.988,0.334,1,0.97
7,5,7,0,1,0.494,0.48,1,0.98
7,8,8,1,1,1.012,0.446,1,0.97
7,5,7,0,1,0.877,0.353,1,0.97
7,7,7,1,1,0.62,0.325,1,0.96
7,8,6,0,1,0.936,0.328,1,0.96
7,6,6,1,2,0.659,1.142,1,0.95
7,6,6,1,1,1.872,0.222,1,0.95
7,6,6,1,1,0.558,0.252,1,0.96
7,6,6,1,1,0.63,0.302,1,0.97
7,8,6,0,1,0.963,0.378,1,0.98
7,8,6,0,1,2.256,0.348,1,0.97
7,5,6,0,1,0.549,0.321,1,0.96
7,5,6,0,1,0.548,0.325,1,0.95
7,8,8,1,3,1.053,0.357,1,0.94
7,5,6,0,2,2.136,0.262,1,0.94
7,7,7,1,4,0.778,0.332,1,0.93
7,6,6,1,2,1.179,1.011,1,0.93
7,5,5,1,4,0.973,0.437,1,0.94
7,7,7,1,2,1.023,0.323,1,0.95
7,8,8,1,3,0.975,1.946,1,0.96
7,8,6,0,1,0.935,0.325,1,0.97
7,7,5,0,1,3.239,0.28,1,0.96
7,6,6,1,2,0.71,0.558,1,0.95
7,8,8,1,3,1.135,1.113,1,0.95
7,7,7,1,3,0.847,0.854,1,0.96
7,5,5,1,1,1.906,0.265,1,0.97
7,5,5,1,1,1.091,0.161,1,0.98
7,6,5,0,1,1.009,0.229,1,0.99
7,7,5,0,1,2.569,0.271,1,0.98
7,7,6,0,1,1.235,0.304,1,0.97
7,6,6,1,1,0.728,0.304,1,0.96
7,8,7,0,1,1.11,0.404,1,0.96
7,7,7,1,1,0.429,0.31,1,0.95
7,6,6,1,1,1.14,0.256,1,0.95
7,8,6,0,1,1.33,0.258,1,0.96
7,8,6,0,1,0.922,0.238,1,0.95
7,7,7,1,2,0.899,1.41,1,0.94
7,5,6,0,2,0.894,0.475,1,0.94
7,6,6,1,3,0.849,0.315,1,0.93
7,5,6,0,3,0.368,0.324,1,0.93
7,6,6,1,4,0.551,0.277,1,0.92
7,8,8,1,4,1.142,0.327,1,0.92
7,5,7,0,2,1.494,0.282,1,0.93
7,8,6,0,2,2.611,0.36,1,0.92
7,5,5,1,4,0.844,0.275,1,0.91
7,8,8,1,4,0.751,0.252,1,0.91
7,6,6,1,4,1.369,0.191,1,0.92
7,5,5,1,4,0.764,0.232,1,0.93
7,5,5,1,4,0.439,0.317,1,0.94
7,8,8,1,2,2.155,0.646,1,0.95
7,7,7,1,3,1.613,0.232,1,0.96
7,6,6,1,1,1.137,0.25,1,0.97
7,7,6,0,1,0.776,0.289,1,0.98
7,6,5,0,1,1.216,0.306,1,0.97
7,5,6,0,1,1.236,0.393,1,0.96
7,7,7,1,1,0.786,0.372,1,0.95
7,6,6,1,3,0.896,0.314,1,0.95
7,6,6,1,2,0.93,0.885,1,0.96
7,6,6,1,1,1.484,0.284,1,0.97
7,8,5,0,1,0.836,0.267,1,0.98
7,6,5,0,1,1.018,0.318,1,0.97
7,6,6,1,1,0.871,0.345,1,0.96
7,6,5,0,2,1.31,0.47,1,0.96
7,6,6,1,2,1.409,0.286,1,0.95
7,6,6,1,3,0.76,0.306,1,0.95
7,7,7,1,4,1.057,0.371,1,0.96
7,8,5,0,1,2.12,0.264,1,0.94
7,6,5,0,1,0.652,0.288,1,0.93
7,6,6,1,3,0.635,0.59,1,0.93
7,5,5,1,4,0.447,0.511,1,0.94
7,6,6,1,1,1.25,0.258,1,0.93
7,6,6,1,2,0.497,0.358,1,0.92
7,5,6,0,1,0.498,0.267,1,0.92
7,5,6,0,1,0.463,0.446,1,0.93
7,5,5,1,1,0.973,0.32,1,0.94
7,6,6,1,1,0.623,0.423,1,0.95
7,7,7,1,1,1.293,0.317,1,0.96
7,6,7,0,1,0.73,0.348,1,0.95
7,7,6,0,1,1.683,0.274,1,0.95
7,6,6,1,2,0.602,0.317,1,0.94
7,8,6,0,1,0.877,0.287,1,0.94
7,8,8,1,1,1.103,0.407,1,0.95
7,5,5,1,3,0.662,2.027,1,0.96
7,5,5,1,3,0.587,0.431,1,0.95
7,7,5,0,1,1.358,0.235,1,0.94
7,8,5,0,1,0.663,0.216,1,0.94
7,6,6,1,3,0.669,0.279,1,0.95
7,5,5,1,4,0.457,0.266,1,0.96
7,6,6,1,4,0.528,0.556,1,0.97
7,5,5,1,2,0.618,1.496,1,0.96
7,7,5,0,1,0.733,0.241,1,0.95
7,5,5,1,1,0.665,0.297,1,0.94
7,7,5,0,1,0.236,0.285,1,0.94
7,8,8,1,1,2.545,0.393,1,0.95
7,5,5,1,1,1.144,0.282,1,0.96
7,5,5,1,1,0.449,0.218,1,0.95
7,5,5,1,1,0.305,0.291,1,0.94
7,5,6,0,1,0.62,0.276,1,0.93
7,8,6,0,1,0.31,0.306,1,0.93
7,8,6,0,1,0.589,0.306,1,0.94
7,6,6,1,2,0.423,0.405,1,0.95
7,7,7,1,2,1.654,0.38,1,0.94
7,7,5,0,1,0.938,0.211,1,0.94
7,5,5,1,1,0.747,0.314,1,0.95
7,5,6,0,3,0.899,0.373,1,0.94
7,8,6,0,2,0.938,0.244,1,0.93
7,7,7,1,1,0.827,0.513,1,0.93
7,7,7,1,2,0.463,0.299,1,0.94
7,6,6,1,1,2.274,0.324,1,0.93
7,8,8,1,3,0.743,0.485,1,0.93
7,5,5,1,1,1.773,0.223,1,0.92
7,6,5,0,1,0.548,0.302,1,0.92
7,7,5,0,1,0.348,0.275,1,0.91
7,5,6,0,1,0.476,0.293,1,0.91
7,6,6,1,1,0.391,0.288,1,0.92
7,7,7,1,1,0.914,0.363,1,0.93
7,7,7,1,1,0.396,0.279,1,0.94
7,8,5,0,1,0.707,0.264,1,0.95
7,6,6,1,1,0.515,0.324,1,0.96
7,7,7,1,1,0.836,0.394,1,0.97
7,7,7,1,1,0.552,0.319,1,0.96
7,8,7,0,1,0.571,0.32,1,0.96
7,6,6,1,1,0.608,0.267,1,0.97
7,6,6,1,1,0.439,0.293,1,0.98
7,8,6,0,1,0.687,0.315,1,0.97
7,8,7,0,1,1.258,0.201,1,0.96
7,8,6,0,1,0.971,0.232,1,0.96
7,8,6,0,2,0.624,0.322,1,0.97
7,6,6,1,3,0.51,0.3,1,0.96
7,8,8,1,4,0.474,0.278,1,0.95
7,6,6,1,4,0.739,0.204,1,0.94
7,6,6,1,2,0.545,0.632,1,0.94
7,7,7,1,1,0.966,0.344,1,0.95
7,5,6,0,1,0.517,0.3,1,0.96
7,8,7,0,1,0.928,0.312,1,0.97
7,6,6,1,2,0.655,0.388,1,0.98
7,5,5,1,2,0.929,0.574,1,0.97
7,8,6,0,1,0.604,0.355,1,0.97
7,7,7,1,1,1.025,0.281,1,0.98
7,7,7,1,2,0.458,0.417,1,0.97
7,5,7,0,1,1.099,0.229,1,0.96
7,5,5,1,2,0.364,0.45,1,0.95
7,5,5,1,2,0.47,0.593,1,0.94
7,6,6,1,1,0.591,0.424,1,0.94
7,8,6,0,1,0.513,0.312,1,0.93
7,6,6,1,1,3.091,0.185,1,0.93
7,7,5,0,1,1.048,0.28,1,0.94
7,7,7,1,1,0.833,0.265,1,0.93
7,7,7,1,2,0.331,0.317,1,0.93
7,8,5,0,1,0.867,0.343,1,0.92
7,7,7,1,1,0.493,0.401,1,0.92
7,8,8,1,1,0.482,0.372,1,0.93
7,8,5,0,1,0.584,0.27,1,0.92
7,7,5,0,1,1.176,0.194,1,0.92
7,5,5,1,2,0.527,0.266,1,0.93
7,7,7,1,1,0.673,1.756,1,0.94
7,6,5,0,1,0.649,0.562,1,0.95
7,8,8,1,1,0.911,0.64,1,0.96
7,5,5,1,2,0.91,0.222,1,0.95
7,7,8,0,1,0.953,0.333,1,0.94
7,7,7,1,1,0.666,0.288,1,0.94
7,7,7,1,1,0.549,0.272,1,0.95
7,8,8,1,1,0.412,0.343,1,0.96
7,5,7,0,1,0.996,0.29,1,0.95
7,5,5,1,1,0.598,0.22,1,0.95
7,7,5,0,1,0.808,0.287,1,0.96
7,8,6,0,1,1.137,0.401,1,0.97
7,8,5,0,1,0.342,0.153,1,0.97
7,8,6,0,1,1.017,0.472,1,0.98
7,6,6,1,2,0.512,0.348,1,0.97
7,6,6,1,2,0.454,0.383,1,0.97
7,5,6,0,1,0.509,0.328,1,0.98
7,7,7,1,1,1.009,0.23,1,0.99
7,5,6,0,1,0.482,0.673,1,0.98
7,7,7,1,2,0.751,0.262,1,0.98
7,7,7,1,2,0.622,0.812,1,0.97
7,5,5,1,1,0.962,0.263,1,0.96
7,6,5,0,1,0.888,0.283,1,0.96
7,7,5,0,1,0.663,0.233,1,0.97
7,7,7,1,1,0.91,0.296,1,0.98
7,5,5,1,1,1.019,0.199,1,0.99
7,5,6,0,1,0.789,0.214,1,0.99
7,5,5,1,1,0.786,0.225,1,0.98
7,7,7,1,1,0.932,0.329,1,0.98
7,7,6,0,1,0.836,0.187,1,0.99
7,7,5,0,1,0.929,0.26,1,0.99
7,6,6,1,2,1.689,0.135,1,0.99
7,5,5,1,2,0.78,0.2,1,0.99
7,6,6,1,2,0.516,0.22,1,0.99
7,5,5,1,1,0.603,0.174,1,0.99
7,7,7,1,1,0.648,0.306,1,0.99
7,5,7,0,1,0.961,0.236,1,0.98
7,5,5,1,1,0.862,0.174,1,0.97
7,8,7,0,1,0.446,0.227,1,0.97
7,7,7,1,1,0.386,0.312,1,0.96
7,8,5,0,1,0.872,0.247,1,0.95
7,5,6,0,1,0.665,0.223,1,0.95
7,8,8,1,3,0.502,0.535,1,0.96
7,6,6,1,4,1.028,0.243,1,0.97
7,8,8,1,4,0.806,0.239,1,0.98
7,5,5,1,2,0.985,0.203,1,0.97
7,5,6,0,1,1.018,0.21,1,0.97
7,7,5,0,1,0.717,0.159,1,0.98
7,8,6,0,1,0.641,0.202,1,0.97
7,6,6,1,3,0.593,0.209,1,0.97
7,8,8,1,4,0.706,0.287,1,0.98
7,7,7,1,2,0.775,0.508,1,0.99
7,7,7,1,1,0.353,0.311,1,0.98
7,6,6,1,1,0.803,0.19,1,0.98
7,8,5,0,1,0.513,0.222,1,0.99
7,8,6,0,1,1.102,0.258,1,0.98
7,7,7,1,1,0.769,0.2,1,0.98
7,5,8,0,1,0.97,0.214,1,0.97
7,7,8,0,1,0.467,0.253,1,0.97
7,7,7,1,1,0.696,0.19,1,0.96
7,8,8,1,3,0.665,0.166,1,0.96
7,7,7,1,1,2.909,0.143,1,0.97
7,8,7,0,1,0.489,0.177,1,0.98
7,8,5,0,1,0.992,0.189,1,0.99
7,7,7,1,1,0.697,0.277,1,0.99
7,8,8,1,3,1.212,0.236,1,0.98
7,7,7,1,3,0.761,0.291,1,0.98
7,5,7,0,1,0.781,0.279,1,0.97
7,7,7,1,3,0.43,1.127,1,0.97
7,6,6,1,2,1.617,0.185,1,0.98
7,5,6,0,1,1.643,0.208,1,0.97
7,5,5,1,1,0.72,0.296,1,0.97
7,7,7,1,1,0.616,0.249,1,0.98
7,5,5,1,1,0.961,0.208,1,0.97
7,7,7,1,1,0.629,0.191,1,0.97
7,8,7,0,1,0.624,0.227,1,0.96
7,5,7,0,1,0.628,0.216,1,0.95
7,8,6,0,1,0.935,0.169,1,0.95
7,6,6,1,1,0.686,0.273,1,0.94
7,6,6,1,2,0.71,0.186,1,0.94
7,7,7,1,1,0.616,0.283,1,0.95
7,7,7,1,1,0.357,0.209,1,0.96
7,5,7,0,1,0.379,0.258,1,0.95
7,7,5,0,1,0.986,0.222,1,0.95
7,8,8,1,2,0.922,0.226,1,0.94
7,6,5,0,1,0.756,0.239,1,0.94
7,7,5,0,1,0.674,0.188,1,0.95
7,5,5,1,2,0.55,0.224,1,0.94
7,5,5,1,2,0.768,0.287,1,0.94
7,8,8,1,2,0.776,0.253,1,0.95
7,8,8,1,2,0.751,0.203,1,0.96
7,7,5,0,1,0.809,0.202,1,0.97
7,5,5,1,1,0.325,0.261,1,0.96
7,8,5,0,1,0.474,0.185,1,0.96
7,8,8,1,2,1.695,0.155,1,0.95
7,6,6,1,2,1.13,0.156,1,0.95
7,8,8,1,1,0.621,0.212,1,0.94
7,8,6,0,1,0.746,0.296,1,0.94
7,5,5,1,1,0.543,0.172,1,0.95
7,6,6,1,2,0.399,0.268,1,0.94
7,5,5,1,2,0.612,0.271,1,0.94
7,7,6,0,1,0.679,0.241,1,0.95
7,5,6,0,1,1.194,0.228,1,0.96
7,7,5,0,1,0.385,0.201,1,0.97
7,6,6,1,1,0.442,0.307,1,0.96
7,5,5,1,2,0.496,0.533,1,0.96
7,5,5,1,1,0.94,0.192,1,0.95
7,5,7,0,1,0.876,0.212,1,0.95
7,6,5,0,1,0.523,1.052,1,0.96
7,5,5,1,1,0.57,0.318,1,0.97
7,5,5,1,2,0.773,0.189,1,0.96
7,7,7,1,1,1.613,0.101,1,0.99
7,6,6,1,2,0.89,0.355,1,0.98
7,8,7,0,1,0.426,0.12,1,0.97
7,8,8,1,1,0.571,0.154,1,0.96
7,8,6,0,1,0.402,0.223,1,0.96
7,8,6,0,1,0.328,0.159,1,0.97
7,6,6,1,2,0.281,0.291,1,0.96
7,6,6,1,3,0.343,0.237,1,0.96
7,5,5,1,2,0.417,0.827,1,0.95
7,7,7,1,1,2.474,0.183,1,0.95
7,8,5,0,1,0.777,0.155,1,0.96
7,8,5,0,1,0.918,0.175,1,0.97
7,6,6,1,1,0.643,0.239,1,0.96
7,7,5,0,1,0.844,0.141,1,0.95
7,6,6,1,1,0.635,0.177,1,0.95
7,8,5,0,1,0.54,0.205,1,0.96
7,6,6,1,3,0.787,0.202,1,0.95
7,6,6,1,4,0.4,0.18,1,0.95
7,7,5,0,1,0.658,0.223,1,0.96
7,8,5,0,3,0.801,0.246,1,0.95
7,8,8,1,3,0.677,1.363,1,0.94
7,8,8,1,4,0.823,0.184,1,0.94
7,8,8,1,3,0.883,0.182,1,0.95
7,6,6,1,3,0.908,0.197,1,0.96
7,7,5,0,1,1.292,0.19,1,0.97
7,5,6,0,1,0.995,0.181,1,0.98
7,8,5,0,1,0.755,0.14,1,0.97
7,7,7,1,4,0.801,0.285,1,0.97
7,5,5,1,4,0.741,0.177,1,0.96
7,5,5,1,4,0.765,0.145,1,0.96
7,5,5,1,2,0.913,0.249,1,0.95
7,6,6,1,3,1.32,0.147,1,0.94
7,7,7,1,1,2.069,0.351,1,0.94
7,6,6,1,1,1.064,0.156,1,0.95
7,8,6,0,1,0.555,0.212,1,0.96
7,8,5,0,2,0.334,0.404,1,0.97
7,5,5,1,1,0.54,0.161,1,0.96
7,6,6,1,1,0.68,0.17,1,0.95
7,5,6,0,1,0.454,0.207,1,0.94
7,6,6,1,1,0.46,0.229,1,0.94
7,7,6,0,1,0.305,0.182,1,0.95
7,6,6,1,1,0.401,0.252,1,0.96
7,5,6,0,1,0.401,0.188,1,0.97
7,6,6,1,1,0.352,0.227,1,0.98
7,5,6,0,1,0.308,0.307,1,0.97
7,6,6,1,2,0.279,0.358,1,0.96
7,6,6,1,2,0.398,0.268,1,0.96
7,8,8,1,3,0.528,0.422,1,0.95
7,8,8,1,1,0.877,0.148,1,0.94
7,5,5,1,1,0.787,0.214,1,0.94
7,8,5,0,1,0.518,0.215,1,0.95
7,7,5,0,1,0.447,0.156,1,0.96
7,6,5,0,1,0.254,0.144,1,0.95
7,7,7,1,1,0.626,0.375,1,0.94
7,5,5,1,3,1.584,0.155,1,0.94
7,5,5,1,2,0.702,0.137,1,0.95
7,7,7,1,2,0.539,0.279,1,0.96
7,6,6,1,1,0.597,0.221,1,0.95
7,8,5,0,1,0.531,0.251,1,0.95
7,5,6,0,1,0.548,0.334,1,0.96
7,8,5,0,1,0.892,0.141,1,0.95
7,8,5,0,1,0.529,0.183,1,0.95
7,7,7,1,1,0.697,0.152,1,0.96
7,8,5,0,1,0.643,0.171,1,0.97
7,6,6,1,1,0.41,0.209,1,0.98
7,6,6,1,2,0.575,0.195,1,0.97
7,7,7,1,1,0.671,0.28,1,0.96
7,8,5,0,1,0.927,0.134,1,0.95
7,6,6,1,2,1.199,0.148,1,0.95
7,7,7,1,1,0.7,0.166,1,0.96
7,8,6,0,1,0.997,0.169,1,0.97
7,8,8,1,1,0.907,0.198,1,0.98
7,7,8,0,1,0.535,0.204,1,0.97
7,8,8,1,1,0.421,0.276,1,0.96
7,8,8,1,2,0.623,0.189,1,0.96
7,6,6,1,2,0.845,0.138,1,0.95
7,5,6,0,2,0.393,0.327,1,0.94
7,7,7,1,1,0.833,0.16,1,0.94
7,6,8,0,1,0.612,0.272,1,0.95
7,5,5,1,3,1.047,0.105,1,0.96
7,5,5,1,3,0.971,0.095,1,0.97
7,5,5,1,3,0.463,0.2,1,0.96
7,5,5,1,2,0.499,0.173,1,0.96
7,6,5,0,1,0.549,0.136,1,0.95
7,7,5,0,1,0.517,0.213,1,0.95
7,6,6,1,1,0.517,0.336,1,0.96
7,5,5,1,1,0.567,0.211,1,0.97
7,8,5,0,1,0.977,0.176,1,0.96
7,5,5,1,1,0.458,0.285,1,0.96
7,5,5,1,2,0.417,0.182,1,0.97
7,7,7,1,1,0.695,0.154,1,0.98
7,7,7,1,1,0.278,0.171,1,0.97
7,8,7,0,1,0.338,0.172,1,0.96
7,7,5,0,1,0.348,0.155,1,0.95
7,5,5,1,1,0.394,0.198,1,0.95
7,6,6,1,2,0.666,0.211,1,0.96
7,6,5,0,1,0.477,0.247,1,0.97
7,5,5,1,2,0.452,0.156,1,0.96
7,6,6,1,1,0.427,0.193,1,0.95
7,7,5,0,1,0.437,0.162,1,0.95
8,8,8,1,1,1.554,0.176,1,0.65
8,6,6,1,4,0.914,0.18,1,0.66
8,7,5,0,1,1.04,0.162,1,0.67
8,6,6,1,4,0.862,0.153,1,0.68
8,6,6,1,2,1.729,0.195,1,0.69
8,7,7,1,2,0.963,0.182,1,0.7
8,7,7,1,2,0.696,0.193,1,0.71
8,7,5,0,1,0.949,0.664,1,0.72
8,6,6,1,2,0.782,0.324,1,0.73
8,6,5,0,1,0.767,0.194,1,0.74
8,6,6,1,2,1.048,0.369,1,0.75
8,7,7,1,3,0.686,0.326,1,0.76
8,6,7,0,1,2.668,0.145,1,0.77
8,7,7,1,1,2.025,0.133,1,0.78
8,8,8,1,2,0.938,0.423,1,0.79
8,8,7,0,1,0.67,0.173,1,0.8
8,6,6,1,2,1.423,0.365,1,0.81
8,8,7,0,1,1.439,0.145,1,0.82
8,5,5,1,2,1.177,0.182,1,0.81
8,8,7,0,2,0.971,0.245,1,0.8
8,6,6,1,1,1.37,0.578,1,0.8
8,7,7,1,1,0.795,0.139,1,0.79
8,7,7,1,2,0.931,0.114,1,0.79
8,5,5,1,3,1.123,0.124,1,0.8
8,5,7,0,1,0.801,0.135,1,0.81
8,6,5,0,2,0.835,0.08,1,0.82
8,8,8,1,1,1.368,0.13,1,0.83
8,6,5,0,1,0.914,0.157,1,0.84
8,7,7,1,3,1.008,0.164,1,0.85
8,8,5,0,3,0.842,0.143,1,0.86
8,7,7,1,3,0.916,0.139,1,0.87
8,5,6,0,3,0.95,0.257,1,0.88
8,7,7,1,4,0.91,0.205,1,0.89
8,6,6,1,4,0.725,0.162,1,0.9
8,7,7,1,4,0.647,0.184,1,0.91
8,5,5,1,2,1.573,0.171,1,0.92
8,6,6,1,4,0.674,0.173,1,0.93
8,6,6,1,2,1.19,0.176,1,0.94
8,5,5,1,1,1.011,0.149,1,0.95
8,8,5,0,1,0.702,0.126,1,0.96
8,8,5,0,1,1.138,0.111,1,0.95
8,6,6,1,2,0.734,0.478,1,0.94
8,8,5,0,1,0.841,0.154,1,0.94
8,7,7,1,1,0.67,0.111,1,0.95
8,5,5,1,2,0.814,0.097,1,0.94
8,5,5,1,4,0.692,0.572,1,0.94
8,6,5,0,1,0.609,0.278,1,0.95
8,8,5,0,2,0.439,0.147,1,0.96
8,6,6,1,4,1.142,0.119,1,0.97
8,6,6,1,4,0.42,0.178,1,0.96
8,5,5,1,4,0.854,0.139,1,0.95
8,7,7,1,4,0.773,0.106,1,0.94
8,8,5,0,1,1.102,0.143,1,0.94
8,6,6,1,2,0.865,0.116,1,0.93
8,5,5,1,2,0.836,0.082,1,0.93
8,7,5,0,2,0.704,0.17,1,0.94
8,5,8,0,1,1.78,0.129,1,0.95
8,8,6,0,1,1.876,0.114,1,0.94
8,7,7,1,2,0.808,0.159,1,0.94
8,6,6,1,1,1.273,0.084,1,0.93
8,7,7,1,1,0.879,0.1,1,0.93
8,6,6,1,2,0.702,0.107,1,0.94
8,8,8,1,1,1.975,0.245,1,0.95
8,7,5,0,1,0.818,0.095,1,0.94
8,5,6,0,1,0.356,0.148,1,0.94
8,8,6,0,1,0.492,0.146,1,0.95
8,8,5,0,1,0.437,0.312,1,0.96
8,6,6,1,2,1.601,0.444,1,0.97
8,6,6,1,4,0.543,0.381,1,0.98
8,6,8,0,2,2.143,0.112,1,0.97
8,5,5,1,3,0.999,0.574,1,0.97
8,8,5,0,1,1.021,0.104,1,0.96
8,6,6,1,3,0.909,0.571,1,0.95
8,7,7,1,4,0.648,0.121,1,0.95
8,7,7,1,4,0.324,0.124,1,0.96
8,5,5,1,3,0.988,0.545,1,0.95
8,8,7,0,1,1.437,0.129,1,0.94
8,5,5,1,2,0.817,0.139,1,0.93
8,5,5,1,2,0.379,0.234,1,0.93
8,8,5,0,1,0.733,0.43,1,0.94
8,6,7,0,1,3.813,0.149,1,0.93
8,5,5,1,3,0.934,0.701,1,0.92
8,6,6,1,3,0.697,0.167,1,0.92
8,5,5,1,2,0.833,0.42,1,0.91
8,6,5,0,2,0.499,0.247,1,0.9
8,5,5,1,2,0.491,0.121,1,0.9
8,5,5,1,1,0.828,0.134,1,0.91
8,5,7,0,1,0.943,0.161,1,0.92
8,5,5,1,1,0.875,0.116,1,0.93
8,5,5,1,1,0.55,0.117,1,0.94
8,6,5,0,1,0.587,0.148,1,0.95
8,5,6,0,2,1.393,0.149,1,0.96
8,5,5,1,1,1.229,0.127,1,0.97
8,8,8,1,2,1.438,0.124,1,0.98
8,6,7,0,2,0.796,0.299,1,0.97
8,6,6,1,2,0.784,0.473,1,0.96
8,5,6,0,3,0.35,0.455,1,0.96
8,7,7,1,4,0.731,0.437,1,0.97
8,5,7,0,4,0.522,0.296,1,0.96
8,8,8,1,4,0.865,0.219,1,0.96
8,5,5,1,4,0.839,0.202,1,0.94
8,7,7,1,4,0.706,0.236,1,0.93
8,5,5,1,4,0.69,0.175,1,0.92
8,6,6,1,2,0.782,0.819,1,0.92
8,7,5,0,2,0.694,0.209,1,0.93
8,6,5,0,1,1.11,0.189,1,0.94
8,7,7,1,1,1.369,0.198,1,0.95
8,6,6,1,1,0.831,0.33,1,0.96
8,8,7,0,2,0.967,0.577,1,0.97
8,7,7,1,3,0.609,0.498,1,0.98
8,7,7,1,3,0.752,0.143,1,0.99
8,5,5,1,2,1.031,0.261,1,0.99
8,8,7,0,2,0.881,0.152,1,0.98
8,6,6,1,2,0.659,0.15,1,0.97
8,6,6,1,2,1.511,0.125,1,0.97
8,8,5,0,2,0.792,0.117,1,0.96
8,8,8,1,1,1.19,0.093,1,0.96
8,5,6,0,3,1.293,0.124,1,0.97
8,5,5,1,2,1.122,0.116,1,0.98
8,7,7,1,4,0.828,0.148,1,0.99
8,7,7,1,4,0.493,0.126,1,0.99
8,6,7,0,1,0.792,0.13,1,0.98
8,8,7,0,2,0.509,0.104,1,0.98
8,8,7,0,2,0.355,0.77,1,0.99
8,5,5,1,2,0.819,0.125,1,0.98
8,7,7,1,2,0.723,0.102,1,0.97
8,8,7,0,2,0.392,0.118,1,0.97
8,8,8,1,4,1.109,0.137,1,0.96
8,7,7,1,4,0.683,0.169,1,0.96
8,5,5,1,4,1.14,0.168,1,0.97
8,7,7,1,4,0.65,0.128,1,0.98
8,8,5,0,3,0.763,0.385,1,0.99
8,6,7,0,1,1.037,0.088,1,0.98
8,6,6,1,2,0.934,0.096,1,0.97
8,6,6,1,3,0.832,0.095,1,0.97
8,8,8,1,2,0.946,0.133,1,0.96
8,6,6,1,1,0.824,0.09,1,0.95
8,6,5,0,1,0.914,0.108,1,0.94
8,5,5,1,2,0.824,0.122,1,0.94
8,8,6,0,1,0.735,0.143,1,0.95
8,5,5,1,2,0.988,0.098,1,0.94
8,8,8,1,2,0.868,0.1,1,0.94
8,7,5,0,1,0.922,0.101,1,0.95
8,7,7,1,4,0.743,0.141,1,0.96
8,5,5,1,3,0.849,0.145,1,0.97
8,5,5,1,2,0.758,0.149,1,0.98
8,8,7,0,1,0.734,0.112,1,0.97
8,7,7,1,1,0.575,0.105,1,0.97
8,8,6,0,1,0.731,0.107,1,0.98
8,8,5,0,1,0.733,0.186,1,0.97
8,7,7,1,3,0.983,0.306,1,0.97
8,6,6,1,3,0.724,0.117,1,0.98
8,6,6,1,2,0.67,0.103,1,0.97
8,6,7,0,1,0.703,0.1,1,0.96
8,7,7,1,1,0.738,0.134,1,0.95
8,5,7,0,1,0.43,0.102,1,0.95
8,5,5,1,2,0.871,0.853,1,0.96
8,8,5,0,2,0.968,0.115,1,0.97
8,8,6,0,2,0.632,0.119,1,0.98
8,6,6,1,4,0.772,0.099,1,0.97
8,7,7,1,3,1.137,0.167,1,0.97
8,5,5,1,4,0.719,0.125,1,0.96
8,5,6,0,3,1.17,0.562,1,0.96
8,5,5,1,4,0.6,0.665,1,0.97
8,5,5,1,4,0.453,0.161,1,0.98
8,5,5,1,4,0.304,0.156,1,0.97
8,7,6,0,3,1.015,0.592,1,0.97
8,7,7,1,3,0.702,0.236,1,0.96
8,7,7,1,4,0.609,0.172,1,0.95
8,5,5,1,4,0.805,0.154,1,0.95
8,6,6,1,3,0.88,0.222,1,0.96
8,7,8,0,1,0.981,0.131,1,0.97
8,6,6,1,2,0.737,0.117,1,0.98
8,5,5,1,2,0.633,0.113,1,0.97
8,8,6,0,1,0.854,0.131,1,0.96
8,8,6,0,1,0.651,0.129,1,0.96
8,7,7,1,3,0.678,0.849,1,0.97
8,7,7,1,2,0.594,0.157,1,0.98
8,8,6,0,1,0.687,0.108,1,0.97
8,7,5,0,2,0.924,0.174,1,0.97
8,6,7,0,1,0.974,0.321,1,0.96
8,5,5,1,2,0.921,0.116,1,0.96
8,7,7,1,2,1.057,0.083,1,0.97
8,8,7,0,1,0.643,0.102,1,0.96
8,8,8,1,3,1.455,0.108,1,0.96
8,8,8,1,3,0.46,0.368,1,0.97
8,7,7,1,4,0.697,0.536,1,0.98
8,8,8,1,1,1.023,0.407,1,0.97
8,5,6,0,2,1.039,0.107,1,0.97
8,8,6,0,2,1.036,0.111,1,0.98
8,6,5,0,1,1.993,0.173,1,0.99
8,8,8,1,4,0.779,0.139,1,0.99
8,5,5,1,4,0.752,0.115,1,0.99
8,8,5,0,1,1.363,0.118,1,0.98
8,5,5,1,2,2.757,0.248,1,0.97
8,6,6,1,3,1.641,0.275,1,0.97
8,7,7,1,4,1.082,0.11,1,0.98
8,7,7,1,2,0.877,0.135,1,0.97
8,7,6,0,1,0.747,0.143,1,0.97
8,7,7,1,3,1.117,0.09,1,0.96
8,7,7,1,1,0.783,0.1,1,0.93
8,7,5,0,1,0.919,0.098,1,0.94
8,5,5,1,1,0.537,0.119,1,0.95
8,7,6,0,1,0.302,0.111,1,0.96
8,6,6,1,1,0.72,0.092,1,0.97
8,7,7,1,1,0.885,0.091,1,0.96
8,7,7,1,1,0.842,0.121,1,0.95
8,5,8,0,1,1.194,0.106,1,0.95
8,7,7,1,1,0.7,0.089,1,0.96
8,7,6,0,1,0.629,0.107,1,0.95
8,8,7,0,1,0.565,0.086,1,0.95
8,5,5,1,2,1.245,0.249,1,0.96
8,8,7,0,1,0.749,0.444,1,0.97
8,6,6,1,2,0.728,0.144,1,0.96
8,5,5,1,1,1.165,0.092,1,0.96
8,7,7,1,2,0.695,0.116,1,0.97
8,7,5,0,2,0.802,0.119,1,0.96
8,8,8,1,2,0.697,0.107,1,0.96
8,6,6,1,2,0.651,0.083,1,0.95
8,7,7,1,2,0.721,0.101,1,0.95
8,7,5,0,2,0.982,0.103,1,0.96
8,6,7,0,1,0.768,0.202,1,0.97
8,5,5,1,2,0.761,0.225,1,0.96
8,8,5,0,2,0.616,0.161,1,0.95
8,7,7,1,2,0.855,0.124,1,0.94
8,5,5,1,2,0.661,0.156,1,0.94
8,5,5,1,3,0.669,0.101,1,0.95
8,7,5,0,1,0.949,0.087,1,0.94
8,8,6,0,1,0.664,0.328,1,0.94
8,6,6,1,1,1.303,0.099,1,0.95
8,8,8,1,2,0.945,0.127,1,0.96
8,7,5,0,2,0.782,0.212,1,0.97
8,5,5,1,2,0.616,0.096,1,0.96
8,8,8,1,2,0.931,0.094,1,0.95
8,8,8,1,2,0.708,0.109,1,0.95
8,6,6,1,2,0.868,0.134,1,0.96
8,7,5,0,1,1.011,0.102,1,0.97
8,8,6,0,1,0.662,0.095,1,0.98
8,6,6,1,1,0.599,0.128,1,0.97
8,6,6,1,3,0.679,0.13,1,0.97
8,8,6,0,1,0.598,0.033,1,0.96
8,6,6,1,1,0.471,0.077,1,0.96
8,8,8,1,1,0.832,0.076,1,0.97
8,8,6,0,1,0.704,0.079,1,0.96
8,8,5,0,2,0.84,0.088,1,0.96
8,6,6,1,2,0.753,0.23,1,0.97
8,5,5,1,4,0.94,0.331,1,0.98
8,5,8,0,1,1.621,0.773,1,0.97
8,7,7,1,3,0.911,0.134,1,0.97
8,7,7,1,3,0.613,0.359,1,0.96
8,5,5,1,2,0.693,0.163,1,0.95
8,8,7,0,1,0.709,0.333,1,0.95
8,7,7,1,1,0.489,0.119,1,0.96
8,6,6,1,2,0.828,0.23,1,0.97
8,7,5,0,1,0.601,0.102,1,0.96
8,6,6,1,1,0.678,0.158,1,0.96
8,7,7,1,1,0.889,0.102,1,0.95
8,6,6,1,2,0.591,0.153,1,0.95
8,7,5,0,1,0.618,0.103,1,0.94
8,7,7,1,2,0.662,0.095,1,0.93
8,8,7,0,1,0.648,0.061,1,0.93
8,7,6,0,2,0.753,0.109,1,0.94
8,7,7,1,2,0.51,0.115,1,0.95
8,6,6,1,2,0.949,0.106,1,0.94
8,6,6,1,2,0.717,0.128,1,0.94
8,7,5,0,1,0.734,0.146,1,0.95
8,8,5,0,1,0.485,0.129,1,0.96
8,7,7,1,2,0.888,0.09,1,0.95
8,8,8,1,4,0.917,0.142,1,0.95
8,7,7,1,2,0.926,0.119,1,0.96
8,6,6,1,2,0.732,0.091,1,0.97
8,5,5,1,1,0.841,0.135,1,0.98
8,5,6,0,1,0.755,0.124,1,0.97
8,6,7,0,1,0.712,0.107,1,0.97
8,7,7,1,1,0.515,0.098,1,0.98
8,6,7,0,1,0.721,0.119,1,0.97
8,5,5,1,1,0.766,0.138,1,0.96
8,7,7,1,1,0.789,0.109,1,0.96
8,5,7,0,1,0.822,0.139,1,0.97
8,5,8,0,3,0.856,0.254,1,0.96
8,8,8,1,4,0.667,0.254,1,0.95
8,5,7,0,1,0.685,0.074,1,0.94
8,7,5,0,1,2.6,0.12,1,0.94
8,8,8,1,4,0.819,0.164,1,0.95
8,8,8,1,4,0.341,0.105,1,0.94
8,7,7,1,4,0.596,0.081,1,0.94
8,6,6,1,2,2.25,0.131,1,0.95
8,7,5,0,2,0.713,0.079,1,0.96
8,7,7,1,3,0.666,0.441,1,0.97
8,6,6,1,4,0.598,0.311,1,0.96
8,6,6,1,2,0.923,0.103,1,0.95
8,7,7,1,2,0.597,0.082,1,0.94
8,5,6,0,1,0.767,0.088,1,0.94
8,6,6,1,1,0.455,0.115,1,0.95
8,8,8,1,4,0.814,0.16,1,0.94
8,8,7,0,1,0.683,0.114,1,0.94
8,5,6,0,1,0.883,0.123,1,0.95
8,8,8,1,2,0.742,0.083,1,0.96
8,7,7,1,1,0.565,0.089,1,0.97
8,6,6,1,1,0.875,0.117,1,0.96
8,5,7,0,1,1.329,0.952,1,0.99
8,7,6,0,1,1.34,0.2,1,0.99
8,5,5,1,2,1.226,0.173,1,0.98
8,8,5,0,2,0.929,0.271,1,0.98
8,5,5,1,2,0.727,0.118,1,0.97
8,6,6,1,4,0.916,0.15,1,0.97
8,6,7,0,2,1.002,0.192,1,0.98
8,6,6,1,3,0.706,0.5,1,0.99
8,5,5,1,4,0.831,0.178,1,0.98
8,8,5,0,2,0.891,0.164,1,0.98
8,5,5,1,3,1.059,0.219,1,0.97
8,5,5,1,1,3.678,0.283,1,0.96
8,6,6,1,3,1.064,0.194,1,0.96
8,8,8,1,3,1.119,0.111,1,0.95
8,8,8,1,1,0.842,0.321,1,0.95
8,5,5,1,2,0.851,0.136,1,0.96
8,7,5,0,1,2.199,0.053,1,0.97
8,8,7,0,2,0.998,0.171,1,0.96
8,8,6,0,1,1.423,0.103,1,0.96
8,8,7,0,1,2.109,0.124,1,0.97
8,5,5,1,2,1.041,0.147,1,0.98
8,8,8,1,4,0.862,0.207,1,0.97
8,5,5,1,2,0.677,0.163,1,0.96
8,8,7,0,1,0.992,0.122,1,0.96
8,6,6,1,4,0.766,0.264,1,0.95
8,7,7,1,4,0.607,0.098,1,0.95
8,7,8,0,2,0.887,0.095,1,0.96
8,6,6,1,4,0.78,0.288,1,0.97
8,8,5,0,3,0.995,0.128,1,0.96
8,7,7,1,2,1.02,0.478,1,0.95
8,7,7,1,1,0.563,0.102,1,0.95
8,6,7,0,2,0.671,0.08,1,0.96
8,8,8,1,2,1.419,0.09,1,0.95
8,8,8,1,3,0.731,0.086,1,0.95
8,6,6,1,1,1.45,0.143,1,0.96
8,7,5,0,1,1.708,0.138,1,0.97
8,5,7,0,2,0.658,0.091,1,0.98
8,5,5,1,2,1.343,0.278,1,0.97
8,8,8,1,4,0.771,0.557,1,0.96
8,6,6,1,2,0.894,0.11,1,0.96
8,5,6,0,1,0.996,0.145,1,0.97
8,7,7,1,2,1.101,0.155,1,0.96
8,5,8,0,2,0.655,0.103,1,0.96
8,6,6,1,4,0.708,0.256,1,0.97
8,5,5,1,4,0.659,0.116,1,0.96
8,5,7,0,1,0.718,0.105,1,0.95
8,5,5,1,2,0.775,0.113,1,0.95
8,8,6,0,2,0.665,0.104,1,0.96
8,6,6,1,2,0.618,0.1,1,0.95
8,6,6,1,2,0.533,0.07,1,0.95
8,7,7,1,4,0.616,0.133,1,0.96
8,6,6,1,4,0.579,0.085,1,0.97
8,8,5,0,1,1.0,0.09,1,0.96
8,7,7,1,2,0.689,0.075,1,0.96
8,7,7,1,2,0.62,0.075,1,0.97
8,8,5,0,1,0.952,0.105,1,0.96
8,8,7,0,2,0.796,0.095,1,0.96
8,6,6,1,4,0.658,0.119,1,0.97
8,5,5,1,4,0.879,0.115,1,0.98
8,5,5,1,4,0.979,0.133,1,0.97
8,5,5,1,2,0.71,0.173,1,0.97
8,8,5,0,2,0.486,0.221,1,0.96
8,8,6,0,1,0.771,0.111,1,0.95
8,8,5,0,2,0.616,0.119,1,0.95
8,6,5,0,2,0.451,0.108,1,0.96
8,6,6,1,4,0.839,0.103,1,0.97
8,8,8,1,4,0.606,0.089,1,0.96
8,6,6,1,4,0.577,0.09,1,0.95
8,8,8,1,4,0.693,0.104,1,0.95
8,6,5,0,3,1.418,0.105,1,0.96
8,5,5,1,4,0.557,0.108,1,0.97
8,5,5,1,4,0.523,0.128,1,0.98
8,8,8,1,2,1.383,0.159,1,0.99
8,5,5,1,2,1.498,0.131,1,0.98
8,5,5,1,1,0.455,0.16,1,0.97
8,8,8,1,1,0.926,0.086,1,0.97
8,7,5,0,1,1.147,0.073,1,0.96
8,5,6,0,1,0.93,0.142,1,0.96
8,7,7,1,1,0.369,0.102,1,0.97
8,6,5,0,2,0.731,0.173,1,0.96
8,7,7,1,2,0.995,0.083,1,0.95
8,6,6,1,2,0.679,0.509,1,0.95
8,6,5,0,2,0.576,0.135,1,0.94
8,5,5,1,2,0.924,0.116,1,0.93
8,5,5,1,2,0.711,0.074,1,0.93
8,7,5,0,1,0.775,0.11,1,0.94
8,6,6,1,3,0.903,0.074,1,0.95
8,6,6,1,2,0.898,0.309,1,0.96
8,5,5,1,1,1.616,0.121,1,0.95
8,5,5,1,1,0.547,0.145,1,0.95
8,5,6,0,2,1.324,0.166,1,0.96
8,7,8,0,2,0.842,0.102,1,0.97
8,7,7,1,2,0.576,0.083,1,0.98
8,8,5,0,1,0.737,0.091,1,0.97
8,6,6,1,1,0.719,0.117,1,0.97
8,5,5,1,2,0.871,0.067,1,0.98
8,5,6,0,3,1.08,0.139,1,0.97
8,6,6,1,1,0.87,0.108,1,0.96
8,6,5,0,2,0.772,0.13,1,0.96
8,5,5,1,2,0.706,0.106,1,0.97
9,7,5,0,1,1.145,0.523,1,0.94
9,5,5,1,1,0.393,0.198,1,0.94
9,5,6,0,1,0.14,0.141,1,0.95
9,5,7,0,1,0.254,0.162,1,0.94
9,6,6,1,1,0.0,0.148,1,0.93
9,6,6,1,1,0.184,0.133,1,0.93
9,6,6,1,1,0.14,0.114,1,0.94
9,7,7,1,1,0.251,0.163,1,0.95
9,5,8,0,1,0.124,0.151,1,0.96
9,6,7,0,1,0.078,0.129,1,0.95
9,7,5,0,1,0.081,0.177,1,0.95
9,5,6,0,1,0.246,0.191,1,0.96
9,7,7,1,1,0.025,0.16,1,0.95
9,5,7,0,1,0.522,0.308,1,0.95
9,8,8,1,4,0.526,0.401,1,0.96
9,8,6,0,4,0.754,0.194,1,0.97
9,7,7,1,4,0.414,0.19,1,0.96
9,5,5,1,4,0.566,0.146,1,0.96
9,5,5,1,4,0.228,0.163,1,0.97
9,7,6,0,1,0.688,0.248,1,0.98
9,8,8,1,4,0.919,0.244,1,0.97
9,7,7,1,4,0.471,0.162,1,0.96
9,6,6,1,4,0.488,0.285,1,0.95
9,6,5,0,1,0.83,0.556,1,0.94
9,6,6,1,4,0.685,0.204,1,0.93
9,8,8,1,4,0.518,0.17,1,0.93
9,6,7,0,1,2.216,0.114,1,0.94
9,5,5,1,4,1.004,0.16,1,0.95
9,8,8,1,4,0.595,0.144,1,0.96
9,5,5,1,4,0.489,0.278,1,0.95
9,8,5,0,1,1.263,0.109,1,0.95
9,7,8,0,1,0.639,0.144,1,0.94
9,6,7,0,1,0.388,0.118,1,0.94
9,8,7,0,1,0.548,0.134,1,0.95
9,8,8,1,4,0.613,0.179,1,0.96
9,5,5,1,4,0.343,0.164,1,0.97
9,5,5,1,4,0.311,0.174,1,0.96
9,7,6,0,1,0.709,0.27,1,0.95
9,7,7,1,1,0.762,0.164,1,0.95
9,8,8,1,4,0.457,0.244,1,0.96
9,5,8,0,4,0.671,0.178,1,0.95
9,7,7,1,1,0.764,0.182,1,0.95
9,7,7,1,4,0.988,0.216,1,0.94
9,6,6,1,4,0.924,0.245,1,0.94
9,6,6,1,4,1.361,0.177,1,0.95
9,6,8,0,1,0.695,0.25,1,0.96
9,7,8,0,1,0.386,0.149,1,0.95
9,8,8,1,4,0.621,0.267,1,0.94
9,7,8,0,1,0.29,0.203,1,0.94
9,5,7,0,1,0.186,0.169,1,0.95
9,7,6,0,1,0.121,0.284,1,0.96
9,7,7,1,4,0.576,0.589,1,0.97
9,7,7,1,4,0.284,0.217,1,0.96
9,8,8,1,4,0.363,0.162,1,0.95
9,8,8,1,4,0.208,0.156,1,0.95
9,6,6,1,4,0.966,0.239,1,0.94
9,6,6,1,4,0.754,0.2,1,0.94
9,8,5,0,1,0.945,0.452,1,0.93
9,5,5,1,1,0.442,0.184,1,0.93
9,8,6,0,1,0.384,0.156,1,0.94
9,5,8,0,4,0.516,0.181,1,0.93
9,5,5,1,4,0.513,0.155,1,0.93
9,6,6,1,4,0.348,0.177,1,0.94
9,5,8,0,4,1.137,0.168,1,0.95
9,6,6,1,4,0.721,0.2,1,0.96
9,6,6,1,4,0.41,0.272,1,0.97
9,7,7,1,1,0.666,0.553,1,0.98
9,8,6,0,1,1.848,0.475,1,0.97
9,6,6,1,4,0.899,0.402,1,0.97
9,6,6,1,4,0.598,0.257,1,0.96
9,6,6,1,1,0.558,0.383,1,0.96
9,5,8,0,1,0.728,0.274,1,0.95
9,7,7,1,1,1.027,0.216,1,0.94
9,6,6,1,1,0.739,0.35,1,0.94
9,7,6,0,1,0.396,0.155,1,0.95
9,8,6,0,1,0.327,0.154,1,0.94
9,6,6,1,4,0.461,0.309,1,0.94
9,5,8,0,4,0.582,0.209,1,0.95
9,7,6,0,1,0.499,0.175,1,0.96
9,7,7,1,4,0.605,0.431,1,0.97
9,8,8,1,4,0.546,0.177,1,0.96
9,8,8,1,4,0.29,0.175,1,0.95
9,7,7,1,4,0.672,0.363,1,0.94
9,5,6,0,1,0.607,0.308,1,0.93
9,7,7,1,4,0.656,0.22,1,0.93
9,7,6,0,4,0.525,0.817,1,0.92
9,6,6,1,4,0.6,0.188,1,0.91
9,8,8,1,4,0.456,0.184,1,0.91
9,5,8,0,4,0.325,0.161,1,0.92
9,5,6,0,1,1.445,0.257,1,0.93
9,6,6,1,4,0.587,0.746,1,0.94
9,5,7,0,4,0.877,0.271,1,0.95
9,6,6,1,4,0.697,0.427,1,0.94
9,5,7,0,4,0.581,0.594,1,0.94
9,7,7,1,4,0.782,0.212,1,0.93
9,8,6,0,4,0.785,0.522,1,0.92
9,5,5,1,4,0.603,0.224,1,0.91
9,6,6,1,4,0.454,0.192,1,0.91
9,7,7,1,4,0.362,0.209,1,0.92
9,8,8,1,4,0.468,0.158,1,0.93
9,7,7,1,4,0.895,0.138,1,0.92
9,7,7,1,4,0.412,0.11,1,0.92
9,6,6,1,4,0.86,0.156,1,0.93
9,5,7,0,4,0.65,0.158,1,0.94
9,6,6,1,4,0.693,0.136,1,0.95
9,7,7,1,4,0.532,0.174,1,0.94
9,7,7,1,4,0.418,0.166,1,0.94
9,5,5,1,1,1.306,0.156,1,0.93
9,7,7,1,1,0.739,0.165,1,0.93
9,8,6,0,2,0.437,0.154,1,0.94
9,6,7,0,1,0.257,0.211,1,0.95
9,5,7,0,1,0.343,0.171,1,0.96
9,5,8,0,1,1.376,0.096,1,0.97
9,5,5,1,4,0.691,0.139,1,0.98
9,5,7,0,1,0.614,0.154,1,0.99
9,5,5,1,4,0.572,0.155,1,0.98
9,7,7,1,1,0.66,0.367,1,0.98
9,7,7,1,1,0.526,0.159,1,0.97
9,7,7,1,4,0.504,0.196,1,0.96
9,5,5,1,1,0.733,0.237,1,0.95
9,8,5,0,1,3.0,0.598,1,0.95
9,8,5,0,1,1.204,0.117,1,0.96
9,7,7,1,1,0.666,0.173,1,0.95
9,6,6,1,1,0.657,0.189,1,0.95
9,6,5,0,1,0.479,0.244,1,0.94
9,5,7,0,1,0.45,0.122,1,0.94
9,6,5,0,1,0.388,0.139,1,0.95
9,8,5,0,1,0.836,0.109,1,0.94
9,7,7,1,1,0.58,0.128,1,0.94
9,6,6,1,4,0.698,0.309,1,0.95
9,7,7,1,4,0.593,0.176,1,0.96
9,5,5,1,2,0.564,0.191,1,0.97
9,6,6,1,3,0.801,0.154,1,0.98
9,7,7,1,2,0.69,0.155,1,0.97
9,6,7,0,1,0.973,0.096,1,0.97
9,6,5,0,1,0.569,0.157,1,0.96
9,7,7,1,1,0.62,0.176,1,0.95
9,6,7,0,1,0.73,0.178,1,0.95
9,6,5,0,1,0.596,0.108,1,0.94
9,8,6,0,1,1.419,0.139,1,0.94
9,7,7,1,1,0.96,0.156,1,0.95
9,5,6,0,4,0.556,0.212,1,0.96
9,8,8,1,4,0.889,0.145,1,0.95
9,8,8,1,4,0.329,0.166,1,0.95
9,6,6,1,4,0.515,0.173,1,0.96
9,8,8,1,4,0.712,0.164,1,0.97
9,8,8,1,4,0.221,0.138,1,0.98
9,5,8,0,4,0.581,0.144,1,0.97
9,8,8,1,4,0.307,0.13,1,0.97
9,7,7,1,4,0.593,0.168,1,0.96
9,7,7,1,4,0.668,0.154,1,0.95
9,8,5,0,1,0.996,0.123,1,0.94
9,5,5,1,1,0.6,0.068,1,0.94
9,5,5,1,1,0.44,0.151,1,0.95
9,6,5,0,2,0.516,0.225,1,0.96
9,8,8,1,4,0.593,0.157,1,0.97
9,8,8,1,4,0.395,0.138,1,0.98
9,8,5,0,2,1.122,0.234,1,0.97
9,5,5,1,2,0.697,0.174,1,0.96
9,8,8,1,4,0.768,0.156,1,0.96
9,7,7,1,1,1.074,0.219,1,0.97
9,8,7,0,1,0.378,0.131,1,0.98
9,8,6,0,2,0.137,0.173,1,0.97
9,6,5,0,1,0.211,0.136,1,0.96
9,5,8,0,1,0.2,0.174,1,0.95
9,5,8,0,4,0.672,0.143,1,0.94
9,8,8,1,4,0.125,0.13,1,0.93
9,8,8,1,4,0.069,0.152,1,0.92
9,8,8,1,4,0.054,0.151,1,0.92
9,6,8,0,4,0.459,0.182,1,0.93
9,8,8,1,4,0.288,0.143,1,0.94
9,7,7,1,4,0.521,0.138,1,0.95
9,8,8,1,4,0.392,0.131,1,0.96
9,7,8,0,1,0.773,0.202,1,0.95
9,8,8,1,1,0.314,0.145,1,0.95
9,6,6,1,1,1.06,0.407,1,0.96
9,5,8,0,4,0.496,0.159,1,0.97
9,5,8,0,1,0.467,0.178,1,0.98
9,7,7,1,2,0.496,0.167,1,0.97
9,5,8,0,1,0.271,0.213,1,0.97
9,6,6,1,1,1.047,0.736,1,0.98
9,8,8,1,4,0.466,0.167,1,0.97
9,6,6,1,1,0.686,0.33,1,0.97
9,8,8,1,4,0.44,0.147,1,0.96
9,5,8,0,4,0.227,0.166,1,0.95
9,5,8,0,4,0.331,0.148,1,0.94
9,8,8,1,4,0.263,0.133,1,0.93
9,7,5,0,1,1.379,0.092,1,0.93
9,8,8,1,4,0.399,0.16,1,0.94
9,6,6,1,4,0.575,0.157,1,0.95
9,5,8,0,4,0.549,0.131,1,0.96
9,5,5,1,4,0.713,0.193,1,0.97
9,7,7,1,4,0.745,0.364,1,0.96
9,7,7,1,4,0.509,0.201,1,0.95
9,8,8,1,1,0.587,0.189,1,0.95
9,6,8,0,1,0.317,0.157,1,0.94
9,8,8,1,1,0.263,0.11,1,0.93
9,7,7,1,1,0.487,0.17,1,0.93
9,6,8,0,1,0.509,0.141,1,0.94
9,8,8,1,1,0.335,0.162,1,0.93
9,6,6,1,1,0.797,0.204,1,0.93
9,6,6,1,4,0.456,0.165,1,0.94
9,5,5,1,3,0.232,0.182,1,0.95
9,6,6,1,3,0.368,0.099,1,0.96
9,6,7,0,2,0.023,0.195,1,0.95
9,7,8,0,1,0.066,0.194,1,0.95
9,7,7,1,2,0.201,0.135,1,0.96
9,7,7,1,2,0.137,0.098,1,0.97
9,5,7,0,2,0.291,0.075,1,0.98
9,6,6,1,3,0.078,0.183,1,0.99
9,5,6,0,3,0.238,0.229,1,0.98
9,8,6,0,4,0.647,1.24,1,0.97
9,7,7,1,1,0.411,0.302,1,0.96
9,5,5,1,4,0.354,0.134,1,0.95
9,8,8,1,4,0.396,0.132,1,0.95
9,6,6,1,4,0.268,0.123,1,0.94
9,8,5,0,2,0.217,0.162,1,0.94
9,6,6,1,2,0.561,0.134,1,0.95
9,5,5,1,4,0.384,0.1,1,0.96
9,5,6,0,4,0.57,0.146,1,0.97
9,7,7,1,2,0.861,0.098,1,0.98
9,5,6,0,3,0.169,0.123,1,0.97
9,8,5,0,2,0.078,0.294,1,0.96
9,7,6,0,3,0.05,0.165,1,0.96
9,7,7,1,3,0.597,0.057,1,0.97
9,7,6,0,3,0.688,0.961,1,0.96
9,6,6,1,3,0.478,0.066,1,0.95
9,6,6,1,3,0.22,0.097,1,0.94
9,7,6,0,3,0.066,0.2,1,0.93
9,5,7,0,2,0.205,0.07,1,0.93
9,8,6,0,2,0.065,0.09,1,0.94
9,8,6,0,3,0.941,0.425,1,0.95
9,6,6,1,3,0.408,0.094,1,0.96
9,7,7,1,4,0.41,0.111,1,0.97
9,5,5,1,4,0.296,0.112,1,0.98
9,7,6,0,4,0.305,0.165,1,0.97
9,7,7,1,4,0.171,0.099,1,0.96
9,7,7,1,4,0.173,0.069,1,0.96
9,7,7,1,4,0.117,0.076,1,0.95
9,8,8,1,4,0.532,0.097,1,0.94
9,5,5,1,4,0.27,0.079,1,0.93
9,5,6,0,4,0.166,0.093,1,0.93
9,7,7,1,4,0.409,0.093,1,0.92
9,5,8,0,4,2.111,0.1,1,0.92
9,8,8,1,4,0.683,0.082,1,0.93
9,5,5,1,1,0.617,0.09,1,0.94
9,5,8,0,1,0.683,0.195,1,0.95
9,6,6,1,2,0.641,0.099,1,0.96
9,6,6,1,4,0.472,0.137,1,0.95
9,6,6,1,4,0.213,0.134,1,0.95
9,5,5,1,4,0.422,0.1,1,0.96
9,6,6,1,4,0.449,0.104,1,0.97
9,5,5,1,4,0.399,0.081,1,0.96
9,5,5,1,4,0.433,0.106,1,0.96
9,5,8,0,1,0.57,0.084,1,0.97
9,6,6,1,2,0.793,0.095,1,0.96
9,6,8,0,1,0.347,0.105,1,0.96
9,8,5,0,1,0.362,0.091,1,0.97
9,7,7,1,2,0.689,0.131,1,0.96
9,7,7,1,2,0.257,0.083,1,0.96
9,8,7,0,2,0.636,0.096,1,0.97
9,7,8,0,1,0.161,0.098,1,0.98
9,8,7,0,2,0.253,0.065,1,0.97
9,7,7,1,2,0.359,0.072,1,0.96
9,8,8,1,3,0.39,0.067,1,0.95
9,6,6,1,2,0.818,0.1,1,0.94
9,5,7,0,3,1.028,0.16,1,0.93
9,6,6,1,2,0.861,0.115,1,0.93
9,5,5,1,2,0.623,0.604,1,0.94
9,6,6,1,2,0.504,0.118,1,0.95
9,5,6,0,2,0.557,0.067,1,0.94
9,8,8,1,2,0.358,0.165,1,0.94
9,8,8,1,2,0.381,0.034,1,0.95
9,6,6,1,2,0.539,0.081,1,0.96
9,6,6,1,2,0.535,0.062,1,0.95
9,5,5,1,3,0.732,0.166,1,0.95
9,8,6,0,2,0.487,0.096,1,0.96
9,5,6,0,2,0.3,0.076,1,0.95
9,5,7,0,2,0.254,0.009,1,0.94
9,5,7,0,2,0.199,0.522,1,0.94
9,5,6,0,2,0.959,0.098,1,0.93
9,8,8,1,2,0.447,0.093,1,0.93
9,8,8,1,3,0.252,0.047,1,0.94
9,8,8,1,1,0.227,0.087,1,0.95
9,5,8,0,2,0.175,0.049,1,0.96
9,6,8,0,3,0.087,0.447,1,0.95
9,8,6,0,3,0.154,0.294,1,0.94
9,5,5,1,1,0.015,0.293,1,0.94
9,6,5,0,2,0.038,0.049,1,0.93
9,7,6,0,2,0.126,0.006,1,0.93
9,7,6,0,3,0.105,0.051,1,0.94
9,8,6,0,3,0.084,0.034,1,0.93
9,8,8,1,2,0.032,0.1,1,0.93
9,8,6,0,3,0.047,0.149,1,0.94
9,6,6,1,2,0.007,0.014,1,0.95
9,8,8,1,2,0.0,0.14,1,0.96
9,6,7,0,1,0.03,0.081,1,0.95
9,8,5,0,1,0.0,0.204,1,0.95
9,7,6,0,2,0.062,0.002,1,0.96
9,7,5,0,3,0.047,0.115,1,0.95
9,5,5,1,4,0.462,0.15,1,0.94
9,8,8,1,4,0.346,0.123,1,0.95
9,8,8,1,4,0.191,0.129,1,0.96
9,5,5,1,4,0.386,0.094,1,0.97
9,7,7,1,4,0.35,0.125,1,0.98
9,7,7,1,4,0.212,0.105,1,0.97
9,7,7,1,4,0.118,0.13,1,0.96
9,7,7,1,1,0.844,0.154,1,0.95
9,8,8,1,4,0.379,0.154,1,0.95
9,7,7,1,1,0.365,0.225,1,0.94
9,7,7,1,1,0.424,0.129,1,0.94
9,6,6,1,1,0.645,0.229,1,0.95
9,7,7,1,2,0.569,0.152,1,0.96
9,7,7,1,2,0.246,0.078,1,0.97
9,8,8,1,2,0.456,0.434,1,0.96
9,7,6,0,2,0.314,0.022,1,0.95
9,5,6,0,2,0.033,0.027,1,0.95
9,6,6,1,2,0.032,0.012,1,0.94
9,7,6,0,3,0.031,0.035,1,0.94
9,8,7,0,1,0.039,0.003,1,0.95
9,7,7,1,2,0.668,0.126,1,0.96
9,5,6,0,1,0.594,0.004,1,0.95
9,6,6,1,2,0.005,0.004,1,0.94
9,5,5,1,4,0.518,0.14,1,0.94
9,8,7,0,4,0.685,0.08,1,0.93
9,6,6,1,4,0.676,0.179,1,0.93
9,6,6,1,4,0.496,0.152,1,0.94
9,8,6,0,4,0.749,0.098,1,0.95
9,6,6,1,4,0.547,0.099,1,0.94
9,7,7,1,2,0.459,0.087,1,0.94
9,8,8,1,4,0.61,0.1,1,0.95
9,5,8,0,4,0.265,0.133,1,0.94
9,8,8,1,4,0.253,0.132,1,0.94
9,8,8,1,4,0.215,0.132,1,0.93
9,7,7,1,2,0.563,0.141,1,0.93
9,7,7,1,2,0.556,0.138,1,0.94
9,5,6,0,3,0.306,0.055,1,0.93
9,8,6,0,1,0.008,0.004,1,0.93
9,6,6,1,1,0.0,0.034,1,0.94
9,6,7,0,3,0.025,0.049,1,0.95
9,7,7,1,4,0.547,0.134,1,0.96
9,7,7,1,4,0.289,0.099,1,0.95
9,5,8,0,4,0.425,0.099,1,0.94
9,5,8,0,1,0.371,0.099,1,0.94
9,5,7,0,2,0.611,0.133,1,0.93
9,7,7,1,2,0.876,0.111,1,0.93
9,6,6,1,3,0.683,0.105,1,0.94
9,7,6,0,3,0.713,0.034,1,0.95
9,5,5,1,4,0.421,0.131,1,0.96
9,5,5,1,4,0.265,0.078,1,0.97
9,7,7,1,4,0.582,0.067,1,0.98
9,8,5,0,4,0.464,0.07,1,0.97
9,6,6,1,4,0.888,0.124,1,0.96
9,8,8,1,4,0.442,0.099,1,0.96
9,6,6,1,4,0.562,0.098,1,0.95
9,6,6,1,3,0.552,0.208,1,0.94
9,5,5,1,4,0.493,0.131,1,0.94
9,7,6,0,2,0.467,0.074,1,0.95
9,7,6,0,3,0.365,0.036,1,0.94
9,5,7,0,3,0.179,0.027,1,0.94
9,6,6,1,3,0.164,0.045,1,0.93
9,5,6,0,2,0.119,0.004,1,0.93
9,5,7,0,2,0.001,0.003,1,0.92
9,6,6,1,3,0.038,0.029,1,0.92
9,5,5,1,4,0.334,0.119,1,0.93
9,7,7,1,4,0.489,0.1,1,0.92
9,8,8,1,4,0.472,0.093,1,0.92
9,6,6,1,4,0.668,0.091,1,0.93
9,7,7,1,4,0.816,0.099,1,0.94
9,6,6,1,2,0.465,0.005,1,0.95
9,5,6,0,2,0.007,0.044,1,0.94
9,8,6,0,3,0.06,0.04,1,0.94
9,6,6,1,3,0.001,0.046,1,0.95
9,6,6,1,3,0.03,0.029,1,0.96
9,8,6,0,2,0.01,0.018,1,0.97
9,8,6,0,3,0.018,0.035,1,0.96
9,6,6,1,3,0.007,0.064,1,0.95
9,7,7,1,3,0.044,0.04,1,0.94
9,7,5,0,3,0.023,0.09,1,0.94
9,6,5,0,1,0.095,0.008,1,0.93
9,7,7,1,4,0.753,0.104,1,0.93
9,8,8,1,4,0.522,0.074,1,0.94
9,6,6,1,3,1.323,0.096,1,0.95
9,7,5,0,2,0.384,0.058,1,0.94
9,6,6,1,2,0.795,0.099,1,0.94
9,7,7,1,2,0.573,0.118,1,0.93
9,7,7,1,2,0.435,0.097,1,0.93
9,8,6,0,4,0.236,0.044,1,0.94
9,8,6,0,1,0.031,0.033,1,0.95
9,5,6,0,3,0.013,0.046,1,0.94
9,8,7,0,3,0.023,0.04,1,0.93
9,6,6,1,2,0.05,0.036,1,0.92
9,7,7,1,4,0.447,0.102,1,0.92
9,8,8,1,4,0.366,0.106,1,0.91
9,8,8,1,4,0.239,0.099,1,0.91
9,6,6,1,2,0.667,0.102,1,0.92
9,8,7,0,2,0.635,0.087,1,0.93
9,6,6,1,3,0.835,0.043,1,0.92
9,7,6,0,3,0.076,0.005,1,0.92
9,6,6,1,3,0.021,0.037,1,0.93
10,8,8,1,4,0.682,0.528,1,0.89
10,7,7,1,4,0.49,0.426,1,0.9
10,8,8,1,4,0.546,0.404,1,0.91
10,5,5,1,4,0.749,0.448,1,0.92
10,7,7,1,2,0.973,0.573,1,0.93
10,7,7,1,1,1.59,0.484,1,0.94
10,5,5,1,2,0.737,0.787,1,0.95
10,7,7,1,2,0.659,0.708,1,0.96
10,6,8,0,1,1.772,0.426,1,0.97
10,7,7,1,2,0.703,0.584,1,0.96
10,6,5,0,1,1.603,0.55,1,0.96
10,7,7,1,1,0.962,0.551,1,0.95
10,7,7,1,1,1.66,0.651,1,0.95
10,6,6,1,2,0.906,0.594,1,0.96
10,8,6,0,1,1.748,0.618,1,0.97
10,7,7,1,2,0.602,0.528,1,0.96
10,8,7,0,2,1.244,0.426,1,0.96
10,7,7,1,1,1.311,0.606,1,0.95
10,7,7,1,2,0.793,0.786,1,0.95
10,6,6,1,3,0.647,0.618,1,0.96
10,5,7,0,2,1.2,0.899,1,0.97
10,6,6,1,2,1.176,1.169,1,0.96
10,6,6,1,3,1.468,0.438,1,0.96
10,5,5,1,2,1.007,0.707,1,0.97
10,7,5,0,1,1.726,0.358,1,0.98
10,8,6,0,1,1.086,0.584,1,0.97
10,5,5,1,3,0.749,0.652,1,0.96
10,8,8,1,2,0.928,0.583,1,0.96
10,8,5,0,1,1.154,0.573,1,0.97
10,8,7,0,1,0.759,0.494,1,0.96
10,5,5,1,2,0.84,0.483,1,0.95
10,8,6,0,2,0.85,0.483,1,0.95
10,5,5,1,3,0.67,0.46,1,0.94
10,7,7,1,3,0.578,0.415,1,0.94
10,6,6,1,4,0.668,0.562,1,0.95
10,8,5,0,3,1.019,1.281,1,0.96
10,8,8,1,3,1.018,0.764,1,0.95
10,7,7,1,4,1.042,0.64,1,0.95
10,7,7,1,2,1.188,0.381,1,0.96
10,6,6,1,1,0.985,0.831,1,0.97
10,6,5,0,1,1.02,0.573,1,0.98
10,5,6,0,1,1.412,0.876,1,0.97
10,7,7,1,2,0.749,0.898,1,0.96
10,7,7,1,1,1.468,0.358,1,0.96
10,5,5,1,2,0.77,0.663,1,0.97
10,5,8,0,1,1.796,0.539,1,0.98
10,6,5,0,1,1.243,0.719,1,0.97
10,8,5,0,3,1.468,1.417,1,0.96
10,7,7,1,3,0.614,0.438,1,0.95
10,7,7,1,2,0.671,0.831,1,0.95
10,5,5,1,1,0.996,0.921,1,0.96
10,8,6,0,2,2.301,0.718,1,0.97
10,6,6,1,3,1.22,0.505,1,0.96
10,7,7,1,3,0.826,0.719,1,0.96
10,8,5,0,1,1.041,0.81,1,0.97
10,6,6,1,2,0.681,0.854,1,0.96
10,5,5,1,3,0.681,0.787,1,0.96
10,7,7,1,2,0.68,0.585,1,0.97
10,6,5,0,1,1.603,0.944,1,0.98
10,5,5,1,3,0.636,1.439,1,0.97
10,7,5,0,2,1.66,0.786,1,0.97
10,7,7,1,3,0.568,0.617,1,0.96
10,6,6,1,3,0.691,0.483,1,0.96
10,5,5,1,3,0.85,0.449,1,0.97
10,5,5,1,1,1.625,0.585,1,0.98
10,8,7,0,1,0.861,0.832,1,0.99
10,6,6,1,2,0.749,0.381,1,0.98
10,6,5,0,1,1.222,0.561,1,0.98
10,5,6,0,1,2.661,0.416,1,0.97
10,8,8,1,1,1.221,0.989,1,0.96
10,6,6,1,2,0.77,0.572,1,0.96
10,8,6,0,2,0.962,0.393,1,0.97
10,7,7,1,1,1.165,0.516,1,0.96
10,7,7,1,2,0.726,0.573,1,0.96
10,7,7,1,2,1.435,0.393,1,0.97
10,8,6,0,1,2.302,0.472,1,0.98
10,6,6,1,1,1.805,0.652,1,0.97
10,7,5,0,2,0.726,0.674,1,0.97
10,8,6,0,2,0.659,0.393,1,0.96
10,7,7,1,1,1.345,0.449,1,0.95
10,6,6,1,3,0.793,0.99,1,0.95
10,8,5,0,1,1.245,0.348,1,0.96
10,5,6,0,1,1.569,0.528,1,0.95
10,5,5,1,3,0.781,0.663,1,0.94
10,8,8,1,3,0.895,0.595,1,0.94
10,6,6,1,2,0.714,0.618,1,0.95
10,5,6,0,2,1.164,0.314,1,0.96
10,7,7,1,3,0.546,0.516,1,0.95
10,7,7,1,3,0.535,0.595,1,0.95
10,6,6,1,4,0.557,0.494,1,0.96
10,5,6,0,2,1.737,0.607,1,0.97
10,5,5,1,2,1.312,0.539,1,0.96
10,8,8,1,2,0.727,0.55,1,0.96
10,6,8,0,1,1.513,0.64,1,0.97
10,8,6,0,2,0.669,0.562,1,0.96
10,8,8,1,3,0.591,0.922,1,0.95
10,6,6,1,3,1.064,0.786,1,0.95
10,5,5,1,3,1.378,0.438,1,0.96
10,6,6,1,2,0.962,1.102,1,0.97
10,6,8,0,1,2.031,0.787,1,0.98
10,7,5,0,1,5.068,0.596,1,0.99
10,7,6,0,1,8.802,1.258,1,0.98
10,6,6,1,1,1.332,0.877,1,0.97
10,7,7,1,1,1.288,0.427,1,0.96
10,8,6,0,1,2.436,0.493,1,0.95
10,5,5,1,3,0.882,0.764,1,0.95
10,7,5,0,2,1.49,0.393,1,0.94
10,6,6,1,2,0.94,0.482,1,0.94
10,5,5,1,3,0.783,0.898,1,0.95
10,6,6,1,1,0.882,0.37,1,0.94
10,8,8,1,1,2.086,0.619,1,0.94
10,8,5,0,1,1.411,0.506,1,0.93
10,8,6,0,2,0.691,0.707,1,0.93
10,5,5,1,2,2.254,0.641,1,0.94
10,7,5,0,3,1.569,0.314,1,0.93
10,7,7,1,2,0.907,0.64,1,0.93
10,5,5,1,4,0.849,0.854,1,0.94
10,5,5,1,3,0.748,0.629,1,0.95
10,6,6,1,2,0.748,0.607,1,0.94
10,7,7,1,1,0.929,0.708,1,0.94
10,8,5,0,1,0.998,0.831,1,0.95
10,7,6,0,1,2.277,0.471,1,0.96
10,5,5,1,2,0.905,0.505,1,0.97
10,8,8,1,1,1.141,0.527,1,0.96
10,6,6,1,1,0.896,0.505,1,0.96
10,8,8,1,1,1.209,0.494,1,0.97
10,8,5,0,1,1.807,0.336,1,0.98
10,5,8,0,1,1.626,0.606,1,0.97
10,8,6,0,1,0.816,0.73,1,0.97
10,6,6,1,2,0.692,1.281,1,0.96
10,6,6,1,1,1.558,0.651,1,0.95
10,6,7,0,1,2.12,0.572,1,0.95
10,8,5,0,1,1.141,0.686,1,0.94
10,7,7,1,2,0.737,0.37,1,0.94
10,8,6,0,1,1.591,0.899,1,0.95
10,5,5,1,3,0.793,0.561,1,0.94
10,5,5,1,1,1.355,0.483,1,0.94
10,8,5,0,2,1.863,0.764,1,0.95
10,8,7,0,1,0.726,0.764,1,0.94
10,5,5,1,1,1.626,0.697,1,0.94
10,6,6,1,2,0.905,0.629,1,0.95
10,5,5,1,3,0.569,0.584,1,0.96
10,6,6,1,2,0.659,0.359,1,0.95
10,8,5,0,3,0.704,0.494,1,0.95
10,5,5,1,1,1.062,0.213,1,0.96
10,5,5,1,2,1.546,0.618,1,0.95
10,8,8,1,1,1.839,0.664,1,0.95
10,5,8,0,1,2.299,0.574,1,0.96
10,5,5,1,3,0.871,0.438,1,0.95
10,8,8,1,2,1.276,0.786,1,0.95
10,5,5,1,1,1.851,0.663,1,0.96
10,6,5,0,1,3.134,0.854,1,0.95
10,7,8,0,1,1.85,0.561,1,0.95
10,5,5,1,2,0.883,0.696,1,0.96
10,6,6,1,1,2.547,0.718,1,0.97
10,6,5,0,1,1.13,1.686,1,0.96
10,6,8,0,1,1.287,0.719,1,0.95
10,6,6,1,2,0.704,0.595,1,0.94
10,6,6,1,3,1.152,0.506,1,0.94
10,5,5,1,1,1.546,0.416,1,0.93
10,7,8,0,1,1.37,0.426,1,0.93
10,7,7,1,2,0.636,1.079,1,0.92
10,7,7,1,2,0.814,0.527,1,0.92
10,7,8,0,1,1.389,0.449,1,0.93
10,7,7,1,3,0.568,0.528,1,0.94
10,6,6,1,2,0.713,0.472,1,0.95
10,6,8,0,1,1.266,0.606,1,0.96
10,8,7,0,1,1.154,0.371,1,0.97
10,7,7,1,1,2.446,0.404,1,0.98
10,6,6,1,3,0.693,0.651,1,0.97
10,5,5,1,2,0.973,0.426,1,0.96
10,7,5,0,1,1.738,0.336,1,0.95
10,5,6,0,1,0.848,0.752,1,0.94
10,8,8,1,2,0.658,0.516,1,0.94
10,8,8,1,2,0.973,0.505,1,0.95
10,5,5,1,2,0.85,0.404,1,0.94
10,8,6,0,2,0.86,0.573,1,0.94
10,6,6,1,3,0.658,0.336,1,0.93
10,5,6,0,1,1.041,0.381,1,0.93
10,8,8,1,1,1.49,0.38,1,0.94
10,6,6,1,2,0.703,0.504,1,0.95
10,6,6,1,1,0.805,0.786,1,0.94
10,8,8,1,1,0.725,0.37,1,0.94
10,8,5,0,1,0.839,0.336,1,0.93
10,8,5,0,2,1.198,0.652,1,0.93
10,7,7,1,1,0.973,0.37,1,0.94
10,5,6,0,2,0.894,0.618,1,0.95
10,6,6,1,2,1.074,0.493,1,0.94
10,5,5,1,1,1.38,0.448,1,0.94
10,6,6,1,2,0.567,0.641,1,0.93
10,8,5,0,1,1.118,1.147,1,0.93
10,8,6,0,2,0.636,0.641,1,0.94
10,8,8,1,1,0.984,0.64,1,0.93
10,6,6,1,3,0.613,0.641,1,0.93
10,7,7,1,3,0.646,0.348,1,0.94
10,8,5,0,1,1.479,0.573,1,0.95
10,7,7,1,2,0.602,0.505,1,0.94
10,5,8,0,1,1.772,0.561,1,0.93
10,7,7,1,1,1.243,0.527,1,0.93
10,5,5,1,2,0.793,0.472,1,0.94
10,7,7,1,1,1.288,1.033,1,0.97
10,7,5,0,1,2.322,0.505,1,0.97
10,8,7,0,1,1.391,0.516,1,0.98
10,6,6,1,4,1.176,1.102,1,0.99
10,5,5,1,4,0.479,0.337,1,0.99
10,7,7,1,4,0.817,0.426,1,0.98
10,8,8,1,2,0.726,0.573,1,0.97
10,8,8,1,2,0.85,0.471,1,0.97
10,7,5,0,1,0.838,0.336,1,0.98
10,8,8,1,2,0.524,0.854,1,0.97
10,5,5,1,1,1.221,0.426,1,0.97
10,6,6,1,1,1.287,0.518,1,0.98
10,7,5,0,1,1.423,0.438,1,0.99
10,5,8,0,1,1.524,0.483,1,0.98
10,7,7,1,2,0.581,0.449,1,0.98
10,8,8,1,3,0.569,0.427,1,0.99
10,7,7,1,1,1.219,0.471,1,0.99
10,5,6,0,1,1.468,0.46,1,0.99
10,7,7,1,2,0.58,0.663,1,0.99
10,5,5,1,1,1.12,0.461,1,0.98
10,5,7,0,1,2.256,0.573,1,0.98
10,6,7,0,1,1.119,0.314,1,0.97
10,5,6,0,1,1.221,0.899,1,0.97
10,5,5,1,3,0.681,0.45,1,0.98
10,6,6,1,3,0.613,0.504,1,0.99
10,8,8,1,1,1.512,0.404,1,0.99
10,5,5,1,1,0.996,0.573,1,0.98
10,5,8,0,1,1.704,0.382,1,0.97
10,5,6,0,1,1.153,1.079,1,0.97
10,6,6,1,3,0.501,0.404,1,0.96
10,7,7,1,2,0.861,0.37,1,0.96
10,6,6,1,2,0.668,0.415,1,0.95
10,5,8,0,1,1.298,0.359,1,0.95
10,5,6,0,1,0.748,0.966,1,0.96
10,7,5,0,1,1.041,0.663,1,0.95
10,7,7,1,1,0.759,0.731,1,0.95
10,8,8,1,2,0.556,0.28,1,0.94
10,8,5,0,1,1.626,0.404,1,0.94
10,5,6,0,2,0.726,0.539,1,0.95
10,7,7,1,3,0.59,0.472,1,0.94
10,8,8,1,4,0.524,0.314,1,0.94
10,8,8,1,4,0.545,0.37,1,0.95
10,8,8,1,4,0.4,0.291,1,0.96
10,8,8,1,1,1.368,0.381,1,0.97
10,6,5,0,2,0.681,0.449,1,0.96
10,6,6,1,2,0.523,0.371,1,0.96
10,8,7,0,2,0.827,0.742,1,0.97
10,7,7,1,1,0.68,0.404,1,0.98
10,7,7,1,3,0.952,0.629,1,0.97
10,6,6,1,3,0.545,0.55,1,0.97
10,7,5,0,1,0.963,0.348,1,0.98
10,5,6,0,2,0.625,0.505,1,0.97
10,6,8,0,2,0.714,0.764,1,0.97
10,7,7,1,2,0.524,0.269,1,0.98
10,7,7,1,3,0.726,1.123,1,0.97
10,8,6,0,2,0.635,0.37,1,0.97
10,7,7,1,3,0.625,0.809,1,0.98
10,7,7,1,3,0.523,0.336,1,0.99
10,8,8,1,1,0.973,0.899,1,0.99
10,5,6,0,2,1.13,0.517,1,0.99
10,7,7,1,2,0.885,1.113,1,0.98
10,5,5,1,1,0.725,0.235,1,0.97
10,6,8,0,1,0.624,0.404,1,0.96
10,7,7,1,2,0.568,0.337,1,0.96
10,5,5,1,3,0.703,0.381,1,0.97
10,8,5,0,2,0.636,0.258,1,0.98
10,8,8,1,2,0.58,0.438,1,0.97
10,5,5,1,2,0.647,0.416,1,0.97
10,5,6,0,1,1.322,0.719,1,0.98
10,5,5,1,2,0.502,0.651,1,0.99
10,6,6,1,3,0.524,0.707,1,0.99
10,5,5,1,2,0.715,0.347,1,0.99
10,7,7,1,1,1.761,0.426,1,0.99
10,7,8,0,1,1.379,0.37,1,0.98
10,6,8,0,1,0.78,0.304,1,0.97
10,6,6,1,2,0.849,0.336,1,0.97
10,8,7,0,1,0.716,0.461,1,0.98
10,8,5,0,1,0.781,0.382,1,0.99
10,8,8,1,3,0.511,0.427,1,0.99
10,7,7,1,4,0.771,1.619,1,0.99
10,6,6,1,1,1.381,0.584,1,0.98
10,5,5,1,1,1.064,0.224,1,0.97
10,8,6,0,1,1.458,0.483,1,0.97
10,7,7,1,1,2.514,0.483,1,0.98
10,6,6,1,1,0.59,0.55,1,0.97
10,7,6,0,1,1.007,0.382,1,0.97
10,8,6,0,2,1.017,0.325,1,0.96
10,7,7,1,2,0.738,0.381,1,0.96
10,8,8,1,1,1.412,0.382,1,0.95
10,7,7,1,1,0.748,0.258,1,0.94
10,8,6,0,1,1.389,0.495,1,0.94
10,8,5,0,1,0.579,0.381,1,0.95
10,6,6,1,1,0.478,0.506,1,0.96
10,7,7,1,1,0.624,0.325,1,0.97
10,5,5,1,1,1.166,0.382,1,0.96
10,6,5,0,1,1.278,0.325,1,0.96
10,5,6,0,2,0.602,0.528,1,0.97
10,7,7,1,1,0.669,0.28,1,0.98
10,7,7,1,1,0.434,0.28,1,0.97
10,6,6,1,1,0.591,0.46,1,0.97
10,7,6,0,1,1.21,0.392,1,0.94
10,5,5,1,1,0.771,0.549,1,0.95
10,7,5,0,1,1.187,0.291,1,0.96
10,6,6,1,1,1.568,0.561,1,0.95
10,5,5,1,2,0.613,0.573,1,0.95
10,8,6,0,2,0.647,0.415,1,0.96
10,6,6,1,2,1.379,0.28,1,0.95
10,6,6,1,1,1.715,0.574,1,0.94
10,5,5,1,2,1.571,1.461,1,0.94
10,7,8,0,1,0.805,0.336,1,0.95
10,6,6,1,2,0.715,0.459,1,0.96
10,8,5,0,1,0.714,0.358,1,0.97
10,5,5,1,3,0.996,0.348,1,0.98
10,7,7,1,2,0.804,0.46,1,0.99
10,6,6,1,2,0.546,0.426,1,0.98
10,7,5,0,1,0.793,0.348,1,0.98
10,6,6,1,1,0.646,0.516,1,0.97
10,7,7,1,1,0.637,0.696,1,0.97
10,7,6,0,1,1.401,0.505,1,0.96
10,7,8,0,1,1.198,0.369,1,0.95
10,5,5,1,2,0.848,0.393,1,0.94
10,7,7,1,2,0.511,0.303,1,0.94
10,8,7,0,1,0.94,0.291,1,0.93
10,5,5,1,1,1.064,0.493,1,0.93
10,5,5,1,1,1.448,0.764,1,0.94
10,8,7,0,1,0.962,0.37,1,0.95
10,5,5,1,2,0.635,0.394,1,0.96
10,5,6,0,2,1.209,0.393,1,0.95
10,5,5,1,3,0.602,0.606,1,0.94
10,5,6,0,2,1.513,0.359,1,0.94
10,6,8,0,2,0.658,0.449,1,0.95
10,8,8,1,4,0.379,0.314,1,0.96
10,7,8,0,3,1.043,0.606,1,0.97
10,6,6,1,2,1.636,0.315,1,0.98
10,7,7,1,3,0.624,0.438,1,0.97
10,5,5,1,4,0.703,0.415,1,0.96
10,6,6,1,4,0.5,0.348,1,0.95
10,8,8,1,4,0.421,0.279,1,0.95
10,8,8,1,2,0.736,0.314,1,0.96
10,6,6,1,2,0.548,0.314,1,0.97
10,8,8,1,1,1.549,0.381,1,0.96
10,6,7,0,1,0.883,0.314,1,0.95
10,5,6,0,1,2.031,0.37,1,0.94
10,5,5,1,1,0.58,0.358,1,0.93
10,7,7,1,1,0.626,0.336,1,0.93
10,5,6,0,1,1.007,0.348,1,0.94
10,6,6,1,2,0.681,0.291,1,0.95
10,5,5,1,2,0.658,0.348,1,0.96
10,8,6,0,2,0.533,0.336,1,0.97
10,6,5,0,1,0.715,0.37,1,0.98
10,6,6,1,3,0.635,0.404,1,0.97
10,5,5,1,2,0.782,0.426,1,0.97
10,8,5,0,1,0.827,1.022,1,0.98
10,8,6,0,1,1.322,0.461,1,0.97
10,8,8,1,4,0.489,0.359,1,0.96
10,7,7,1,4,0.557,0.663,1,0.95
10,8,8,1,1,0.96,0.449,1,0.94
10,6,8,0,1,1.357,0.303,1,0.94
10,8,8,1,2,0.489,0.618,1,0.95
10,7,5,0,1,0.746,0.304,1,0.96
10,8,8,1,3,0.479,0.64,1,0.95
10,8,8,1,4,0.355,0.269,1,0.94
10,5,5,1,4,0.613,0.663,1,0.94
10,7,6,0,1,1.367,0.842,1,0.95
10,7,7,1,3,0.568,0.617,1,0.94
10,7,8,0,1,1.941,0.358,1,0.93
10,6,6,1,3,0.635,0.483,1,0.93
10,6,6,1,4,0.399,0.449,1,0.92
10,8,8,1,4,0.412,0.246,1,0.92
10,6,8,0,1,1.063,0.28,1,0.93
10,8,6,0,1,1.132,0.471,1,0.94
10,7,7,1,1,1.266,0.46,1,0.95
10,8,8,1,3,0.434,0.415,1,0.96
10,8,8,1,1,0.804,0.437,1,0.97
10,5,5,1,1,0.961,0.381,1,0.98
10,5,5,1,1,0.838,0.325,1,0.99
10,6,8,0,1,0.624,0.393,1,0.98
10,5,7,0,1,1.93,0.484,1,0.98
10,6,7,0,1,1.029,0.258,1,0.97
10,6,6,1,1,0.636,0.415,1,0.96
10,6,6,1,1,0.749,0.336,1,0.96
10,8,6,0,1,1.311,0.381,1,0.95
10,5,5,1,1,0.66,0.291,1,0.94
10,6,5,0,1,0.568,0.258,1,0.94
10,5,5,1,3,0.759,0.404,1,0.95
10,6,6,1,3,0.489,0.326,1,0.96
10,7,7,1,3,0.579,0.595,1,0.97
10,5,8,0,1,0.915,0.269,1,0.98
10,8,8,1,2,0.647,0.404,1,0.97
10,7,7,1,2,0.579,0.416,1,0.96
10,6,5,0,2,1.051,0.427,1,0.96
10,5,5,1,3,0.591,0.348,1,0.95
10,6,7,0,1,0.861,0.303,1,0.94
10,5,5,1,1,0.781,0.954,1,0.94
10,5,7,0,2,0.748,0.529,1,0.95
10,6,6,1,4,0.613,0.347,1,0.96
10,6,6,1,4,0.557,0.382,1,0.97
10,6,6,1,2,1.366,0.416,1,0.98
10,6,6,1,3,0.513,0.336,1,0.97
10,7,7,1,3,0.59,0.416,1,0.97
