Sub_id,Stimulus,Response,Correct,Confidence,RT decision,RT confidence,Condition,Noise Level
1,1,1,1,2,0.676,1.137,2,0.94
1,4,4,1,1,1.646,0.248,2,0.94
1,6,6,1,1,1.085,0.391,2,0.95
1,3,3,1,4,0.959,1.46,2,0.96
1,1,3,0,1,1.839,0.961,2,0.97
1,1,5,0,2,1.107,0.666,2,0.96
1,1,7,0,2,1.089,0.779,2,0.95
1,7,7,1,2,0.869,0.942,2,0.94
1,4,4,1,2,0.765,0.681,2,0.94
1,8,8,1,1,0.731,0.701,2,0.95
1,8,6,0,1,1.812,0.233,2,0.96
1,3,3,1,1,0.987,0.31,2,0.95
1,7,7,1,1,1.71,0.152,2,0.95
1,4,7,0,1,0.498,0.241,2,0.96
1,7,7,1,1,0.32,0.223,2,0.95
1,2,3,0,1,1.911,0.268,2,0.95
1,8,8,1,2,1.24,0.376,2,0.94
1,6,6,1,3,0.879,0.336,2,0.94
1,6,6,1,3,0.534,0.21,2,0.95
1,1,7,0,1,1.583,1.4,2,0.96
1,5,5,1,2,0.776,0.49,2,0.95
1,2,2,1,1,1.218,0.683,2,0.95
1,3,3,1,2,0.63,0.632,2,0.96
1,6,5,0,1,1.42,0.161,2,0.97
1,6,3,0,1,0.783,0.295,2,0.96
1,4,4,1,4,2.914,1.171,2,0.95
1,4,1,0,1,2.854,0.398,2,0.95
1,7,7,1,1,1.048,0.098,2,0.94
1,6,6,1,1,0.809,0.103,2,0.94
1,4,4,1,2,0.807,0.515,2,0.95
1,7,4,0,1,1.44,0.21,2,0.96
1,2,4,0,1,1.363,0.19,2,0.95
1,1,7,0,1,0.625,0.136,2,0.94
1,5,6,0,1,0.936,0.134,2,0.93
1,4,4,1,1,0.69,0.069,2,0.92
1,2,6,0,1,2.915,0.092,2,0.92
1,3,3,1,4,1.309,0.103,2,0.91
1,2,2,1,4,1.013,0.13,2,0.91
1,2,2,1,4,0.498,0.121,2,0.92
1,2,2,1,4,0.314,0.118,2,0.93
1,2,2,1,1,0.997,0.305,2,0.94
1,7,7,1,4,1.162,0.095,2,0.95
1,3,7,0,1,2.963,0.08,2,0.96
1,7,7,1,1,0.384,0.18,2,0.95
1,3,3,1,4,0.845,1.104,2,0.95
1,1,2,0,1,0.941,0.371,2,0.96
1,4,6,0,1,1.09,0.178,2,0.95
1,6,6,1,1,0.952,0.106,2,0.94
1,5,3,0,2,0.799,0.97,2,0.94
1,3,3,1,4,0.574,0.632,2,0.93
1,5,5,1,4,0.703,0.24,2,0.93
1,8,8,1,2,1.154,0.397,2,0.94
1,2,2,1,1,1.378,0.366,2,0.95
1,4,3,0,1,0.914,0.281,2,0.96
1,5,2,0,1,1.386,0.373,2,0.95
1,8,7,0,1,0.668,0.211,2,0.94
1,8,8,1,1,0.671,0.208,2,0.93
1,2,6,0,1,1.299,0.251,2,0.93
1,6,6,1,1,0.589,0.232,2,0.92
1,3,3,1,4,0.91,0.438,2,0.92
1,8,7,0,1,0.742,0.261,2,0.93
1,5,6,0,1,0.602,0.095,2,0.92
1,8,8,1,4,0.609,0.205,2,0.91
1,3,3,1,4,1.023,0.244,2,0.91
1,6,6,1,4,0.802,0.175,2,0.92
1,6,6,1,4,0.316,0.133,2,0.93
1,5,5,1,4,0.725,0.336,2,0.94
1,8,8,1,2,0.783,0.577,2,0.95
1,7,7,1,1,0.879,0.703,2,0.96
1,4,7,0,1,0.613,0.085,2,0.97
1,3,6,0,1,0.613,0.097,2,0.96
1,5,5,1,1,0.429,0.202,2,0.95
1,6,8,0,1,1.088,0.248,2,0.95
1,3,3,1,1,0.94,0.213,2,0.94
1,7,7,1,1,0.829,0.064,2,0.94
1,8,6,0,1,0.484,0.096,2,0.95
1,7,7,1,1,0.672,0.106,2,0.94
1,4,7,0,2,1.517,0.39,2,0.94
1,6,6,1,4,0.751,0.104,2,0.93
1,3,3,1,4,1.217,0.095,2,0.93
1,6,6,1,4,0.987,0.053,2,0.94
1,4,3,0,1,1.653,0.592,2,0.95
1,6,6,1,4,0.694,0.098,2,0.94
1,1,7,0,2,0.922,0.112,2,0.94
1,7,7,1,2,0.469,0.137,2,0.93
1,3,3,1,4,0.783,0.216,2,0.93
1,8,6,0,1,1.784,0.09,2,0.94
1,8,7,0,1,1.07,0.091,2,0.93
1,8,8,1,1,0.601,0.087,2,0.92
1,2,2,1,4,0.612,0.272,2,0.92
1,7,7,1,4,0.811,0.102,2,0.93
1,7,7,1,4,0.371,0.059,2,0.94
1,8,8,1,2,2.119,0.171,2,0.95
1,3,3,1,1,1.107,0.647,2,0.96
1,7,7,1,1,0.833,0.189,2,0.97
1,6,2,0,1,3.215,0.214,2,0.98
1,2,3,0,1,1.199,0.289,2,0.97
1,7,7,1,1,0.978,0.143,2,0.96
1,1,6,0,1,0.675,0.198,2,0.96
1,4,8,0,1,0.634,0.149,2,0.95
1,1,1,1,1,0.948,0.672,2,0.94
1,5,5,1,4,0.788,0.293,2,0.93
1,3,6,0,1,1.45,0.249,2,0.93
1,3,5,0,1,1.841,0.065,2,0.94
1,6,6,1,3,1.107,0.379,2,0.95
1,1,7,0,1,1.909,0.556,2,0.96
1,6,6,1,4,0.751,0.249,2,0.97
1,8,8,1,4,0.706,0.338,2,0.98
1,1,6,0,2,0.984,0.334,2,0.99
1,4,4,1,1,1.079,0.37,2,0.99
1,4,4,1,1,1.604,0.284,2,0.98
1,1,1,1,1,0.9,0.272,2,0.98
1,4,4,1,1,0.901,0.237,2,0.99
1,4,4,1,2,0.669,0.463,2,0.99
1,2,3,0,2,1.153,0.222,2,0.98
1,7,7,1,2,0.767,0.318,2,0.98
1,2,7,0,2,0.428,0.118,2,0.97
1,8,8,1,1,0.649,0.164,2,0.96
1,5,5,1,3,0.854,0.216,2,0.96
1,5,5,1,1,0.731,0.631,2,0.97
1,5,6,0,1,1.454,0.115,2,0.96
1,6,6,1,1,0.674,0.055,2,0.95
1,7,6,0,1,0.428,0.063,2,0.95
1,2,5,0,1,0.346,0.22,2,0.96
1,4,8,0,1,0.715,0.083,2,0.95
1,8,6,0,1,0.645,0.092,2,0.95
1,1,1,1,4,0.409,0.614,2,0.94
1,6,6,1,4,1.055,0.078,2,0.94
1,6,6,1,4,0.338,0.063,2,0.95
1,1,1,1,4,0.676,0.576,2,0.94
1,2,2,1,1,0.785,0.774,2,0.94
1,5,6,0,2,1.232,0.108,2,0.93
1,8,8,1,3,0.767,0.171,2,0.93
1,6,6,1,3,0.636,0.087,2,0.94
1,5,6,0,2,0.657,0.599,2,0.95
1,4,4,1,2,0.844,1.575,2,0.96
1,6,6,1,3,0.812,0.124,2,0.95
1,3,8,0,2,2.015,0.082,2,0.95
1,7,7,1,3,0.841,0.344,2,0.96
1,1,7,0,3,0.487,0.726,2,0.97
1,2,2,1,1,0.628,0.43,2,0.96
1,3,3,1,4,0.91,0.217,2,0.95
1,1,7,0,1,1.336,0.069,2,0.94
1,7,7,1,4,0.587,0.693,2,0.94
1,8,8,1,4,0.738,0.088,2,0.93
1,2,2,1,4,0.821,0.178,2,0.93
1,6,6,1,1,1.065,0.325,2,0.94
1,6,6,1,1,0.607,0.107,2,0.95
1,7,6,0,1,0.324,0.109,2,0.96
1,6,5,0,1,1.242,0.138,2,0.97
1,5,3,0,1,0.827,0.267,2,0.98
1,7,7,1,1,0.64,0.097,2,0.97
1,6,6,1,2,1.24,0.087,2,0.97
1,6,6,1,2,0.525,0.088,2,0.98
1,1,8,0,2,0.583,0.131,2,0.99
1,8,8,1,1,0.85,0.042,2,0.98
1,4,7,0,1,0.442,0.109,2,0.98
1,7,7,1,1,0.574,0.114,2,0.99
1,3,8,0,2,1.578,0.164,2,0.98
1,4,1,0,1,10.622,0.51,2,0.98
1,2,2,1,4,1.11,0.189,2,0.97
1,5,3,0,1,1.321,0.204,2,0.97
1,7,7,1,4,0.843,0.087,2,0.96
1,3,3,1,4,0.775,0.118,2,0.96
1,1,7,0,2,0.835,0.407,2,0.95
1,3,6,0,1,3.242,0.057,2,0.95
1,5,5,1,3,0.692,1.352,2,0.96
1,1,7,0,2,0.861,0.381,2,0.97
1,5,5,1,4,0.685,0.284,2,0.96
1,3,3,1,4,0.631,0.122,2,0.96
1,6,6,1,4,1.0,0.059,2,0.95
1,1,7,0,1,0.935,0.78,2,0.95
1,4,4,1,2,1.1,0.514,2,0.96
1,2,2,1,4,0.554,0.241,2,0.97
1,8,8,1,4,0.872,0.116,2,0.98
1,3,3,1,4,0.774,0.093,2,0.99
1,5,5,1,2,0.988,0.454,2,0.98
1,8,6,0,1,0.699,0.307,2,0.97
1,4,4,1,2,0.699,0.353,2,0.97
1,4,4,1,3,0.315,0.265,2,0.96
1,2,2,1,1,0.633,0.301,2,0.95
1,8,3,0,2,0.421,0.491,2,0.95
1,2,2,1,4,0.515,0.603,2,0.96
1,1,6,0,1,0.957,0.242,2,0.97
1,5,5,1,1,0.824,0.382,2,0.96
1,7,7,1,1,0.76,0.161,2,0.95
1,4,7,0,1,0.361,0.121,2,0.95
1,3,3,1,4,0.541,0.878,2,0.94
1,5,3,0,1,1.129,0.434,2,0.93
1,1,1,1,4,0.391,0.399,2,0.93
1,4,4,1,4,0.596,0.484,2,0.94
1,2,2,1,4,0.344,0.317,2,0.95
1,8,8,1,3,0.979,0.978,2,0.96
1,1,7,0,1,0.736,0.479,2,0.97
1,3,3,1,4,0.441,0.341,2,0.96
1,3,3,1,3,0.65,0.914,2,0.96
1,8,3,0,2,0.417,0.481,2,0.97
1,5,5,1,1,0.939,0.269,2,0.96
1,2,2,1,4,0.392,0.474,2,0.96
1,7,7,1,1,0.696,0.251,2,0.97
1,1,1,1,1,0.375,0.234,2,0.93
1,8,8,1,2,0.779,0.696,2,0.94
1,4,4,1,2,1.202,0.243,2,0.95
1,7,7,1,4,0.687,0.186,2,0.94
1,5,6,0,4,0.69,0.09,2,0.94
1,5,5,1,4,0.493,0.072,2,0.95
1,3,3,1,4,0.645,0.126,2,0.96
1,3,3,1,4,0.374,0.085,2,0.97
1,8,8,1,3,1.243,0.186,2,0.96
1,7,7,1,2,0.622,0.153,2,0.96
1,2,6,0,1,1.861,0.046,2,0.97
1,3,3,1,1,1.125,0.18,2,0.96
1,7,7,1,2,0.914,0.093,2,0.96
1,6,4,0,1,1.056,0.26,2,0.97
1,7,7,1,1,0.58,0.034,2,0.98
1,2,2,1,1,0.799,0.108,2,0.99
1,3,2,0,1,0.463,0.068,2,0.98
1,6,6,1,1,0.81,0.063,2,0.97
1,8,3,0,1,0.609,0.274,2,0.97
1,5,3,0,1,0.34,0.314,2,0.96
1,6,6,1,1,0.454,0.102,2,0.96
1,7,7,1,1,0.983,0.112,2,0.95
1,2,2,1,2,0.433,0.638,2,0.95
1,4,7,0,1,0.691,0.487,2,0.96
1,8,8,1,3,0.43,0.478,2,0.97
1,1,7,0,1,0.371,0.224,2,0.96
1,8,8,1,3,0.371,0.64,2,0.95
1,8,8,1,3,0.41,0.185,2,0.94
1,6,6,1,3,1.037,0.168,2,0.94
1,2,2,1,2,0.457,0.239,2,0.95
1,4,6,0,1,0.625,0.129,2,0.96
1,4,7,0,1,0.386,0.122,2,0.97
1,6,6,1,1,1.019,0.05,2,0.96
1,8,8,1,2,1.103,0.262,2,0.95
1,7,7,1,1,0.448,0.149,2,0.95
1,7,7,1,1,0.319,0.129,2,0.96
1,4,7,0,2,0.212,0.11,2,0.97
1,3,6,0,1,0.295,0.1,2,0.98
1,3,3,1,3,1.078,0.193,2,0.97
1,3,6,0,1,0.414,1.211,2,0.96
1,3,3,1,1,1.319,0.105,2,0.96
1,7,7,1,1,1.255,0.378,2,0.97
1,4,4,1,1,0.888,0.576,2,0.96
1,4,4,1,1,0.483,0.241,2,0.95
1,2,4,0,1,0.241,0.168,2,0.95
1,1,6,0,1,0.207,0.083,2,0.96
1,3,3,1,2,0.749,0.282,2,0.97
1,6,3,0,1,0.771,0.212,2,0.96
1,7,3,0,1,0.77,0.165,2,0.96
1,4,7,0,1,0.864,0.152,2,0.95
1,6,8,0,2,1.282,0.195,2,0.94
1,2,2,1,3,0.554,0.286,2,0.94
1,1,1,1,4,0.283,0.402,2,0.95
1,8,8,1,4,0.706,0.225,2,0.94
1,3,6,0,1,0.856,1.011,2,0.94
1,5,5,1,2,0.694,0.266,2,0.95
1,2,2,1,3,0.65,0.146,2,0.96
1,1,7,0,3,0.983,0.385,2,0.95
1,1,1,1,4,0.595,0.431,2,0.95
1,2,2,1,4,0.541,0.247,2,0.94
1,4,2,0,1,0.677,0.179,2,0.94
1,7,7,1,3,0.645,0.393,2,0.95
1,2,2,1,4,0.348,0.932,2,0.96
1,2,2,1,4,0.411,0.194,2,0.97
1,3,3,1,4,0.38,0.23,2,0.96
1,5,2,0,1,0.442,0.24,2,0.95
1,4,7,0,1,1.242,0.142,2,0.94
1,7,7,1,4,0.44,0.355,2,0.94
1,2,2,1,3,0.563,0.47,2,0.95
1,1,1,1,3,0.621,0.329,2,0.96
1,5,3,0,1,0.518,0.249,2,0.95
1,7,7,1,2,0.54,0.315,2,0.95
1,8,8,1,1,0.404,0.149,2,0.96
1,1,7,0,1,0.395,0.289,2,0.97
1,6,6,1,1,0.592,0.251,2,0.96
1,5,3,0,1,0.564,0.274,2,0.96
1,1,6,0,1,0.714,0.282,2,0.95
1,4,4,1,3,0.615,0.953,2,0.95
1,8,8,1,4,0.76,0.421,2,0.94
1,3,5,0,3,1.063,0.251,2,0.94
1,4,5,0,4,0.738,1.65,2,0.95
1,5,5,1,4,0.812,0.071,2,0.94
1,2,2,1,4,0.542,0.515,2,0.94
1,3,3,1,2,0.638,0.217,2,0.95
1,5,6,0,2,0.873,0.124,2,0.94
1,4,4,1,2,0.763,0.213,2,0.93
1,5,6,0,2,0.42,0.174,2,0.93
1,2,2,1,4,0.302,0.396,2,0.94
1,1,1,1,4,0.368,0.743,2,0.95
1,5,5,1,4,0.781,0.679,2,0.96
1,1,7,0,2,1.106,0.128,2,0.95
1,8,8,1,2,0.66,0.117,2,0.95
1,5,5,1,1,0.738,0.091,2,0.94
1,7,7,1,1,0.741,0.071,2,0.94
1,4,7,0,1,0.498,0.095,2,0.93
1,7,7,1,1,0.33,0.125,2,0.93
1,4,4,1,1,0.784,0.22,2,0.94
1,5,4,0,1,0.555,0.858,2,0.95
1,3,3,1,1,1.143,0.227,2,0.94
1,8,8,1,1,0.839,0.113,2,0.94
1,5,5,1,1,0.701,0.098,2,0.89
1,5,5,1,1,0.341,0.099,2,0.9
1,8,7,0,1,0.269,0.334,2,0.91
1,2,3,0,1,0.254,0.265,2,0.92
1,3,5,0,1,0.763,0.054,2,0.93
1,3,3,1,2,0.656,0.557,2,0.92
1,4,4,1,2,1.105,0.476,2,0.92
1,2,7,0,1,1.152,0.14,2,0.93
1,6,6,1,3,0.765,0.327,2,0.94
1,2,7,0,1,0.68,0.163,2,0.95
1,6,6,1,2,0.691,0.229,2,0.96
1,2,2,1,3,0.642,0.462,2,0.95
1,6,6,1,3,0.825,0.272,2,0.95
1,4,4,1,1,1.209,0.48,2,0.96
1,8,6,0,2,0.83,0.263,2,0.95
1,5,5,1,1,0.701,0.213,2,0.95
1,1,7,0,1,0.523,0.183,2,0.96
1,6,6,1,3,0.764,0.277,2,0.95
1,2,6,0,1,0.461,0.197,2,0.95
1,8,8,1,4,0.636,0.441,2,0.94
1,7,7,1,1,0.916,0.175,2,0.93
1,6,6,1,3,0.725,0.421,2,0.93
1,6,6,1,4,0.331,0.347,2,0.94
1,3,5,0,3,0.536,0.389,2,0.95
1,8,5,0,2,0.329,0.261,2,0.94
1,1,1,1,1,0.289,0.261,2,0.94
1,6,6,1,4,0.588,0.214,2,0.93
1,6,6,1,4,0.333,0.085,2,0.93
1,5,5,1,2,0.469,1.589,2,0.94
1,3,5,0,1,0.548,0.365,2,0.95
1,4,7,0,1,0.711,0.099,2,0.96
1,3,3,1,1,0.754,0.246,2,0.95
1,2,3,0,1,0.436,0.186,2,0.94
1,1,7,0,1,0.763,0.198,2,0.94
1,6,6,1,3,0.712,0.45,2,0.95
1,8,7,0,2,0.463,0.117,2,0.96
1,2,2,1,4,0.679,0.297,2,0.97
1,4,4,1,4,0.805,0.357,2,0.96
1,1,7,0,4,0.656,0.211,2,0.95
1,7,7,1,4,0.284,0.111,2,0.95
1,3,3,1,4,1.101,0.145,2,0.94
1,6,6,1,4,0.611,0.082,2,0.94
1,7,7,1,4,0.656,0.074,2,0.95
1,2,2,1,4,0.877,0.145,2,0.96
1,1,7,0,4,0.532,0.109,2,0.97
1,5,6,0,1,1.162,0.122,2,0.96
1,7,7,1,4,0.604,0.256,2,0.95
1,5,3,0,1,0.878,0.244,2,0.95
1,1,1,1,4,0.378,0.285,2,0.94
1,1,7,0,1,0.811,0.562,2,0.93
1,1,7,0,2,0.423,0.169,2,0.92
1,8,8,1,4,0.838,0.125,2,0.91
1,6,6,1,4,0.571,0.083,2,0.91
1,1,7,0,4,0.638,0.212,2,0.92
1,8,8,1,4,0.331,0.124,2,0.93
1,4,4,1,4,0.762,0.176,2,0.92
1,6,6,1,4,0.764,0.092,2,0.92
1,3,3,1,2,0.861,0.229,2,0.93
1,7,7,1,1,0.797,0.335,2,0.92
1,8,8,1,3,0.626,0.293,2,0.92
1,4,4,1,1,0.966,0.607,2,0.93
1,5,4,0,1,0.929,0.457,2,0.92
1,5,5,1,2,1.096,0.246,2,0.92
1,2,5,0,1,0.501,0.154,2,0.93
1,7,7,1,1,0.624,0.049,2,0.94
1,5,5,1,1,0.564,0.071,2,0.95
1,3,5,0,2,0.514,0.102,2,0.94
1,4,7,0,1,0.514,0.057,2,0.93
1,5,5,1,4,0.522,0.166,2,0.93
1,2,2,1,4,0.491,0.226,2,0.94
1,8,8,1,2,0.837,0.258,2,0.95
1,7,7,1,3,0.558,0.572,2,0.94
1,5,6,0,1,0.486,0.121,2,0.94
1,8,7,0,1,0.228,0.099,2,0.95
1,5,8,0,1,0.601,0.115,2,0.94
1,6,6,1,1,0.738,0.043,2,0.94
1,4,4,1,3,0.782,0.141,2,0.93
1,6,6,1,2,0.694,0.073,2,0.92
1,7,7,1,2,0.521,0.077,2,0.92
1,3,6,0,1,0.172,0.147,2,0.93
1,7,7,1,1,0.594,0.201,2,0.92
1,2,6,0,1,0.336,0.122,2,0.91
1,6,6,1,1,0.353,0.165,2,0.91
1,8,8,1,1,0.599,0.12,2,0.92
1,2,2,1,1,1.719,0.177,2,0.93
1,4,3,0,1,0.444,0.242,2,0.92
1,3,3,1,1,0.586,0.183,2,0.92
1,7,1,0,3,0.485,0.668,2,0.91
1,6,6,1,1,0.688,0.114,2,0.91
1,1,7,0,2,0.398,0.147,2,0.92
1,1,7,0,2,0.378,0.134,2,0.93
1,2,2,1,4,0.387,0.405,2,0.92
1,7,7,1,4,0.567,0.18,2,0.92
1,1,7,0,1,0.47,0.56,2,0.93
1,1,1,1,1,0.61,0.19,2,0.94
1,7,7,1,4,0.554,0.188,2,0.93
1,6,6,1,2,0.631,0.256,2,0.93
1,8,7,0,3,0.376,0.248,2,0.94
1,4,4,1,4,0.699,0.18,2,0.93
1,3,3,1,2,1.041,0.401,2,0.93
2,7,7,1,1,0.772,0.498,2,0.99
2,4,5,0,1,1.17,0.164,2,0.98
2,8,8,1,4,0.666,0.556,2,0.98
2,5,5,1,4,1.308,0.311,2,0.99
2,5,5,1,4,0.348,0.155,2,0.98
2,6,6,1,2,0.8,0.318,2,0.98
2,7,7,1,1,0.778,0.067,2,0.99
2,2,7,0,1,0.975,0.1,2,0.99
2,4,1,0,1,0.688,0.78,2,0.99
2,5,5,1,1,1.306,0.742,2,0.98
2,4,5,0,1,0.757,0.067,2,0.98
2,1,5,0,1,0.726,0.081,2,0.99
2,3,6,0,2,1.065,0.245,2,0.99
2,1,1,1,3,1.111,0.43,2,0.99
2,4,4,1,4,0.749,0.156,2,0.98
2,6,6,1,4,0.818,0.113,2,0.97
2,6,6,1,4,0.418,0.092,2,0.96
2,7,5,0,1,0.857,0.095,2,0.96
2,7,7,1,1,0.723,0.313,2,0.97
2,7,7,1,1,0.671,0.222,2,0.98
2,6,6,1,1,0.761,0.203,2,0.99
2,7,6,0,1,0.389,0.148,2,0.99
2,5,6,0,1,0.686,0.416,2,0.99
2,6,1,0,1,0.564,0.596,2,0.98
2,2,1,0,1,1.447,1.542,2,0.98
2,1,1,1,1,0.562,0.28,2,0.97
2,4,4,1,3,1.249,0.42,2,0.96
2,5,6,0,4,1.03,0.279,2,0.96
2,4,7,0,2,0.983,0.515,2,0.97
2,2,1,0,1,0.713,0.756,2,0.98
2,4,4,1,4,0.782,0.21,2,0.99
2,6,6,1,4,0.706,0.118,2,0.99
2,3,3,1,4,0.966,0.054,2,0.98
2,6,6,1,4,0.759,0.098,2,0.98
2,3,3,1,4,0.951,0.086,2,0.99
2,2,2,1,4,0.758,0.133,2,0.98
2,4,4,1,1,1.422,0.397,2,0.98
2,3,3,1,1,0.882,0.233,2,0.99
2,5,5,1,1,0.956,0.238,2,0.99
2,3,5,0,1,0.656,0.242,2,0.98
2,2,5,0,1,0.982,0.092,2,0.97
2,3,5,0,1,0.568,0.147,2,0.97
2,2,2,1,1,0.754,0.117,2,0.98
2,4,3,0,1,0.74,0.077,2,0.99
2,2,2,1,1,0.671,0.085,2,0.98
2,8,8,1,2,0.802,0.53,2,0.97
2,5,5,1,3,0.824,0.509,2,0.97
2,4,3,0,1,1.131,0.235,2,0.98
2,2,3,0,1,1.033,0.113,2,0.97
2,6,6,1,2,0.966,0.305,2,0.97
2,5,5,1,1,0.83,0.185,2,0.96
2,8,3,0,2,1.276,0.371,2,0.96
2,8,8,1,3,0.881,0.546,2,0.97
2,3,3,1,1,1.189,0.227,2,0.96
2,8,8,1,3,0.883,0.44,2,0.96
2,8,3,0,1,0.96,0.144,2,0.97
2,5,5,1,3,1.006,0.398,2,0.96
2,1,1,1,2,0.763,1.142,2,0.96
2,2,7,0,2,0.861,0.382,2,0.97
2,5,5,1,1,10.339,0.259,2,0.98
2,4,7,0,1,0.871,0.094,2,0.97
2,4,4,1,2,1.094,0.196,2,0.97
2,8,7,0,1,1.506,0.445,2,0.96
2,6,6,1,4,0.853,0.117,2,0.96
2,7,3,0,1,1.379,0.709,2,0.97
2,4,4,1,4,0.871,0.161,2,0.98
2,6,6,1,4,0.728,0.106,2,0.97
2,6,6,1,4,0.453,0.062,2,0.97
2,5,6,0,2,1.338,0.492,2,0.98
2,2,2,1,4,1.033,0.236,2,0.97
2,5,5,1,4,0.758,0.059,2,0.97
2,5,5,1,4,0.679,0.178,2,0.98
2,5,5,1,2,0.989,0.218,2,0.99
2,3,5,0,2,0.43,1.407,2,0.98
2,1,5,0,1,0.477,0.105,2,0.98
2,2,5,0,1,0.291,0.076,2,0.99
2,3,3,1,4,0.907,0.256,2,0.98
2,3,3,1,4,0.349,0.103,2,0.98
2,2,2,1,4,0.71,0.104,2,0.97
2,7,7,1,1,1.066,0.162,2,0.97
2,1,7,0,2,0.886,0.443,2,0.98
2,3,3,1,1,1.124,0.107,2,0.99
2,1,3,0,1,0.411,0.115,2,0.98
2,8,5,0,1,0.824,0.082,2,0.97
2,3,3,1,4,0.847,0.296,2,0.97
2,2,2,1,3,0.811,0.821,2,0.98
2,3,5,0,2,1.079,0.323,2,0.99
2,4,4,1,1,0.851,0.259,2,0.98
2,6,6,1,4,0.828,0.31,2,0.98
2,4,4,1,2,0.902,0.361,2,0.97
2,1,3,0,1,0.773,0.242,2,0.96
2,1,3,0,1,0.826,0.206,2,0.96
2,1,6,0,1,0.974,0.267,2,0.97
2,5,5,1,4,0.86,0.173,2,0.96
2,6,6,1,4,0.626,0.104,2,0.96
2,6,6,1,4,0.755,0.17,2,0.97
2,7,7,1,3,0.943,0.734,2,0.98
2,8,5,0,1,1.156,0.653,2,0.99
2,8,2,0,1,1.079,0.073,2,0.99
2,7,7,1,1,0.788,0.271,2,0.98
2,5,5,1,4,0.772,0.103,2,0.94
2,6,6,1,2,1.151,0.225,2,0.95
2,2,8,0,1,1.661,0.196,2,0.94
2,6,6,1,2,0.938,0.398,2,0.94
2,8,7,0,1,0.873,0.121,2,0.95
2,8,7,0,1,0.801,0.081,2,0.96
2,2,5,0,1,1.118,0.137,2,0.97
2,6,6,1,3,1.409,0.116,2,0.98
2,4,4,1,3,1.103,0.332,2,0.97
2,6,6,1,4,0.969,0.129,2,0.96
2,6,6,1,4,0.612,0.112,2,0.96
2,2,7,0,3,1.125,0.216,2,0.97
2,4,1,0,1,1.234,0.291,2,0.98
2,3,3,1,4,0.687,0.101,2,0.97
2,6,6,1,4,1.019,0.102,2,0.96
2,7,4,0,1,1.277,0.088,2,0.95
2,8,8,1,4,0.942,0.251,2,0.95
2,6,6,1,4,0.618,0.073,2,0.94
2,7,7,1,4,0.718,0.127,2,0.94
2,5,5,1,4,0.608,0.112,2,0.95
2,5,5,1,4,0.772,0.111,2,0.96
2,7,7,1,2,1.196,0.202,2,0.97
2,1,5,0,1,0.782,0.086,2,0.96
2,1,5,0,1,0.249,0.182,2,0.95
2,1,7,0,1,0.884,0.082,2,0.95
2,5,5,1,4,0.78,0.144,2,0.96
2,1,7,0,2,0.979,0.151,2,0.97
2,8,8,1,4,0.781,0.196,2,0.98
2,7,7,1,4,0.599,0.073,2,0.99
2,5,5,1,4,0.814,0.14,2,0.98
2,1,7,0,2,0.878,0.251,2,0.97
2,8,8,1,4,0.785,0.098,2,0.96
2,1,1,1,1,0.827,0.271,2,0.95
2,6,5,0,3,1.03,0.38,2,0.95
2,1,7,0,3,0.918,0.591,2,0.96
2,4,4,1,3,1.356,0.235,2,0.97
2,7,7,1,4,0.848,0.099,2,0.96
2,2,8,0,1,0.934,0.274,2,0.95
2,2,2,1,3,1.185,0.118,2,0.95
2,5,5,1,3,0.885,0.7,2,0.96
2,3,3,1,4,0.877,0.138,2,0.95
2,7,3,0,2,1.041,0.245,2,0.94
2,5,3,0,4,0.448,0.584,2,0.94
2,1,1,1,1,0.661,0.284,2,0.95
2,1,7,0,1,0.953,0.145,2,0.94
2,8,3,0,1,1.272,0.202,2,0.94
2,3,8,0,4,1.018,0.168,2,0.95
2,7,7,1,4,0.536,0.097,2,0.94
2,3,3,1,4,0.742,0.121,2,0.94
2,6,6,1,4,0.791,0.11,2,0.95
2,8,8,1,4,0.716,0.155,2,0.96
2,3,8,0,2,7.529,0.226,2,0.97
2,3,3,1,4,0.952,0.153,2,0.98
2,7,7,1,2,0.915,0.191,2,0.99
2,3,3,1,4,0.67,0.077,2,0.98
2,8,2,0,4,0.942,0.155,2,0.97
2,4,7,0,2,1.036,0.248,2,0.96
2,7,7,1,4,1.1,0.129,2,0.96
2,8,8,1,4,0.759,0.53,2,0.95
2,8,7,0,2,0.747,0.619,2,0.94
2,3,3,1,4,0.697,0.082,2,0.94
2,1,7,0,2,0.956,0.374,2,0.95
2,4,7,0,1,0.855,0.305,2,0.96
2,6,6,1,4,0.849,0.127,2,0.97
2,3,3,1,4,0.963,0.162,2,0.96
2,8,8,1,4,0.876,0.074,2,0.95
2,1,7,0,4,0.606,0.081,2,0.95
2,1,1,1,3,1.031,0.126,2,0.94
2,7,7,1,2,1.195,0.456,2,0.94
2,4,4,1,4,0.795,0.208,2,0.95
2,2,2,1,4,0.745,0.1,2,0.96
2,6,5,0,2,1.274,0.392,2,0.97
2,4,7,0,2,1.038,0.214,2,0.96
2,1,1,1,4,0.496,0.47,2,0.96
2,2,2,1,4,0.758,0.105,2,0.95
2,1,7,0,1,0.984,0.251,2,0.95
2,5,5,1,4,1.079,0.228,2,0.96
2,7,7,1,2,1.015,0.515,2,0.95
2,6,6,1,4,1.047,0.145,2,0.95
2,4,4,1,2,0.957,0.468,2,0.96
2,6,5,0,1,1.052,0.097,2,0.95
2,2,2,1,1,0.975,0.112,2,0.95
2,3,8,0,2,1.297,0.254,2,0.94
2,3,3,1,1,0.81,0.11,2,0.94
2,7,4,0,1,0.838,0.782,2,0.95
2,5,5,1,4,0.869,0.228,2,0.96
2,8,8,1,4,0.674,0.107,2,0.97
2,1,1,1,2,1.06,0.18,2,0.96
2,4,8,0,2,1.157,0.268,2,0.95
2,6,6,1,4,0.714,0.165,2,0.94
2,1,7,0,1,0.893,0.102,2,0.94
2,2,2,1,4,0.652,0.119,2,0.95
2,2,2,1,4,0.585,0.156,2,0.96
2,7,7,1,4,1.592,0.122,2,0.97
2,2,3,0,2,1.205,0.459,2,0.98
2,2,2,1,2,1.085,0.469,2,0.99
2,8,2,0,2,0.67,0.198,2,0.99
2,4,4,1,4,0.914,0.211,2,0.98
2,2,2,1,4,0.618,0.1,2,0.97
2,8,8,1,4,0.703,0.17,2,0.96
2,6,6,1,1,0.736,0.091,2,0.94
2,6,6,1,4,0.831,0.335,2,0.95
2,5,5,1,4,0.628,0.172,2,0.96
2,5,5,1,4,0.31,0.052,2,0.95
2,5,5,1,4,0.214,0.065,2,0.95
2,4,6,0,2,0.77,0.425,2,0.94
2,4,7,0,1,0.934,0.095,2,0.93
2,4,5,0,1,0.765,0.12,2,0.92
2,2,2,1,3,1.078,0.526,2,0.92
2,7,7,1,3,0.85,0.398,2,0.93
2,5,5,1,1,0.96,0.131,2,0.94
2,2,5,0,1,0.362,0.162,2,0.95
2,2,6,0,2,0.689,0.978,2,0.94
2,6,6,1,2,0.744,0.241,2,0.93
2,1,5,0,1,1.314,0.435,2,0.93
2,4,4,1,4,0.805,0.308,2,0.94
2,3,3,1,2,0.722,0.279,2,0.93
2,3,2,0,2,0.833,0.466,2,0.93
2,2,3,0,2,0.802,0.714,2,0.94
2,8,2,0,3,0.86,0.275,2,0.95
2,3,3,1,4,0.628,0.096,2,0.96
2,7,7,1,4,0.745,0.282,2,0.97
2,6,6,1,4,0.599,0.102,2,0.98
2,3,3,1,4,0.837,0.166,2,0.97
2,1,6,0,1,0.796,1.138,2,0.96
2,8,8,1,1,0.886,0.391,2,0.95
2,8,8,1,4,0.594,0.434,2,0.95
2,3,6,0,4,0.673,0.12,2,0.94
2,1,7,0,3,0.719,0.346,2,0.94
2,1,7,0,2,0.64,0.388,2,0.95
2,5,5,1,4,0.766,0.283,2,0.96
2,3,3,1,4,0.666,0.111,2,0.95
2,6,6,1,4,0.602,0.134,2,0.95
2,6,6,1,4,0.248,0.05,2,0.96
2,8,5,0,4,0.634,0.086,2,0.95
2,4,4,1,4,1.017,0.268,2,0.94
2,3,3,1,4,0.645,0.077,2,0.94
2,6,5,0,4,0.649,0.099,2,0.95
2,3,3,1,4,0.569,0.069,2,0.94
2,2,2,1,4,0.62,0.133,2,0.94
2,1,6,0,2,0.721,0.452,2,0.95
2,8,3,0,1,0.83,0.176,2,0.96
2,4,4,1,4,0.927,0.543,2,0.95
2,4,4,1,2,0.667,0.782,2,0.94
2,4,2,0,1,1.191,0.304,2,0.94
2,2,2,1,4,0.8,0.299,2,0.93
2,5,5,1,4,0.596,0.112,2,0.92
2,2,2,1,4,0.766,0.152,2,0.91
2,2,2,1,4,0.446,0.146,2,0.91
2,6,6,1,2,0.77,0.4,2,0.92
2,3,5,0,4,0.755,0.451,2,0.93
2,8,2,0,1,1.146,0.212,2,0.94
2,4,4,1,1,0.902,0.265,2,0.93
2,7,2,0,1,1.104,0.266,2,0.93
2,2,2,1,3,0.718,0.618,2,0.94
2,3,3,1,1,0.923,0.526,2,0.95
2,2,2,1,1,0.76,0.08,2,0.94
2,8,8,1,3,0.849,0.597,2,0.93
2,5,6,0,1,0.69,0.196,2,0.93
2,2,8,0,2,0.915,0.287,2,0.94
2,6,6,1,4,0.952,0.158,2,0.93
2,7,2,0,1,1.335,0.123,2,0.93
2,5,5,1,4,0.737,0.105,2,0.92
2,4,4,1,3,0.969,0.37,2,0.91
2,8,8,1,4,0.743,0.444,2,0.91
2,6,5,0,1,0.888,0.128,2,0.92
2,2,2,1,1,0.719,0.1,2,0.93
2,6,6,1,2,0.881,0.338,2,0.92
2,6,6,1,1,0.791,0.161,2,0.92
2,2,2,1,1,0.663,0.097,2,0.93
2,3,5,0,1,0.662,0.081,2,0.94
2,7,7,1,1,1.117,0.054,2,0.95
2,8,7,0,1,0.751,0.111,2,0.94
2,7,7,1,1,0.816,0.136,2,0.93
2,1,6,0,1,0.662,0.07,2,0.93
2,2,2,1,1,0.835,0.115,2,0.94
2,2,2,1,1,0.309,0.174,2,0.93
2,1,6,0,2,0.936,0.22,2,0.93
2,5,5,1,2,0.924,0.109,2,0.94
2,1,6,0,2,0.664,0.081,2,0.95
2,1,1,1,2,0.774,0.622,2,0.96
2,4,4,1,4,0.788,0.187,2,0.95
2,5,6,0,1,0.824,0.18,2,0.95
2,3,3,1,4,0.7,0.124,2,0.94
2,6,6,1,4,0.623,0.127,2,0.94
2,8,2,0,2,0.91,0.461,2,0.93
2,5,5,1,2,1.037,0.434,2,0.93
2,7,7,1,3,0.65,0.52,2,0.94
2,6,6,1,4,0.752,0.113,2,0.95
2,3,3,1,4,0.724,0.152,2,0.94
2,7,3,0,1,0.961,0.116,2,0.94
2,5,5,1,1,0.902,0.076,2,0.93
2,7,3,0,1,0.741,0.099,2,0.93
2,4,3,0,1,0.374,0.067,2,0.94
2,8,8,1,4,0.705,0.311,2,0.95
2,8,8,1,4,0.635,0.15,2,0.94
2,2,2,1,4,0.928,0.162,2,0.94
2,1,5,0,1,0.816,0.085,2,0.93
2,8,8,1,4,0.633,0.421,2,0.93
2,4,8,0,4,0.831,0.68,2,0.94
2,8,8,1,4,0.839,0.63,2,0.94
2,8,8,1,4,0.717,0.167,2,0.94
2,5,5,1,4,0.666,0.11,2,0.95
2,7,7,1,4,0.664,0.166,2,0.96
2,5,5,1,3,0.85,0.395,2,0.97
2,3,5,0,2,0.786,0.606,2,0.98
2,5,5,1,1,0.968,0.458,2,0.99
2,3,5,0,1,1.001,0.08,2,0.98
2,4,5,0,1,0.81,0.096,2,0.97
2,5,5,1,4,0.76,0.095,2,0.97
2,6,6,1,4,0.695,0.092,2,0.98
2,3,5,0,2,0.761,0.333,2,0.97
2,1,7,0,1,0.684,0.403,2,0.97
2,8,8,1,4,0.65,0.368,2,0.98
2,7,7,1,4,0.641,0.397,2,0.97
2,1,1,1,1,1.119,0.217,2,0.97
2,5,6,0,1,0.829,0.145,2,0.98
2,4,4,1,2,0.882,0.516,2,0.97
2,3,5,0,2,0.754,0.597,2,0.96
2,1,1,1,1,1.245,0.324,2,0.96
2,3,1,0,1,0.889,0.25,2,0.95
2,8,8,1,4,0.762,0.434,2,0.95
2,4,4,1,4,0.97,0.38,2,0.96
2,5,5,1,4,0.561,0.132,2,0.97
2,1,6,0,4,0.602,0.005,2,0.98
2,1,6,0,4,0.374,0.056,2,0.99
2,2,8,0,4,0.885,0.136,2,0.99
2,4,4,1,4,0.674,0.183,2,0.99
2,6,6,1,4,0.5,0.113,2,0.99
2,3,3,1,4,0.688,0.107,2,0.98
2,4,4,1,4,0.705,0.188,2,0.97
2,5,5,1,4,0.601,0.062,2,0.97
2,3,5,0,1,1.005,0.272,2,0.98
2,7,7,1,4,0.58,0.304,2,0.99
2,6,6,1,4,0.53,0.128,2,0.98
2,1,6,0,2,0.705,0.245,2,0.98
2,7,7,1,2,0.625,0.066,2,0.99
2,1,4,0,2,0.865,0.658,2,0.99
2,1,6,0,1,0.718,0.065,2,0.99
2,8,6,0,1,0.567,0.2,2,0.99
2,7,7,1,4,0.615,0.499,2,0.99
2,6,6,1,4,0.572,0.148,2,0.98
2,1,1,1,1,0.591,0.43,2,0.98
2,4,4,1,4,0.941,1.567,2,0.99
2,7,7,1,4,0.957,0.11,2,0.98
2,8,6,0,3,0.616,0.313,2,0.98
2,1,7,0,2,1.114,0.437,2,0.99
2,4,4,1,4,0.652,0.497,2,0.99
2,5,5,1,4,0.828,0.152,2,0.98
2,8,8,1,4,0.723,0.119,2,0.98
2,7,8,0,2,0.802,0.511,2,0.97
2,7,7,1,4,0.706,0.287,2,0.96
2,8,8,1,4,0.682,0.217,2,0.96
2,7,7,1,2,0.861,0.328,2,0.97
2,4,5,0,4,0.81,0.632,2,0.98
2,3,5,0,1,0.411,0.343,2,0.97
2,7,7,1,1,0.753,0.071,2,0.96
2,1,6,0,2,1.126,0.076,2,0.96
2,1,7,0,1,1.153,0.035,2,0.97
2,1,1,1,1,0.454,0.355,2,0.96
2,7,7,1,1,0.83,0.062,2,0.96
2,8,1,0,1,1.329,0.355,2,0.97
2,4,8,0,1,1.226,1.412,2,0.96
2,5,6,0,1,0.755,0.129,2,0.96
2,2,2,1,1,0.718,0.129,2,0.97
2,4,4,1,4,1.281,0.435,2,0.96
2,6,6,1,4,2.945,0.088,2,0.96
2,3,3,1,4,0.726,0.096,2,0.97
2,1,6,0,4,0.92,0.089,2,0.98
2,3,3,1,4,0.636,0.106,2,0.99
2,7,7,1,4,0.999,0.141,2,0.99
2,2,2,1,4,0.865,0.124,2,0.98
2,3,3,1,4,0.679,0.102,2,0.98
2,6,2,0,1,1.078,0.337,2,0.99
2,6,6,1,4,0.748,0.12,2,0.99
2,3,3,1,4,0.679,0.093,2,0.99
2,7,3,0,1,0.847,0.151,2,0.98
2,1,6,0,1,0.752,0.046,2,0.98
2,7,7,1,3,0.831,0.519,2,0.99
2,2,2,1,4,0.688,0.517,2,0.98
2,5,7,0,1,0.982,0.007,2,0.98
2,1,6,0,1,0.786,0.08,2,0.99
2,6,6,1,2,0.812,0.209,2,0.98
2,4,4,1,4,0.994,0.219,2,0.97
2,5,5,1,4,0.851,0.115,2,0.96
2,5,3,0,1,1.657,0.329,2,0.95
2,6,6,1,4,0.778,0.127,2,0.95
2,5,6,0,1,0.97,0.093,2,0.94
2,4,4,1,1,0.736,0.192,2,0.94
2,3,3,1,4,0.641,0.103,2,0.95
2,8,8,1,4,0.71,0.477,2,0.96
2,6,5,0,4,0.837,0.064,2,0.97
2,6,6,1,4,0.533,0.129,2,0.96
2,6,6,1,4,0.513,0.077,2,0.96
2,4,4,1,4,0.731,0.2,2,0.97
2,8,6,0,2,0.951,0.38,2,0.98
2,2,2,1,1,0.767,0.155,2,0.99
2,8,8,1,2,0.736,0.34,2,0.98
2,2,8,0,1,1.292,0.301,2,0.98
2,3,5,0,1,0.789,0.091,2,0.99
3,8,8,1,4,1.118,0.211,2,0.99
3,8,8,1,4,0.394,0.071,2,0.98
3,3,3,1,4,0.339,0.143,2,0.97
3,1,1,1,4,0.876,0.061,2,0.96
3,1,1,1,4,0.333,0.08,2,0.96
3,8,8,1,4,0.476,0.059,2,0.95
3,5,5,1,4,1.014,0.048,2,0.95
3,1,1,1,1,0.896,0.186,2,0.96
3,6,3,0,1,0.659,0.362,2,0.95
3,6,6,1,1,1.022,0.069,2,0.95
3,5,5,1,1,0.682,0.047,2,0.94
3,5,3,0,1,0.447,0.14,2,0.94
3,3,3,1,1,1.727,0.099,2,0.95
3,4,4,1,4,0.333,0.245,2,0.96
3,2,1,0,1,1.873,0.56,2,0.95
3,8,3,0,1,0.55,0.162,2,0.95
3,8,7,0,1,1.021,0.157,2,0.96
3,7,7,1,4,0.476,0.315,2,0.97
3,7,7,1,4,0.22,0.051,2,0.98
3,5,5,1,4,0.499,0.064,2,0.99
3,6,3,0,3,2.477,1.024,2,0.98
3,5,4,0,3,0.644,0.133,2,0.98
3,5,6,0,4,1.193,0.179,2,0.97
3,7,7,1,4,1.022,0.13,2,0.97
3,8,8,1,4,0.484,0.125,2,0.96
3,5,5,1,4,0.521,0.063,2,0.95
3,8,8,1,4,0.525,0.112,2,0.95
3,7,5,0,1,0.494,1.64,2,0.96
3,8,8,1,4,0.434,0.139,2,0.97
3,8,8,1,4,0.387,0.063,2,0.98
3,3,3,1,4,0.34,0.144,2,0.99
3,3,7,0,1,1.4,0.55,2,0.99
3,7,7,1,4,0.32,0.259,2,0.98
3,2,1,0,1,1.696,0.28,2,0.97
3,7,7,1,4,0.321,0.083,2,0.96
3,5,5,1,4,0.961,0.076,2,0.96
3,2,8,0,4,0.753,0.076,2,0.97
3,3,3,1,4,0.355,0.152,2,0.96
3,1,7,0,4,1.07,0.126,2,0.96
3,4,7,0,4,0.391,0.198,2,0.97
3,5,5,1,4,0.695,0.127,2,0.98
3,3,3,1,4,0.294,0.116,2,0.99
3,2,2,1,4,0.356,0.083,2,0.98
3,4,4,1,4,0.383,0.171,2,0.97
3,3,6,0,4,0.787,0.146,2,0.97
3,6,6,1,4,0.383,0.083,2,0.98
3,4,3,0,1,0.362,0.832,2,0.97
3,8,8,1,4,0.418,0.079,2,0.97
3,2,2,1,4,0.277,0.299,2,0.98
3,2,2,1,4,0.381,0.072,2,0.99
3,6,8,0,4,0.437,0.047,2,0.98
3,1,7,0,1,0.597,0.521,2,0.98
3,7,7,1,4,0.312,0.126,2,0.97
3,2,4,0,1,0.788,1.311,2,0.96
3,4,7,0,4,0.729,0.314,2,0.96
3,5,5,1,4,0.683,0.099,2,0.95
3,4,4,1,4,0.323,0.155,2,0.95
3,6,6,1,4,0.664,0.092,2,0.96
3,3,3,1,4,0.305,0.088,2,0.97
3,4,4,1,4,0.309,0.142,2,0.96
3,4,7,0,4,0.658,0.399,2,0.95
3,5,5,1,4,0.476,0.1,2,0.95
3,2,2,1,4,0.416,0.126,2,0.96
3,7,4,0,2,1.005,0.302,2,0.97
3,3,5,0,4,0.777,0.265,2,0.98
3,6,6,1,4,0.341,0.097,2,0.97
3,2,2,1,4,0.25,0.12,2,0.97
3,1,7,0,4,1.258,0.168,2,0.96
3,7,7,1,4,0.443,0.087,2,0.96
3,7,7,1,4,0.234,0.068,2,0.97
3,2,2,1,4,0.595,0.06,2,0.98
3,7,7,1,4,0.367,0.101,2,0.97
3,3,3,1,4,0.807,0.347,2,0.96
3,3,4,0,2,0.875,0.723,2,0.95
3,3,3,1,4,0.388,0.127,2,0.94
3,2,4,0,4,1.205,0.17,2,0.94
3,6,8,0,4,0.914,0.787,2,0.95
3,1,1,1,4,0.543,0.167,2,0.96
3,8,8,1,4,1.218,0.096,2,0.95
3,1,4,0,2,0.704,0.545,2,0.95
3,1,1,1,1,0.846,0.251,2,0.96
3,1,6,0,4,1.036,0.107,2,0.97
3,8,8,1,4,0.331,0.085,2,0.98
3,4,4,1,4,0.81,0.164,2,0.99
3,2,2,1,4,0.788,0.145,2,0.98
3,6,6,1,4,0.978,0.065,2,0.97
3,1,7,0,4,0.507,0.1,2,0.97
3,8,7,0,4,0.468,0.103,2,0.96
3,5,5,1,4,0.674,0.08,2,0.96
3,1,7,0,4,1.954,0.505,2,0.97
3,4,4,1,4,0.814,0.128,2,0.98
3,5,5,1,4,0.427,0.068,2,0.99
3,3,3,1,4,0.265,0.084,2,0.98
3,8,8,1,4,0.613,0.048,2,0.98
3,5,4,0,4,0.826,0.441,2,0.99
3,5,5,1,4,0.817,0.1,2,0.98
3,4,4,1,4,0.492,0.15,2,0.97
3,7,1,0,1,1.193,0.54,2,0.96
3,5,5,1,4,0.435,0.186,2,0.95
3,6,6,1,4,0.54,0.104,2,0.95
3,5,6,0,2,1.69,0.49,2,0.94
3,2,3,0,2,1.179,0.663,2,0.94
3,2,7,0,3,2.832,2.446,2,0.95
3,3,3,1,4,0.577,0.1,2,0.96
3,2,2,1,4,0.286,0.116,2,0.97
3,7,7,1,4,0.678,0.096,2,0.98
3,6,6,1,4,0.626,0.087,2,0.99
3,4,7,0,4,0.522,0.123,2,0.98
3,1,7,0,4,0.486,0.126,2,0.98
3,4,4,1,4,1.187,0.207,2,0.97
3,7,7,1,4,0.225,0.12,2,0.96
3,5,4,0,1,0.496,0.825,2,0.96
3,2,2,1,4,0.352,0.14,2,0.97
3,1,1,1,4,0.96,0.108,2,0.96
3,6,6,1,4,0.789,0.054,2,0.96
3,6,6,1,4,0.276,0.067,2,0.97
3,8,7,0,4,0.616,0.262,2,0.96
3,6,6,1,4,0.731,0.096,2,0.95
3,4,4,1,3,0.777,0.869,2,0.95
3,2,6,0,4,1.197,0.162,2,0.96
3,2,3,0,3,2.359,0.93,2,0.97
3,2,2,1,4,0.382,0.304,2,0.96
3,4,7,0,4,0.876,0.159,2,0.95
3,3,3,1,4,0.374,0.2,2,0.95
3,6,6,1,4,0.7,0.158,2,0.96
3,5,3,0,4,0.744,0.121,2,0.97
3,5,5,1,4,0.721,0.041,2,0.96
3,2,2,1,4,0.382,0.116,2,0.96
3,1,7,0,4,0.741,0.152,2,0.97
3,6,6,1,4,0.878,0.178,2,0.96
3,7,7,1,4,1.196,0.222,2,0.96
3,5,6,0,4,0.736,0.075,2,0.97
3,8,8,1,4,0.526,0.148,2,0.96
3,7,7,1,4,0.596,0.531,2,0.96
3,4,4,1,2,1.323,1.035,2,0.95
3,5,5,1,4,0.74,0.345,2,0.95
3,8,8,1,2,1.225,0.835,2,0.96
3,5,7,0,2,0.493,0.493,2,0.95
3,4,4,1,4,0.786,0.195,2,0.94
3,8,5,0,4,0.468,0.116,2,0.94
3,7,5,0,4,0.656,1.677,2,0.95
3,1,7,0,4,0.315,0.146,2,0.96
3,3,3,1,4,0.261,0.14,2,0.95
3,7,7,1,4,0.255,0.151,2,0.95
3,5,4,0,4,0.319,0.208,2,0.96
3,1,8,0,4,1.434,0.321,2,0.97
3,4,4,1,4,0.276,0.15,2,0.96
3,1,1,1,4,0.878,0.094,2,0.95
3,6,6,1,4,0.638,0.063,2,0.95
3,4,4,1,4,0.342,0.137,2,0.94
3,4,5,0,4,0.578,0.116,2,0.93
3,8,7,0,2,1.95,0.276,2,0.93
3,3,3,1,4,0.29,0.116,2,0.94
3,1,7,0,4,1.336,0.182,2,0.95
3,8,8,1,4,0.574,0.172,2,0.96
3,8,8,1,4,0.276,0.14,2,0.95
3,8,8,1,4,0.262,0.072,2,0.95
3,2,3,0,1,3.888,0.319,2,0.96
3,3,3,1,4,0.366,0.281,2,0.97
3,8,8,1,4,0.312,0.129,2,0.96
3,6,7,0,1,1.179,2.685,2,0.96
3,2,2,1,4,3.197,0.286,2,0.95
3,4,4,1,4,0.492,0.179,2,0.95
3,6,8,0,4,1.527,0.108,2,0.96
3,4,4,1,4,0.696,0.173,2,0.97
3,7,7,1,4,0.305,0.193,2,0.98
3,8,8,1,4,0.426,0.152,2,0.97
3,3,6,0,4,0.777,0.163,2,0.96
3,4,4,1,4,0.505,0.294,2,0.95
3,8,8,1,4,0.31,0.124,2,0.95
3,7,6,0,2,1.447,0.744,2,0.96
3,6,6,1,4,0.293,0.33,2,0.97
3,6,6,1,4,1.62,0.239,2,0.96
3,7,7,1,4,0.518,0.144,2,0.96
3,6,7,0,4,1.085,0.136,2,0.95
3,3,3,1,4,0.335,0.126,2,0.95
3,7,4,0,4,0.57,0.141,2,0.96
3,8,8,1,4,0.374,0.109,2,0.95
3,7,7,1,4,0.338,0.103,2,0.94
3,2,3,0,4,0.965,0.333,2,0.94
3,7,7,1,4,0.433,0.149,2,0.95
3,6,6,1,4,1.046,0.12,2,0.96
3,3,6,0,4,0.639,0.106,2,0.95
3,4,3,0,1,0.337,0.836,2,0.95
3,1,7,0,4,0.881,0.1,2,0.96
3,1,7,0,4,0.525,0.298,2,0.95
3,5,5,1,4,0.536,0.091,2,0.95
3,2,2,1,4,0.404,0.081,2,0.96
3,4,4,1,4,0.252,0.165,2,0.97
3,2,2,1,4,0.31,0.068,2,0.96
3,1,7,0,4,1.095,0.208,2,0.96
3,3,5,0,4,0.773,0.002,2,0.95
3,2,4,0,2,0.448,0.033,2,0.95
3,3,5,0,4,2.426,0.102,2,0.96
3,6,6,1,4,0.419,0.085,2,0.97
3,6,6,1,4,0.214,0.069,2,0.96
3,5,4,0,1,0.204,0.765,2,0.96
3,3,3,1,4,0.656,0.072,2,0.95
3,8,4,0,4,1.221,0.699,2,0.95
3,3,3,1,4,0.414,0.115,2,0.96
3,8,1,0,1,2.312,0.246,2,0.96
3,1,7,0,1,0.675,0.169,2,0.95
3,6,6,1,4,0.3,0.962,2,0.94
3,6,6,1,4,0.335,0.055,2,0.93
3,3,3,1,4,0.399,0.096,2,0.93
3,2,2,1,4,0.341,0.086,2,0.94
3,1,7,0,4,0.529,0.103,2,0.95
3,2,2,1,4,0.24,0.08,2,0.96
3,3,3,1,4,0.384,0.081,2,0.95
3,6,5,0,4,0.825,0.082,2,0.94
3,8,2,0,4,1.019,0.166,2,0.94
3,3,3,1,4,0.275,0.099,2,0.95
3,3,3,1,4,0.251,0.089,2,0.94
3,4,4,1,4,0.303,0.135,2,0.94
3,8,8,1,4,0.42,0.075,2,0.95
3,1,1,1,1,0.659,0.238,2,0.96
3,3,7,0,4,0.907,0.085,2,0.97
3,7,7,1,4,0.439,0.046,2,0.96
3,3,3,1,4,0.325,0.063,2,0.96
3,2,2,1,4,0.567,0.081,2,0.97
3,4,3,0,1,0.481,0.303,2,0.96
3,6,4,0,1,1.212,0.782,2,0.95
3,7,7,1,4,2.095,0.221,2,0.95
3,6,6,1,4,0.809,0.216,2,0.94
3,6,6,1,4,0.521,0.057,2,0.94
3,3,7,0,1,0.52,0.199,2,0.95
3,6,6,1,1,0.478,0.32,2,0.94
3,7,2,0,1,0.497,0.338,2,0.94
3,1,7,0,1,0.525,0.213,2,0.95
3,8,8,1,4,0.429,0.123,2,0.94
3,5,5,1,4,0.386,0.198,2,0.94
3,3,3,1,4,0.386,0.104,2,0.95
3,8,6,0,4,0.568,0.08,2,0.94
3,3,3,1,4,0.317,0.154,2,0.94
3,4,4,1,4,0.537,0.147,2,0.95
3,7,7,1,4,0.441,0.06,2,0.96
3,8,7,0,1,0.723,0.171,2,0.97
3,2,7,0,4,0.393,0.098,2,0.98
3,4,7,0,4,0.332,0.236,2,0.97
3,1,7,0,4,0.323,0.087,2,0.97
3,3,3,1,4,0.519,0.076,2,0.96
3,3,3,1,1,0.444,0.153,2,0.95
3,7,7,1,4,0.373,0.109,2,0.94
3,5,3,0,1,0.633,0.285,2,0.94
3,8,7,0,4,0.343,0.074,2,0.95
3,5,5,1,4,0.567,0.113,2,0.94
3,7,4,0,1,0.5,0.672,2,0.93
3,6,6,1,4,0.526,0.079,2,0.93
3,5,5,1,4,0.561,0.097,2,0.94
3,8,8,1,4,0.32,0.074,2,0.95
3,5,8,0,4,0.297,0.075,2,0.96
3,7,7,1,4,0.402,0.077,2,0.95
3,2,2,1,4,0.363,0.141,2,0.94
3,5,6,0,4,0.7,0.113,2,0.94
3,2,8,0,4,0.407,0.061,2,0.93
3,7,7,1,4,0.83,0.06,2,0.93
3,8,4,0,1,1.641,0.659,2,0.94
3,5,5,1,4,0.458,0.068,2,0.95
3,1,7,0,4,0.896,0.075,2,0.94
3,6,6,1,4,0.278,0.054,2,0.94
3,4,4,1,4,0.394,0.153,2,0.95
3,4,4,1,4,0.309,0.14,2,0.94
3,1,7,0,4,0.542,0.125,2,0.94
3,1,7,0,4,0.218,0.099,2,0.95
3,4,4,1,4,0.344,0.138,2,0.94
3,8,8,1,4,0.266,0.082,2,0.94
3,5,5,1,4,0.501,0.197,2,0.95
3,3,3,1,4,0.283,0.094,2,0.96
3,1,1,1,4,0.502,0.125,2,0.95
3,4,7,0,4,0.568,0.076,2,0.95
3,6,3,0,1,0.86,0.068,2,0.96
3,6,6,1,4,0.549,0.18,2,0.95
3,8,3,0,4,0.302,0.082,2,0.95
3,5,5,1,4,0.485,0.074,2,0.96
3,5,5,1,4,0.279,0.053,2,0.97
3,5,5,1,4,0.226,0.022,2,0.96
3,1,6,0,1,0.466,0.523,2,0.96
3,1,1,1,1,0.658,0.18,2,0.95
3,5,5,1,4,0.401,0.08,2,0.95
3,6,6,1,4,0.361,0.057,2,0.96
3,7,7,1,4,1.088,0.249,2,0.95
3,5,3,0,4,0.632,0.277,2,0.95
3,5,3,0,4,0.392,0.071,2,0.96
3,2,3,0,4,0.324,0.16,2,0.95
3,6,6,1,4,0.469,0.135,2,0.94
3,6,6,1,4,0.249,0.047,2,0.93
3,7,7,1,1,0.795,0.593,2,0.92
3,5,8,0,4,0.418,0.147,2,0.92
3,7,3,0,2,0.64,0.18,2,0.93
3,7,7,1,3,0.493,0.271,2,0.94
3,2,2,1,4,0.367,0.22,2,0.95
3,8,8,1,4,0.349,0.099,2,0.94
3,4,7,0,3,0.525,0.416,2,0.93
3,7,7,1,3,0.325,0.481,2,0.92
3,6,5,0,4,0.331,0.165,2,0.91
3,5,4,0,1,0.247,0.678,2,0.91
3,1,7,0,4,0.66,0.147,2,0.92
3,1,1,1,2,0.737,0.377,2,0.91
3,7,7,1,4,0.977,0.251,2,0.91
3,8,8,1,4,0.289,0.074,2,0.9
3,3,3,1,4,0.37,0.692,2,0.94
3,5,5,1,4,0.87,0.073,2,0.95
3,3,5,0,2,1.088,0.365,2,0.96
3,3,5,0,4,0.495,0.089,2,0.97
3,7,3,0,2,1.186,0.329,2,0.98
3,2,2,1,4,0.965,0.134,2,0.99
3,4,4,1,4,0.298,0.133,2,0.99
3,7,7,1,4,0.366,0.127,2,0.98
3,1,7,0,4,0.46,0.08,2,0.97
3,4,4,1,4,0.506,0.14,2,0.97
3,8,8,1,4,0.387,0.069,2,0.98
3,8,8,1,4,0.263,0.07,2,0.99
3,5,8,0,4,0.281,0.064,2,0.99
3,7,4,0,4,0.548,0.155,2,0.99
3,2,2,1,4,0.273,0.093,2,0.99
3,6,6,1,4,0.843,0.058,2,0.98
3,7,7,1,4,0.288,0.074,2,0.98
3,5,5,1,4,0.396,0.029,2,0.97
3,8,8,1,4,0.601,0.076,2,0.97
3,6,3,0,4,0.561,0.226,2,0.96
3,2,3,0,2,0.98,0.135,2,0.96
3,6,6,1,4,0.427,0.272,2,0.95
3,7,7,1,4,0.374,0.159,2,0.95
3,1,7,0,4,0.55,0.069,2,0.96
3,8,8,1,4,0.322,0.11,2,0.97
3,2,2,1,4,0.855,0.124,2,0.96
3,2,6,0,4,0.545,0.288,2,0.96
3,6,6,1,4,0.303,0.047,2,0.97
3,5,5,1,4,0.326,0.035,2,0.98
3,1,3,0,4,0.382,0.099,2,0.99
3,3,8,0,4,0.636,0.011,2,0.99
3,4,4,1,4,0.372,0.148,2,0.99
3,5,8,0,4,0.295,0.069,2,0.99
3,8,8,1,4,0.274,0.076,2,0.99
3,2,3,0,1,0.241,0.723,2,0.98
3,2,2,1,4,0.177,0.208,2,0.98
3,8,8,1,4,0.33,0.015,2,0.99
3,1,2,0,4,0.372,0.024,2,0.98
3,3,3,1,4,0.259,0.077,2,0.98
3,4,5,0,4,0.928,0.172,2,0.97
3,2,2,1,4,0.199,0.121,2,0.96
3,4,3,0,4,0.252,0.041,2,0.96
3,5,5,1,4,0.424,0.049,2,0.97
3,6,6,1,4,0.171,0.07,2,0.96
3,4,4,1,4,0.34,0.14,2,0.96
3,4,4,1,4,0.272,0.141,2,0.97
3,1,7,0,4,0.643,0.113,2,0.98
3,6,6,1,4,0.257,0.063,2,0.99
3,3,3,1,4,0.337,0.041,2,0.98
3,4,4,1,4,0.336,0.16,2,0.98
3,6,6,1,4,0.381,0.096,2,0.99
3,2,2,1,4,0.227,0.069,2,0.98
3,2,2,1,4,0.318,0.093,2,0.98
3,3,3,1,4,0.394,0.068,2,0.99
3,7,4,0,4,0.356,0.148,2,0.98
3,2,2,1,4,0.344,0.073,2,0.97
3,8,7,0,4,0.702,0.074,2,0.97
3,6,5,0,4,0.411,0.03,2,0.98
3,5,5,1,4,0.537,0.008,2,0.99
3,1,7,0,4,0.492,0.086,2,0.99
3,8,8,1,4,0.471,0.044,2,0.99
3,1,7,0,4,0.455,0.099,2,0.98
3,7,7,1,4,0.234,0.075,2,0.98
3,8,8,1,3,0.333,13.413,2,0.97
3,4,5,0,1,1.42,0.429,2,0.96
3,3,3,1,4,0.536,0.103,2,0.95
3,7,7,1,4,0.286,0.069,2,0.95
3,3,3,1,4,0.314,0.083,2,0.96
3,1,1,1,1,0.974,0.727,2,0.97
3,6,3,0,1,0.718,0.936,2,0.98
3,4,8,0,4,0.38,0.113,2,0.97
3,2,7,0,2,1.281,0.382,2,0.97
3,7,7,1,4,0.491,0.336,2,0.98
3,6,6,1,4,0.332,0.158,2,0.97
3,4,4,1,4,0.256,0.135,2,0.97
3,2,2,1,4,0.524,0.079,2,0.98
3,6,6,1,4,0.953,0.073,2,0.99
3,3,3,1,4,0.426,0.07,2,0.98
3,2,3,0,4,0.389,0.074,2,0.97
3,5,3,0,4,0.359,0.048,2,0.96
3,4,4,1,1,0.445,0.379,2,0.96
3,8,8,1,4,0.375,0.096,2,0.95
3,1,7,0,4,0.469,0.099,2,0.95
3,5,4,0,1,0.556,0.514,2,0.96
3,4,4,1,4,0.467,0.14,2,0.97
3,7,7,1,4,0.269,0.103,2,0.96
3,5,8,0,4,0.538,0.056,2,0.96
3,7,7,1,4,0.284,0.093,2,0.95
3,3,4,0,3,0.422,0.085,2,0.95
3,6,6,1,4,1.02,0.088,2,0.96
3,2,2,1,4,0.387,0.108,2,0.97
3,3,3,1,4,0.32,0.075,2,0.98
3,1,8,0,4,0.516,0.178,2,0.99
3,7,8,0,1,1.061,0.186,2,0.99
3,1,1,1,4,0.595,0.329,2,0.99
3,2,2,1,4,0.333,0.081,2,0.99
3,3,1,0,4,0.725,0.336,2,0.99
3,4,4,1,4,0.241,0.161,2,0.99
3,8,8,1,4,0.274,0.074,2,0.99
3,4,4,1,4,0.401,0.166,2,0.98
4,4,4,1,2,0.703,0.317,2,0.99
4,5,4,0,2,0.516,0.859,2,0.98
4,1,7,0,2,0.798,0.052,2,0.98
4,7,7,1,3,0.711,0.318,2,0.99
4,8,8,1,3,0.784,0.249,2,0.99
4,1,1,1,3,0.414,0.332,2,0.98
4,7,7,1,2,0.77,1.156,2,0.97
4,2,3,0,2,0.394,0.437,2,0.97
4,7,7,1,3,0.724,0.435,2,0.98
4,6,6,1,1,0.884,0.179,2,0.99
4,3,3,1,1,0.468,0.263,2,0.99
4,7,3,0,1,1.823,0.284,2,0.98
4,4,8,0,2,3.757,0.638,2,0.98
4,2,7,0,1,1.51,0.129,2,0.97
4,1,7,0,1,1.084,0.515,2,0.96
4,1,1,1,4,0.337,0.538,2,0.96
4,8,8,1,2,0.985,0.577,2,0.95
4,5,5,1,1,1.325,0.201,2,0.95
4,6,6,1,2,0.755,0.218,2,0.96
4,8,4,0,1,0.902,0.214,2,0.95
4,3,3,1,1,0.504,0.209,2,0.95
4,3,3,1,1,0.326,0.291,2,0.94
4,1,1,1,1,0.78,0.339,2,0.94
4,3,3,1,2,0.648,0.318,2,0.95
4,7,3,0,1,0.45,0.301,2,0.96
4,2,3,0,1,1.775,0.264,2,0.95
4,1,1,1,3,0.397,0.339,2,0.95
4,1,1,1,1,1.49,0.842,2,0.96
4,5,3,0,1,0.777,0.172,2,0.97
4,4,7,0,1,0.858,0.255,2,0.98
4,7,7,1,2,0.404,0.461,2,0.99
4,7,7,1,1,0.974,0.102,2,0.98
4,2,3,0,1,0.856,0.109,2,0.98
4,3,3,1,1,0.472,0.131,2,0.99
4,8,7,0,1,2.048,0.1,2,0.99
4,3,3,1,2,0.574,0.172,2,0.99
4,4,8,0,1,2.341,0.346,2,0.99
4,1,1,1,2,0.414,0.821,2,0.98
4,7,7,1,2,0.727,0.183,2,0.98
4,5,5,1,2,1.329,0.61,2,0.99
4,7,7,1,2,0.735,0.119,2,0.99
4,2,3,0,1,0.516,0.282,2,0.98
4,4,1,0,2,1.323,1.197,2,0.98
4,1,1,1,3,1.204,0.659,2,0.99
4,4,4,1,3,0.558,0.655,2,0.98
4,5,5,1,1,1.159,0.161,2,0.98
4,4,4,1,1,0.692,0.121,2,0.99
4,8,3,0,2,0.544,0.383,2,0.99
4,3,3,1,1,0.407,0.359,2,0.99
4,2,8,0,1,1.67,0.398,2,0.99
4,7,7,1,1,0.709,0.345,2,0.99
4,6,6,1,1,0.893,0.209,2,0.99
4,7,7,1,2,0.849,0.135,2,0.99
4,6,3,0,1,0.859,0.349,2,0.99
4,2,3,0,1,1.725,0.423,2,0.98
4,1,7,0,1,0.776,0.334,2,0.97
4,1,1,1,1,1.084,0.253,2,0.96
4,3,3,1,2,0.383,0.298,2,0.96
4,3,3,1,3,0.43,0.278,2,0.95
4,4,4,1,1,0.714,0.2,2,0.95
4,2,3,0,1,0.912,0.218,2,0.96
4,6,6,1,1,0.986,0.214,2,0.97
4,6,4,0,1,1.047,0.194,2,0.96
4,3,3,1,3,0.359,0.611,2,0.96
4,4,4,1,1,0.857,0.213,2,0.97
4,7,7,1,2,0.879,0.22,2,0.96
4,8,7,0,1,2.336,0.485,2,0.95
4,6,3,0,1,1.02,0.254,2,0.95
4,1,2,0,1,1.24,0.38,2,0.96
4,4,4,1,3,0.475,0.514,2,0.97
4,4,4,1,2,1.891,0.672,2,0.98
4,6,6,1,2,0.927,0.687,2,0.97
4,8,1,0,1,0.781,0.268,2,0.96
4,6,6,1,1,0.698,0.268,2,0.96
4,1,1,1,1,0.516,0.255,2,0.97
4,5,1,0,2,1.744,0.612,2,0.96
4,2,3,0,1,1.001,0.26,2,0.96
4,1,6,0,1,0.861,0.231,2,0.97
4,2,2,1,1,1.117,0.411,2,0.98
4,5,5,1,2,1.063,0.271,2,0.99
4,6,6,1,3,0.838,0.298,2,0.99
4,7,5,0,1,1.705,0.182,2,0.99
4,2,3,0,2,0.577,0.549,2,0.98
4,4,4,1,3,1.058,0.231,2,0.97
4,3,3,1,3,0.483,0.673,2,0.97
4,5,5,1,4,0.651,0.345,2,0.98
4,8,8,1,2,1.189,0.309,2,0.97
4,3,3,1,1,0.498,0.313,2,0.97
4,6,5,0,1,1.583,0.172,2,0.96
4,3,3,1,1,0.919,0.17,2,0.95
4,2,3,0,1,1.858,0.21,2,0.95
4,3,3,1,1,0.562,0.397,2,0.96
4,2,3,0,2,1.885,0.498,2,0.97
4,1,6,0,1,0.874,0.224,2,0.96
4,4,4,1,1,0.433,0.351,2,0.95
4,2,2,1,3,0.619,0.573,2,0.95
4,5,8,0,1,0.952,0.371,2,0.94
4,4,4,1,2,0.508,0.253,2,0.94
4,2,2,1,2,0.881,0.375,2,0.95
4,2,2,1,1,0.622,0.293,2,0.94
4,2,8,0,1,1.26,0.662,2,0.94
4,8,8,1,1,0.602,0.224,2,0.94
4,2,3,0,1,0.651,0.237,2,0.95
4,5,5,1,4,0.629,0.248,2,0.94
4,7,7,1,4,1.024,0.138,2,0.94
4,8,7,0,1,0.6,0.305,2,0.95
4,6,6,1,4,0.784,0.148,2,0.96
4,3,3,1,4,0.424,0.267,2,0.95
4,2,2,1,2,0.457,0.472,2,0.94
4,7,7,1,2,0.906,0.095,2,0.94
4,6,6,1,2,0.804,0.088,2,0.95
4,5,3,0,1,0.519,0.234,2,0.96
4,6,6,1,2,0.695,0.109,2,0.97
4,8,7,0,2,0.825,0.068,2,0.98
4,7,7,1,1,0.525,0.306,2,0.97
4,3,3,1,2,0.537,0.594,2,0.96
4,5,3,0,1,0.553,0.164,2,0.95
4,5,3,0,1,0.683,0.132,2,0.95
4,8,8,1,1,1.892,0.152,2,0.96
4,8,8,1,3,0.507,0.525,2,0.97
4,1,3,0,1,1.146,0.082,2,0.96
4,5,5,1,1,0.795,0.083,2,0.96
4,2,7,0,1,0.674,0.148,2,0.97
4,5,3,0,1,0.519,0.083,2,0.98
4,8,8,1,3,0.83,0.132,2,0.97
4,6,6,1,1,0.788,0.095,2,0.97
4,3,3,1,3,0.467,0.342,2,0.98
4,2,7,0,1,1.047,0.091,2,0.97
4,5,3,0,1,0.443,0.084,2,0.97
4,8,7,0,1,1.479,0.1,2,0.96
4,6,6,1,4,0.769,0.138,2,0.96
4,7,7,1,4,0.64,0.159,2,0.97
4,7,7,1,4,0.308,0.259,2,0.96
4,7,2,0,1,2.354,0.271,2,0.96
4,4,4,1,3,0.563,0.425,2,0.95
4,6,6,1,4,0.815,0.137,2,0.95
4,6,6,1,4,0.425,0.209,2,0.96
4,4,4,1,3,0.925,0.932,2,0.97
4,6,6,1,4,0.755,0.127,2,0.98
4,2,7,0,2,1.151,0.198,2,0.99
4,5,3,0,1,0.627,0.188,2,0.98
4,4,4,1,2,0.475,0.246,2,0.97
4,7,7,1,2,0.777,0.248,2,0.96
4,6,6,1,2,0.752,0.133,2,0.95
4,3,3,1,2,0.392,0.22,2,0.95
4,7,7,1,2,0.629,0.089,2,0.96
4,6,6,1,1,0.704,0.085,2,0.97
4,3,1,0,1,1.103,0.959,2,0.96
4,4,3,0,1,0.459,0.093,2,0.96
4,5,4,0,1,0.639,0.106,2,0.97
4,3,7,0,1,1.237,0.104,2,0.96
4,4,4,1,1,0.501,0.13,2,0.95
4,8,8,1,2,0.893,0.497,2,0.95
4,8,4,0,2,0.468,0.375,2,0.96
4,4,4,1,1,0.454,0.427,2,0.97
4,5,3,0,1,0.671,0.13,2,0.96
4,4,4,1,2,0.52,0.181,2,0.95
4,1,7,0,1,1.312,0.124,2,0.95
4,1,1,1,1,0.592,0.253,2,0.96
4,1,7,0,2,0.745,0.82,2,0.95
4,6,6,1,3,0.744,0.515,2,0.95
4,1,1,1,2,0.428,0.686,2,0.96
4,7,7,1,4,0.811,0.46,2,0.97
4,6,6,1,4,0.747,0.21,2,0.96
4,2,2,1,1,0.689,0.795,2,0.96
4,7,7,1,3,1.188,0.635,2,0.97
4,4,3,0,1,0.81,0.168,2,0.96
4,7,7,1,2,0.822,0.105,2,0.95
4,5,4,0,3,1.497,0.211,2,0.95
4,8,8,1,1,2.186,0.307,2,0.96
4,6,6,1,2,0.678,0.099,2,0.97
4,6,6,1,2,1.09,0.55,2,0.98
4,3,3,1,1,0.361,0.317,2,0.97
4,3,3,1,1,1.222,0.358,2,0.97
4,1,4,0,1,1.637,0.092,2,0.98
4,7,3,0,1,0.618,0.055,2,0.99
4,2,7,0,1,0.875,0.161,2,0.99
4,5,4,0,1,0.58,0.128,2,0.99
4,1,1,1,2,0.913,0.885,2,0.98
4,6,6,1,3,0.793,0.173,2,0.97
4,2,2,1,1,1.183,0.768,2,0.97
4,4,4,1,1,0.546,0.212,2,0.96
4,1,3,0,1,0.533,0.225,2,0.96
4,2,3,0,1,1.293,0.147,2,0.97
4,8,3,0,1,0.621,0.256,2,0.96
4,8,8,1,3,0.781,0.172,2,0.96
4,1,7,0,1,0.945,0.361,2,0.95
4,8,2,0,1,0.736,0.328,2,0.95
4,8,8,1,4,0.668,0.408,2,0.96
4,8,8,1,4,0.353,0.318,2,0.97
4,7,7,1,3,0.641,0.5,2,0.98
4,5,4,0,1,0.565,0.206,2,0.97
4,7,7,1,4,0.69,0.231,2,0.96
4,4,4,1,2,0.554,0.361,2,0.96
4,6,6,1,4,0.721,0.154,2,0.95
4,5,3,0,2,0.588,0.271,2,0.95
4,2,4,0,1,0.672,0.294,2,0.94
4,5,5,1,2,0.991,0.369,2,0.94
4,3,3,1,3,0.721,0.191,2,0.95
4,3,5,0,1,1.682,0.241,2,0.96
4,4,4,1,4,0.477,0.199,2,0.95
4,7,7,1,4,0.69,0.069,2,0.94
4,5,5,1,4,0.454,0.136,2,0.94
4,1,7,0,2,1.172,0.073,2,0.93
4,4,4,1,4,0.453,0.133,2,0.93
4,4,4,1,4,0.287,0.133,2,0.94
4,5,5,1,4,0.356,0.152,2,0.93
4,5,5,1,4,0.435,0.157,2,0.93
4,2,2,1,2,0.821,0.181,2,0.94
4,3,3,1,3,0.851,0.37,2,0.95
4,2,2,1,1,1.125,0.148,2,0.96
4,6,4,0,1,1.007,0.133,2,0.97
4,7,7,1,2,0.978,0.099,2,0.96
4,3,3,1,1,0.643,0.35,2,0.96
4,3,3,1,1,0.712,0.046,2,0.95
4,6,7,0,1,1.207,0.092,2,0.95
4,8,3,0,1,0.853,0.082,2,0.96
4,5,4,0,1,0.724,0.08,2,0.95
4,2,2,1,1,0.747,0.089,2,0.94
4,8,7,0,3,0.974,0.141,2,0.94
4,4,7,0,1,0.499,0.132,2,0.95
4,2,2,1,2,0.474,0.336,2,0.94
4,6,6,1,4,0.874,0.138,2,0.94
4,3,3,1,1,1.008,0.195,2,0.93
4,7,7,1,2,0.842,0.1,2,0.92
4,6,4,0,1,0.759,0.138,2,0.92
4,6,4,0,1,1.029,0.11,2,0.93
4,3,3,1,3,0.743,0.33,2,0.94
4,7,7,1,3,0.702,0.083,2,0.93
4,1,7,0,3,0.682,0.057,2,0.92
4,6,6,1,3,0.792,0.096,2,0.91
4,8,1,0,1,0.881,0.183,2,0.91
4,8,8,1,4,1.021,0.055,2,0.92
4,4,4,1,4,0.541,0.175,2,0.93
4,6,6,1,4,0.832,0.073,2,0.92
4,8,8,1,1,1.046,0.082,2,0.92
4,4,7,0,1,0.88,0.057,2,0.93
4,7,7,1,1,0.559,0.09,2,0.94
4,4,2,0,1,0.767,0.064,2,0.95
4,1,7,0,1,0.379,0.113,2,0.96
4,2,2,1,1,0.489,0.129,2,0.95
4,4,4,1,1,0.34,0.091,2,0.94
4,3,3,1,1,0.649,0.128,2,0.94
4,8,8,1,1,1.073,0.066,2,0.95
4,3,3,1,1,0.511,0.09,2,0.96
4,8,7,0,1,0.797,0.091,2,0.97
4,7,7,1,1,0.351,0.111,2,0.98
4,4,8,0,1,1.06,0.086,2,0.99
4,1,7,0,1,0.543,0.075,2,0.98
4,8,4,0,1,0.814,0.059,2,0.97
4,7,7,1,1,0.4,0.064,2,0.96
4,2,2,1,1,0.308,0.147,2,0.95
4,6,5,0,2,0.534,0.281,2,0.95
4,5,3,0,1,0.781,0.115,2,0.96
4,3,3,1,4,0.5,0.239,2,0.95
4,5,5,1,4,0.651,0.308,2,0.95
4,1,1,1,2,1.273,0.643,2,0.94
4,1,7,0,3,0.763,0.487,2,0.94
4,7,7,1,3,0.295,0.317,2,0.93
4,6,5,0,3,0.546,0.354,2,0.93
4,6,6,1,4,0.871,0.059,2,0.92
4,2,2,1,4,0.462,0.862,2,0.92
4,4,4,1,4,0.403,0.192,2,0.93
4,5,5,1,4,0.484,0.214,2,0.94
4,2,2,1,2,0.552,0.18,2,0.95
4,5,5,1,1,2.389,0.153,2,0.96
4,4,2,0,1,0.658,0.42,2,0.97
4,7,7,1,1,0.809,0.084,2,0.96
4,1,7,0,1,0.467,0.091,2,0.96
4,6,6,1,1,0.975,0.133,2,0.95
4,4,7,0,1,0.944,0.048,2,0.95
4,8,8,1,2,0.886,0.046,2,0.96
4,8,2,0,2,0.693,0.203,2,0.97
4,3,3,1,4,0.697,0.287,2,0.98
4,6,6,1,4,0.83,0.061,2,0.99
4,4,4,1,3,0.566,0.245,2,0.98
4,7,7,1,3,0.684,0.191,2,0.97
4,3,3,1,3,0.516,0.149,2,0.96
4,6,6,1,2,1.092,0.096,2,0.95
4,2,2,1,1,0.512,0.531,2,0.95
4,7,3,0,1,0.584,0.122,2,0.96
4,2,2,1,1,0.546,0.043,2,0.97
4,3,3,1,1,0.43,0.065,2,0.98
4,3,2,0,1,0.505,0.081,2,0.97
4,6,6,1,1,0.716,0.12,2,0.96
4,8,8,1,1,1.034,0.083,2,0.95
4,1,3,0,1,0.645,0.265,2,0.95
4,5,3,0,1,0.353,0.112,2,0.94
4,7,2,0,1,0.363,0.123,2,0.93
4,2,3,0,1,0.689,0.144,2,0.93
4,2,2,1,1,0.476,0.064,2,0.94
4,2,3,0,1,0.543,0.114,2,0.95
4,5,3,0,1,0.417,0.11,2,0.94
4,1,7,0,2,0.743,0.235,2,0.94
4,5,3,0,3,0.509,0.23,2,0.95
4,7,7,1,4,0.775,0.098,2,0.96
4,3,3,1,4,0.358,0.341,2,0.95
4,5,5,1,4,0.519,0.255,2,0.94
4,6,6,1,4,0.756,0.067,2,0.94
4,6,6,1,4,0.261,0.064,2,0.95
4,2,5,0,1,5.716,0.039,2,0.94
4,4,4,1,3,0.99,0.217,2,0.95
4,4,4,1,3,0.701,0.121,2,0.96
4,7,7,1,4,0.783,0.059,2,0.97
4,2,2,1,2,1.181,0.187,2,0.98
4,2,7,0,1,1.202,0.057,2,0.97
4,1,7,0,1,0.383,0.073,2,0.97
4,7,7,1,2,0.247,0.207,2,0.98
4,5,5,1,1,0.901,0.141,2,0.97
4,1,7,0,1,0.776,0.031,2,0.97
4,8,7,0,1,8.572,0.088,2,0.96
4,8,8,1,1,0.901,0.06,2,0.96
4,1,7,0,2,0.655,0.08,2,0.97
4,8,8,1,4,0.681,0.125,2,0.98
4,3,3,1,3,0.476,0.148,2,0.99
4,4,7,0,3,0.862,0.016,2,0.99
4,1,7,0,3,0.452,0.059,2,0.98
4,8,8,1,4,0.621,0.099,2,0.98
4,2,2,1,4,0.627,0.116,2,0.99
4,3,3,1,4,0.392,0.099,2,0.99
4,7,7,1,4,0.776,0.076,2,0.98
4,5,3,0,4,0.544,0.167,2,0.97
4,1,7,0,4,0.615,0.108,2,0.97
4,5,5,1,4,0.479,0.197,2,0.98
4,4,7,0,3,0.997,0.114,2,0.99
4,5,5,1,3,0.725,0.152,2,0.98
4,8,8,1,4,0.657,0.05,2,0.97
4,7,7,1,4,0.409,0.096,2,0.97
4,2,2,1,4,0.431,0.126,2,0.98
4,4,7,0,4,0.57,0.094,2,0.97
4,7,2,0,4,0.572,0.052,2,0.96
4,3,3,1,4,0.776,0.215,2,0.96
4,5,5,1,4,0.811,0.266,2,0.97
4,5,5,1,4,0.399,0.21,2,0.98
4,5,8,0,4,0.849,0.095,2,0.99
4,3,3,1,4,1.003,0.191,2,0.98
4,4,4,1,4,0.581,0.171,2,0.97
4,6,6,1,4,0.959,0.085,2,0.97
4,1,3,0,1,0.725,0.158,2,0.96
4,7,2,0,1,0.614,0.103,2,0.96
4,8,8,1,1,1.103,0.077,2,0.97
4,1,7,0,1,0.662,0.091,2,0.98
4,8,7,0,1,0.481,0.058,2,0.97
4,3,3,1,1,0.294,0.131,2,0.97
4,2,2,1,1,0.3,0.19,2,0.98
4,5,3,0,1,0.532,0.071,2,0.99
4,2,2,1,2,0.314,0.52,2,0.99
4,6,6,1,4,0.891,0.289,2,0.98
4,8,8,1,3,1.006,0.06,2,0.97
4,5,5,1,3,0.562,0.185,2,0.97
4,5,8,0,3,0.878,0.065,2,0.98
4,4,4,1,3,0.69,0.099,2,0.99
4,4,4,1,4,0.581,0.184,2,0.99
4,3,4,0,1,0.544,1.012,2,0.99
4,8,8,1,1,1.019,0.055,2,0.98
4,5,5,1,3,0.633,0.552,2,0.98
4,4,7,0,1,0.915,0.058,2,0.99
4,3,3,1,3,0.576,0.249,2,0.98
4,5,5,1,4,0.578,0.276,2,0.97
4,3,3,1,2,0.486,0.603,2,0.96
4,1,8,0,1,0.806,0.066,2,0.95
4,7,7,1,1,0.689,0.056,2,0.95
4,1,7,0,1,0.482,0.063,2,0.96
4,3,3,1,1,0.391,0.067,2,0.97
4,6,6,1,1,1.048,0.077,2,0.98
4,7,7,1,1,0.794,0.058,2,0.99
4,8,8,1,1,0.764,0.055,2,0.98
4,6,4,0,1,0.567,0.048,2,0.97
4,2,3,0,1,0.444,0.05,2,0.97
4,8,8,1,1,0.764,0.046,2,0.96
4,4,4,1,1,0.441,0.063,2,0.96
4,8,4,0,1,0.404,0.067,2,0.97
4,1,1,1,1,0.479,0.159,2,0.98
4,8,8,1,2,0.733,0.037,2,0.99
4,6,8,0,1,0.493,0.047,2,0.98
4,2,2,1,1,0.513,0.083,2,0.97
4,8,8,1,1,0.52,0.046,2,0.97
4,1,7,0,2,0.55,0.069,2,0.98
4,1,8,0,1,0.606,0.096,2,0.99
4,2,2,1,3,0.462,0.207,2,0.99
4,3,3,1,2,0.593,0.078,2,0.98
4,3,3,1,2,0.96,0.052,2,0.98
4,6,6,1,3,1.166,0.108,2,0.97
4,3,8,0,1,1.105,0.104,2,0.97
4,2,2,1,1,0.565,0.138,2,0.98
4,1,7,0,2,0.774,0.057,2,0.99
4,8,4,0,1,0.762,0.106,2,0.99
4,2,2,1,3,0.574,0.152,2,0.99
4,1,1,1,1,0.507,0.132,2,0.98
4,1,7,0,1,0.96,0.053,2,0.97
4,7,7,1,4,0.627,0.285,2,0.96
4,4,4,1,1,0.601,0.115,2,0.95
4,3,3,1,3,0.557,0.182,2,0.95
4,3,3,1,1,0.876,0.065,2,0.96
4,3,3,1,1,0.646,0.13,2,0.97
4,7,7,1,1,0.803,0.073,2,0.98
4,2,4,0,1,0.948,0.063,2,0.99
4,4,4,1,1,0.559,0.048,2,0.99
4,7,4,0,1,0.73,0.053,2,0.99
4,1,3,0,1,0.638,0.082,2,0.99
5,7,4,0,1,1.1,0.491,2,0.89
5,5,5,1,4,0.669,0.616,2,0.9
5,2,2,1,1,1.672,1.038,2,0.91
5,6,6,1,1,1.404,0.354,2,0.92
5,5,5,1,4,0.677,0.408,2,0.93
5,2,3,0,1,1.727,0.625,2,0.94
5,1,4,0,1,2.469,0.947,2,0.95
5,6,4,0,1,0.7,0.667,2,0.96
5,5,6,0,1,0.94,0.318,2,0.95
5,4,7,0,1,1.06,0.626,2,0.94
5,7,7,1,4,0.298,0.858,2,0.93
5,7,7,1,4,0.27,0.408,2,0.93
5,7,7,1,4,0.226,0.326,2,0.92
5,8,3,0,1,1.794,0.966,2,0.92
5,6,6,1,1,0.726,0.48,2,0.93
5,3,3,1,1,0.863,0.234,2,0.94
5,8,7,0,1,1.306,0.266,2,0.95
5,8,7,0,1,0.455,0.601,2,0.96
5,6,6,1,1,0.853,0.902,2,0.95
5,8,8,1,4,0.894,0.363,2,0.95
5,6,6,1,1,0.968,0.266,2,0.94
5,2,2,1,1,0.727,0.31,2,0.94
5,7,7,1,3,0.67,0.392,2,0.95
5,1,1,1,1,0.738,0.566,2,0.94
5,8,7,0,2,0.681,0.425,2,0.93
5,1,7,0,1,0.326,0.345,2,0.93
5,3,7,0,2,0.455,0.33,2,0.94
5,4,6,0,1,0.884,1.225,2,0.95
5,5,6,0,1,0.617,2.132,2,0.96
5,2,8,0,3,1.033,0.749,2,0.97
5,6,6,1,4,0.694,0.293,2,0.96
5,6,5,0,1,0.312,1.294,2,0.96
5,2,2,1,1,1.343,0.359,2,0.95
5,4,4,1,4,1.06,0.283,2,0.94
5,6,6,1,4,0.709,0.635,2,0.94
5,7,7,1,4,0.671,0.261,2,0.95
5,5,5,1,4,0.54,0.279,2,0.94
5,2,7,0,1,1.282,0.293,2,0.93
5,2,2,1,4,0.724,0.613,2,0.93
5,8,2,0,2,1.092,0.576,2,0.94
5,3,8,0,1,1.538,0.367,2,0.95
5,6,6,1,4,0.593,0.284,2,0.94
5,5,5,1,4,0.6,0.374,2,0.93
5,1,1,1,4,0.545,0.68,2,0.93
5,2,2,1,4,0.493,0.465,2,0.92
5,2,2,1,4,0.337,0.409,2,0.92
5,1,7,0,3,0.686,1.078,2,0.93
5,6,6,1,4,0.645,0.369,2,0.94
5,6,6,1,4,0.213,0.472,2,0.95
5,1,7,0,4,0.657,0.238,2,0.96
5,6,7,0,4,0.6,0.353,2,0.97
5,4,5,0,1,0.774,1.18,2,0.98
5,4,5,0,3,1.691,1.1,2,0.97
5,1,7,0,2,0.953,1.318,2,0.97
5,7,7,1,4,0.604,0.279,2,0.98
5,3,3,1,4,1.061,0.346,2,0.99
5,5,5,1,4,2.472,1.672,2,0.98
5,6,6,1,4,0.564,0.624,2,0.98
5,1,1,1,2,0.775,0.915,2,0.99
5,4,5,0,2,0.702,1.721,2,0.98
5,7,7,1,3,0.839,0.341,2,0.98
5,4,4,1,4,0.8,1.616,2,0.97
5,1,1,1,1,0.501,0.447,2,0.97
5,8,8,1,3,1.091,0.471,2,0.96
5,4,1,0,1,0.815,0.799,2,0.96
5,1,7,0,3,0.69,0.317,2,0.97
5,5,6,0,1,0.783,0.708,2,0.98
5,6,6,1,3,0.651,0.42,2,0.99
5,4,4,1,3,0.78,0.298,2,0.98
5,5,5,1,3,0.744,0.238,2,0.97
5,2,2,1,1,1.093,0.91,2,0.96
5,8,8,1,2,1.058,0.577,2,0.95
5,3,7,0,1,1.094,0.354,2,0.94
5,8,8,1,3,1.212,0.361,2,0.94
5,3,8,0,2,0.791,0.267,2,0.95
5,7,7,1,2,0.682,0.325,2,0.96
5,3,3,1,2,0.885,0.365,2,0.97
5,7,8,0,2,1.142,0.374,2,0.98
5,7,7,1,1,0.933,0.323,2,0.97
5,7,7,1,1,0.307,0.35,2,0.97
5,8,7,0,2,0.694,0.817,2,0.98
5,3,8,0,3,1.033,0.651,2,0.97
5,7,7,1,2,0.549,0.249,2,0.97
5,3,3,1,2,0.908,0.978,2,0.98
5,6,6,1,2,0.838,0.545,2,0.97
5,7,7,1,2,0.686,0.238,2,0.97
5,1,5,0,1,1.674,0.26,2,0.96
5,1,6,0,1,0.748,0.363,2,0.96
5,7,7,1,3,0.671,0.327,2,0.97
5,4,4,1,2,1.055,0.657,2,0.98
5,7,7,1,2,0.74,0.323,2,0.99
5,2,5,0,3,0.808,0.429,2,0.99
5,2,7,0,2,0.862,0.295,2,0.98
5,7,5,0,2,1.414,0.292,2,0.98
5,7,7,1,2,0.701,0.272,2,0.97
5,4,4,1,3,0.803,0.338,2,0.96
5,2,2,1,3,1.317,0.595,2,0.96
5,2,2,1,3,0.485,0.563,2,0.95
5,8,3,0,2,0.865,1.134,2,0.94
5,5,2,0,2,0.702,0.524,2,0.94
5,5,4,0,1,1.223,0.951,2,0.94
5,1,7,0,3,0.647,0.561,2,0.94
5,3,3,1,2,0.948,0.693,2,0.93
5,8,8,1,4,0.703,0.287,2,0.93
5,3,3,1,4,0.648,0.683,2,0.94
5,4,7,0,2,5.178,0.502,2,0.95
5,2,2,1,2,0.72,0.398,2,0.94
5,7,7,1,2,0.37,0.263,2,0.94
5,8,7,0,2,0.407,0.219,2,0.95
5,6,6,1,2,0.769,0.219,2,0.96
5,8,8,1,3,0.524,0.271,2,0.95
5,3,3,1,2,1.934,0.402,2,0.94
5,5,3,0,2,0.601,0.322,2,0.94
5,4,7,0,1,2.964,0.274,2,0.95
5,8,8,1,4,0.419,0.67,2,0.96
5,2,2,1,2,0.413,0.465,2,0.95
5,6,8,0,1,0.77,0.443,2,0.94
5,5,6,0,2,1.121,0.277,2,0.94
5,1,8,0,1,0.478,0.448,2,0.93
5,3,3,1,1,2.349,0.734,2,0.93
5,8,7,0,1,1.337,0.156,2,0.94
5,2,2,1,2,0.267,0.36,2,0.93
5,4,4,1,2,2.037,0.382,2,0.93
5,5,8,0,2,1.144,0.675,2,0.92
5,8,8,1,4,0.359,0.725,2,0.92
5,1,7,0,2,1.015,0.656,2,0.93
5,5,6,0,2,1.06,0.297,2,0.94
5,3,3,1,4,0.82,0.265,2,0.95
5,4,4,1,4,0.608,0.186,2,0.94
5,2,2,1,4,0.427,0.274,2,0.94
5,7,7,1,4,0.719,0.314,2,0.95
5,8,8,1,2,0.743,0.346,2,0.96
5,2,2,1,4,0.603,0.428,2,0.97
5,5,5,1,3,1.056,0.298,2,0.98
5,2,2,1,4,0.336,0.423,2,0.99
5,5,5,1,3,0.323,0.347,2,0.98
5,7,7,1,1,1.909,0.668,2,0.97
5,1,7,0,1,0.574,0.256,2,0.97
5,3,3,1,3,0.807,1.209,2,0.96
5,1,8,0,2,0.756,0.97,2,0.96
5,2,1,0,1,0.702,0.562,2,0.95
5,3,3,1,1,0.61,0.237,2,0.94
5,8,8,1,3,0.378,0.305,2,0.93
5,8,8,1,3,0.519,0.233,2,0.93
5,5,3,0,2,0.871,0.392,2,0.94
5,3,3,1,2,0.675,0.237,2,0.95
5,8,2,0,1,0.793,0.376,2,0.94
5,4,7,0,1,0.461,0.72,2,0.93
5,6,6,1,3,0.938,0.71,2,0.93
5,2,3,0,3,0.588,0.173,2,0.94
5,4,4,1,3,1.025,0.249,2,0.95
5,7,7,1,3,1.49,0.876,2,0.96
5,1,1,1,4,0.488,0.709,2,0.95
5,5,5,1,3,0.928,0.203,2,0.95
5,4,2,0,2,0.668,0.355,2,0.94
5,1,8,0,1,0.662,0.779,2,0.94
5,3,3,1,3,0.649,0.596,2,0.95
5,6,6,1,4,0.767,0.273,2,0.96
5,5,4,0,4,0.769,0.806,2,0.95
5,3,3,1,4,0.513,0.334,2,0.95
5,7,7,1,1,0.844,0.325,2,0.96
5,4,4,1,4,0.982,0.218,2,0.97
5,3,3,1,4,0.56,0.5,2,0.98
5,3,3,1,2,0.696,0.472,2,0.97
5,4,5,0,2,0.975,0.237,2,0.96
5,8,3,0,2,0.554,0.241,2,0.96
5,3,3,1,2,0.522,0.276,2,0.97
5,1,7,0,2,0.893,0.618,2,0.98
5,5,7,0,2,0.403,0.215,2,0.99
5,6,6,1,4,0.95,0.495,2,0.98
5,2,2,1,4,0.866,1.206,2,0.97
5,6,6,1,4,0.995,0.584,2,0.96
5,1,6,0,4,0.495,0.333,2,0.95
5,4,4,1,4,1.138,0.378,2,0.95
5,8,6,0,3,0.849,0.347,2,0.94
5,1,7,0,3,0.401,0.437,2,0.94
5,5,5,1,2,0.827,0.194,2,0.95
5,1,7,0,1,1.188,0.632,2,0.96
5,8,8,1,4,0.629,0.44,2,0.97
5,8,8,1,4,0.233,0.216,2,0.98
5,8,8,1,2,0.66,0.457,2,0.97
5,6,6,1,2,0.876,1.094,2,0.97
5,3,7,0,3,0.447,1.67,2,0.98
5,7,7,1,3,0.608,0.285,2,0.97
5,2,2,1,2,0.541,0.426,2,0.96
5,4,4,1,3,0.755,0.353,2,0.95
5,3,3,1,3,0.354,0.337,2,0.95
5,4,4,1,3,0.569,0.281,2,0.96
5,5,2,0,3,0.502,0.629,2,0.97
5,6,5,0,3,0.891,0.444,2,0.96
5,4,7,0,3,0.433,1.893,2,0.95
5,1,7,0,2,0.208,0.345,2,0.94
5,7,7,1,3,0.266,0.383,2,0.94
5,3,3,1,4,0.978,0.608,2,0.95
5,1,1,1,1,0.489,0.304,2,0.96
5,5,3,0,3,0.728,0.356,2,0.95
5,6,6,1,4,0.736,0.363,2,0.94
5,8,8,1,3,0.787,0.364,2,0.93
5,3,3,1,3,0.639,0.351,2,0.93
5,1,7,0,1,0.9,1.123,2,0.94
5,2,7,0,1,1.592,0.976,2,0.94
5,2,2,1,2,0.662,0.327,2,0.93
5,2,2,1,1,0.923,0.597,2,0.92
5,8,8,1,3,1.115,0.578,2,0.92
5,1,7,0,3,0.426,0.566,2,0.93
5,2,2,1,3,0.521,0.615,2,0.94
5,5,5,1,4,0.95,0.413,2,0.93
5,8,7,0,1,0.579,0.855,2,0.93
5,1,7,0,2,0.96,0.343,2,0.94
5,8,8,1,3,0.489,0.651,2,0.93
5,7,7,1,4,0.427,0.607,2,0.93
5,2,3,0,3,0.614,0.91,2,0.94
5,4,4,1,4,0.401,0.295,2,0.95
5,8,8,1,4,0.542,0.302,2,0.94
5,6,6,1,4,1.591,0.564,2,0.93
5,8,8,1,4,0.441,0.218,2,0.93
5,4,4,1,2,1.831,0.815,2,0.94
5,3,3,1,2,0.837,0.289,2,0.93
5,4,8,0,3,0.603,0.414,2,0.92
5,5,5,1,1,0.583,0.557,2,0.91
5,5,5,1,1,0.527,1.35,2,0.91
5,6,6,1,3,1.457,1.274,2,0.9
5,7,8,0,1,0.583,0.468,2,0.9
5,2,8,0,1,0.716,0.316,2,0.91
5,7,7,1,2,0.419,0.347,2,0.9
5,3,5,0,4,0.614,0.398,2,0.9
5,6,5,0,1,0.738,1.109,2,0.89
5,6,6,1,1,0.248,0.997,2,0.88
5,6,6,1,3,0.176,0.271,2,0.88
5,6,7,0,3,0.846,0.47,2,0.89
5,6,6,1,4,0.312,1.224,2,0.9
5,6,6,1,4,0.345,0.347,2,0.91
5,4,8,0,2,0.773,0.351,2,0.92
5,8,8,1,2,0.284,0.153,2,0.93
5,3,8,0,2,0.48,0.171,2,0.94
5,4,4,1,2,1.779,0.324,2,0.95
5,2,2,1,1,1.665,0.706,2,0.96
5,3,8,0,3,0.419,0.576,2,0.97
5,3,3,1,4,0.537,0.712,2,0.96
5,3,3,1,3,0.305,0.251,2,0.96
5,8,8,1,4,1.628,0.208,2,0.95
5,5,8,0,4,0.297,0.155,2,0.94
5,6,8,0,4,0.276,0.139,2,0.94
5,4,4,1,3,0.937,0.298,2,0.95
5,2,2,1,4,0.931,0.333,2,0.96
5,3,3,1,4,0.36,0.395,2,0.95
5,4,4,1,4,0.414,0.25,2,0.95
5,4,8,0,4,0.586,0.327,2,0.94
5,2,8,0,4,0.347,0.216,2,0.93
5,2,8,0,3,0.548,0.241,2,0.93
5,4,3,0,4,0.651,0.297,2,0.92
5,1,3,0,4,0.034,0.492,2,0.92
5,4,8,0,4,0.437,0.325,2,0.93
5,8,8,1,4,0.404,0.28,2,0.94
5,3,3,1,4,0.805,0.265,2,0.95
5,6,7,0,4,1.019,0.787,2,0.94
5,1,1,1,4,0.506,0.62,2,0.93
5,8,8,1,4,0.315,0.344,2,0.93
5,7,7,1,4,0.548,0.367,2,0.94
5,7,7,1,4,0.284,0.206,2,0.93
5,5,5,1,1,1.329,0.132,2,0.93
5,4,8,0,1,1.03,0.512,2,0.94
5,5,8,0,1,0.329,0.196,2,0.95
5,8,8,1,4,0.183,0.225,2,0.96
5,5,5,1,4,1.949,0.173,2,0.97
5,1,1,1,1,0.634,0.627,2,0.96
5,6,6,1,1,1.373,0.144,2,0.95
5,2,5,0,1,0.978,0.159,2,0.95
5,7,7,1,4,0.58,0.346,2,0.94
5,4,4,1,3,1.054,0.952,2,0.93
5,5,5,1,3,0.894,0.315,2,0.93
5,1,8,0,3,0.605,0.388,2,0.94
5,6,6,1,4,0.385,0.582,2,0.95
5,2,7,0,3,0.563,0.288,2,0.94
5,2,2,1,1,0.951,0.496,2,0.94
5,6,5,0,1,0.482,0.181,2,0.93
5,2,8,0,1,1.113,0.348,2,0.92
5,8,8,1,1,0.339,0.519,2,0.92
5,2,2,1,3,1.444,0.957,2,0.91
5,7,8,0,3,2.195,1.305,2,0.91
5,3,8,0,1,1.289,0.349,2,0.92
5,7,7,1,3,1.215,0.551,2,0.93
5,1,7,0,3,1.992,1.131,2,0.94
5,1,1,1,3,0.409,0.526,2,0.93
5,7,7,1,4,0.728,9.045,2,0.93
5,7,8,0,3,1.062,0.5,2,0.94
5,7,7,1,3,0.429,0.203,2,0.95
5,7,7,1,3,0.443,0.206,2,0.96
5,6,6,1,4,0.491,0.315,2,0.97
5,6,6,1,4,0.271,0.175,2,0.96
5,7,7,1,4,0.308,0.178,2,0.95
5,5,8,0,4,0.339,0.261,2,0.94
5,4,4,1,4,1.293,0.381,2,0.93
5,2,2,1,3,0.595,0.607,2,0.93
5,1,7,0,4,0.6,0.407,2,0.94
5,7,7,1,4,0.245,0.503,2,0.95
5,8,7,0,4,0.395,0.155,2,0.94
5,5,5,1,4,1.119,0.211,2,0.94
5,3,3,1,4,1.292,0.34,2,0.95
5,5,5,1,4,0.444,0.262,2,0.96
5,1,1,1,1,0.777,0.599,2,0.99
5,5,5,1,1,0.58,0.112,2,0.98
5,5,5,1,1,0.302,0.182,2,0.98
5,4,7,0,2,0.493,0.231,2,0.97
5,4,7,0,2,0.339,0.163,2,0.97
5,5,5,1,2,0.257,0.143,2,0.96
5,8,8,1,2,0.492,0.226,2,0.95
5,8,8,1,2,0.37,0.14,2,0.94
5,8,8,1,3,0.303,0.209,2,0.93
5,1,8,0,2,0.318,0.193,2,0.93
5,3,1,0,2,0.828,0.067,2,0.94
5,4,7,0,2,0.876,0.151,2,0.95
5,7,7,1,2,0.61,0.125,2,0.96
5,7,7,1,2,0.29,0.147,2,0.97
5,3,7,0,2,0.943,0.266,2,0.96
5,3,8,0,3,0.331,0.27,2,0.96
5,1,7,0,3,0.251,0.315,2,0.97
5,3,8,0,2,0.382,0.243,2,0.98
5,5,5,1,3,1.124,0.368,2,0.99
5,3,7,0,3,0.477,0.33,2,0.98
5,2,3,0,3,0.768,1.131,2,0.97
5,4,4,1,4,0.935,0.234,2,0.97
5,4,4,1,4,0.418,0.211,2,0.96
5,4,4,1,4,0.271,0.244,2,0.96
5,5,6,0,4,1.003,0.224,2,0.97
5,7,7,1,4,0.544,0.187,2,0.98
5,4,4,1,4,0.639,0.221,2,0.99
5,4,8,0,3,1.663,0.536,2,0.99
5,6,6,1,4,1.011,0.179,2,0.99
5,3,3,1,3,0.528,1.171,2,0.98
5,7,7,1,3,0.413,0.294,2,0.98
5,5,5,1,3,0.453,0.189,2,0.99
5,7,7,1,3,0.471,0.202,2,0.98
5,5,8,0,3,0.801,0.239,2,0.97
5,5,5,1,3,0.42,0.144,2,0.97
5,3,3,1,3,0.49,0.783,2,0.96
5,5,6,0,3,0.599,0.246,2,0.96
5,3,7,0,3,0.349,0.484,2,0.97
5,2,3,0,3,0.505,0.301,2,0.98
5,2,2,1,4,0.582,0.58,2,0.97
5,1,1,1,4,0.45,0.337,2,0.97
5,2,3,0,4,0.421,0.56,2,0.98
5,7,7,1,2,0.62,0.243,2,0.99
5,6,6,1,4,1.127,0.241,2,0.99
5,5,5,1,4,0.758,0.159,2,0.99
5,8,8,1,4,0.724,0.25,2,0.99
5,8,8,1,4,0.366,0.158,2,0.99
5,2,5,0,4,0.416,0.156,2,0.98
5,3,8,0,4,0.61,0.171,2,0.97
5,4,8,0,4,0.341,0.139,2,0.97
5,1,2,0,4,0.421,0.672,2,0.98
5,4,7,0,4,0.599,0.118,2,0.99
5,8,8,1,4,0.511,0.127,2,0.98
5,6,6,1,4,0.696,0.194,2,0.98
5,1,1,1,4,0.5,0.269,2,0.99
5,6,6,1,4,0.352,0.159,2,0.99
5,6,6,1,4,0.325,0.124,2,0.99
5,7,7,1,4,0.511,0.301,2,0.99
5,7,7,1,4,0.588,0.159,2,0.99
5,8,5,0,1,0.517,0.18,2,0.98
5,3,6,0,1,25.97,0.318,2,0.98
5,1,7,0,1,0.571,0.458,2,0.97
5,2,8,0,2,0.358,0.272,2,0.97
5,8,8,1,1,0.717,0.167,2,0.96
5,1,7,0,3,0.244,0.193,2,0.96
5,8,7,0,3,0.232,0.585,2,0.97
5,6,6,1,4,0.809,0.267,2,0.96
5,5,6,0,3,0.465,0.22,2,0.95
5,2,2,1,4,0.55,0.32,2,0.95
5,8,8,1,4,0.48,0.308,2,0.96
5,7,7,1,4,0.446,0.323,2,0.95
5,8,8,1,4,0.284,0.151,2,0.94
5,6,6,1,4,0.388,0.198,2,0.94
5,3,8,0,4,0.517,0.614,2,0.95
5,3,4,0,4,1.15,1.246,2,0.96
5,4,4,1,4,0.696,1.095,2,0.97
5,5,5,1,4,0.452,0.192,2,0.98
5,7,7,1,4,0.335,0.258,2,0.99
5,8,8,1,4,0.519,0.336,2,0.98
5,2,2,1,4,0.931,0.368,2,0.97
5,4,5,0,4,73.408,0.442,2,0.97
5,5,8,0,4,0.852,0.202,2,0.96
5,1,8,0,4,0.321,0.195,2,0.96
5,1,5,0,4,0.238,0.494,2,0.97
5,6,6,1,4,0.834,0.367,2,0.96
5,1,1,1,4,0.497,0.299,2,0.96
5,1,4,0,1,0.356,0.563,2,0.97
5,1,1,1,4,0.46,0.307,2,0.96
5,1,7,0,1,1.016,0.819,2,0.95
5,4,4,1,4,0.515,0.242,2,0.94
5,2,2,1,4,0.569,0.313,2,0.94
5,3,8,0,4,0.608,0.171,2,0.95
5,7,7,1,4,0.467,0.158,2,0.96
5,4,8,0,4,0.406,0.28,2,0.97
5,1,1,1,4,0.376,0.409,2,0.98
5,1,1,1,4,0.256,0.344,2,0.99
5,2,2,1,4,0.599,0.351,2,0.99
5,3,3,1,4,0.42,0.342,2,0.99
5,6,5,0,4,1.155,1.893,2,0.99
5,8,8,1,4,0.584,0.139,2,0.99
6,4,4,1,1,1.155,1.19,2,0.94
6,3,3,1,2,0.842,1.364,2,0.95
6,2,2,1,3,0.539,0.545,2,0.96
6,3,3,1,1,1.023,0.292,2,0.97
6,2,3,0,1,0.646,0.269,2,0.98
6,3,2,0,1,0.45,0.327,2,0.97
6,6,3,0,1,0.774,0.553,2,0.96
6,4,3,0,1,0.915,0.233,2,0.95
6,6,6,1,2,0.931,0.613,2,0.94
6,3,3,1,4,0.61,0.401,2,0.94
6,8,7,0,2,1.302,2.034,2,0.95
6,7,6,0,1,1.039,0.527,2,0.94
6,8,6,0,1,0.763,0.238,2,0.93
6,5,3,0,1,0.805,0.238,2,0.92
6,7,7,1,2,0.962,0.443,2,0.91
6,1,1,1,2,1.251,0.712,2,0.91
6,8,8,1,4,1.221,1.414,2,0.92
6,3,3,1,3,0.624,1.039,2,0.93
6,7,7,1,2,0.945,0.834,2,0.94
6,5,3,0,2,0.746,0.325,2,0.95
6,7,7,1,1,0.788,0.534,2,0.94
6,8,3,0,2,0.696,0.288,2,0.94
6,6,6,1,2,0.75,0.337,2,0.93
6,6,6,1,4,0.716,0.288,2,0.93
6,3,3,1,4,0.608,0.234,2,0.94
6,1,4,0,1,1.346,0.213,2,0.95
6,5,3,0,2,0.617,0.255,2,0.94
6,4,4,1,2,0.723,0.452,2,0.93
6,6,6,1,2,0.968,0.801,2,0.93
6,7,7,1,2,0.884,0.33,2,0.94
6,1,7,0,1,0.795,0.228,2,0.95
6,4,4,1,3,0.554,0.257,2,0.94
6,1,7,0,3,0.845,0.276,2,0.94
6,6,6,1,4,0.721,0.225,2,0.93
6,4,8,0,4,1.356,0.444,2,0.93
6,4,4,1,4,0.514,0.215,2,0.92
6,7,7,1,4,0.93,0.338,2,0.92
6,8,8,1,4,0.688,0.347,2,0.93
6,2,6,0,1,0.872,0.228,2,0.94
6,7,7,1,3,1.601,0.903,2,0.93
6,3,3,1,4,0.921,1.291,2,0.93
6,5,3,0,3,0.577,0.219,2,0.94
6,2,2,1,1,0.601,0.27,2,0.93
6,1,6,0,1,0.769,0.425,2,0.93
6,2,2,1,4,0.519,0.651,2,0.92
6,5,5,1,4,0.743,0.268,2,0.92
6,5,5,1,2,0.722,0.493,2,0.93
6,1,6,0,1,0.551,0.411,2,0.94
6,2,2,1,2,0.533,0.57,2,0.93
6,8,8,1,3,1.741,1.091,2,0.93
6,3,3,1,4,0.678,0.182,2,0.94
6,3,3,1,2,0.656,0.582,2,0.95
6,4,2,0,2,0.653,0.257,2,0.96
6,7,4,0,2,0.691,0.357,2,0.95
6,6,6,1,4,0.877,0.312,2,0.94
6,8,8,1,4,0.967,0.323,2,0.94
6,5,3,0,4,0.701,0.266,2,0.95
6,7,7,1,3,0.846,0.309,2,0.94
6,8,2,0,2,0.682,0.157,2,0.94
6,6,6,1,3,0.722,0.353,2,0.93
6,4,4,1,3,0.561,0.192,2,0.93
6,8,6,0,2,0.897,0.357,2,0.94
6,2,2,1,3,0.561,0.456,2,0.93
6,8,8,1,4,1.004,0.445,2,0.93
6,5,8,0,3,0.622,0.555,2,0.94
6,6,6,1,4,0.716,0.264,2,0.93
6,6,6,1,4,0.471,0.157,2,0.93
6,4,4,1,3,0.761,0.4,2,0.94
6,7,3,0,1,0.836,0.174,2,0.95
6,5,6,0,1,1.028,0.151,2,0.94
6,7,7,1,2,1.102,0.256,2,0.93
6,4,7,0,1,0.781,0.388,2,0.93
6,4,4,1,2,0.561,0.574,2,0.92
6,3,3,1,4,0.555,0.238,2,0.92
6,4,4,1,4,0.591,0.136,2,0.93
6,5,3,0,1,0.622,0.186,2,0.94
6,1,4,0,1,0.605,0.202,2,0.93
6,8,8,1,2,0.87,0.436,2,0.92
6,8,8,1,4,0.512,0.27,2,0.92
6,2,3,0,1,0.778,0.173,2,0.93
6,5,6,0,2,0.761,0.385,2,0.92
6,7,7,1,4,0.855,0.265,2,0.91
6,5,5,1,4,0.692,0.219,2,0.91
6,3,3,1,3,0.506,0.37,2,0.92
6,5,6,0,4,0.719,0.266,2,0.93
6,3,3,1,4,0.549,0.204,2,0.92
6,4,4,1,4,0.558,0.136,2,0.92
6,5,6,0,4,0.605,0.132,2,0.93
6,5,5,1,2,0.984,0.603,2,0.92
6,1,4,0,1,0.842,0.214,2,0.92
6,2,2,1,4,0.562,0.202,2,0.91
6,2,2,1,4,0.362,0.179,2,0.91
6,6,6,1,4,0.614,0.17,2,0.92
6,2,2,1,4,0.478,0.172,2,0.93
6,7,2,0,2,1.436,0.701,2,0.94
6,3,3,1,4,0.529,0.174,2,0.93
6,4,4,1,4,0.442,0.149,2,0.93
6,6,6,1,4,0.643,0.163,2,0.94
6,8,6,0,1,0.598,0.146,2,0.95
6,6,6,1,3,0.307,1.21,2,0.94
6,8,6,0,1,1.213,0.568,2,0.94
6,4,4,1,2,0.707,0.28,2,0.93
6,6,6,1,2,0.866,0.213,2,0.93
6,1,7,0,2,0.722,0.214,2,0.94
6,7,7,1,4,0.546,0.318,2,0.93
6,6,6,1,4,0.44,0.432,2,0.93
6,8,7,0,2,0.769,0.185,2,0.94
6,8,8,1,2,0.785,0.551,2,0.95
6,4,4,1,1,1.046,0.298,2,0.96
6,7,7,1,1,0.675,0.241,2,0.97
6,2,7,0,2,0.342,0.144,2,0.96
6,2,7,0,2,0.208,0.25,2,0.96
6,7,7,1,2,0.262,0.157,2,0.97
6,2,2,1,3,0.761,0.45,2,0.98
6,4,4,1,1,0.771,0.359,2,0.99
6,1,7,0,1,0.822,0.095,2,0.98
6,3,3,1,2,0.59,0.32,2,0.97
6,3,3,1,2,0.697,0.368,2,0.96
6,2,2,1,4,0.43,0.242,2,0.95
6,3,3,1,2,0.744,0.412,2,0.95
6,2,3,0,1,0.579,0.197,2,0.96
6,5,3,0,1,0.375,0.179,2,0.97
6,1,1,1,1,1.508,0.625,2,0.98
6,5,3,0,1,0.411,0.247,2,0.99
6,8,3,0,2,0.609,0.288,2,0.99
6,6,6,1,3,0.554,0.59,2,0.99
6,5,5,1,3,0.922,0.68,2,0.99
6,2,3,0,2,0.793,0.391,2,0.99
6,8,3,0,3,0.606,0.156,2,0.99
6,1,7,0,2,0.894,0.161,2,0.98
6,5,5,1,4,0.886,0.822,2,0.98
6,6,6,1,4,0.585,0.154,2,0.99
6,4,3,0,2,0.783,0.316,2,0.99
6,3,3,1,4,0.497,0.287,2,0.99
6,8,7,0,1,0.517,0.818,2,0.99
6,8,8,1,2,0.629,0.734,2,0.98
6,4,4,1,4,0.55,0.357,2,0.97
6,2,2,1,4,0.492,0.188,2,0.97
6,4,4,1,4,0.472,0.162,2,0.96
6,4,4,1,3,0.969,0.117,2,0.95
6,6,6,1,2,0.774,0.447,2,0.95
6,7,4,0,2,0.669,0.383,2,0.96
6,5,3,0,2,0.71,0.349,2,0.97
6,8,7,0,1,1.005,0.299,2,0.98
6,7,7,1,4,1.166,1.406,2,0.97
6,7,7,1,4,0.388,0.254,2,0.96
6,1,7,0,1,0.681,0.156,2,0.95
6,3,3,1,2,1.068,0.297,2,0.94
6,6,6,1,4,0.946,0.602,2,0.94
6,7,7,1,4,1.048,0.348,2,0.95
6,1,7,0,4,0.473,0.194,2,0.96
6,3,3,1,4,0.627,0.171,2,0.97
6,6,6,1,4,0.68,0.152,2,0.96
6,1,7,0,3,0.901,0.245,2,0.96
6,4,4,1,4,0.798,0.149,2,0.97
6,2,2,1,2,0.609,0.372,2,0.98
6,8,8,1,2,0.706,0.362,2,0.97
6,3,3,1,3,0.565,0.569,2,0.97
6,5,3,0,2,0.504,0.279,2,0.98
6,4,7,0,1,1.196,0.244,2,0.99
6,7,7,1,2,0.574,0.384,2,0.99
6,5,3,0,3,0.392,0.238,2,0.98
6,1,7,0,2,0.489,0.212,2,0.97
6,5,5,1,4,0.777,0.141,2,0.97
6,8,8,1,3,0.647,0.335,2,0.98
6,8,8,1,4,0.276,0.28,2,0.97
6,3,3,1,4,0.585,0.318,2,0.97
6,2,2,1,3,0.561,0.269,2,0.98
6,4,8,0,2,0.548,0.534,2,0.99
6,3,3,1,3,0.524,0.205,2,0.99
6,7,7,1,3,1.057,0.295,2,0.99
6,1,7,0,1,0.533,0.201,2,0.98
6,7,7,1,1,0.471,0.145,2,0.97
6,1,7,0,2,0.336,0.257,2,0.97
6,1,7,0,2,0.299,0.284,2,0.96
6,8,8,1,2,0.805,0.464,2,0.96
6,1,7,0,3,0.373,0.419,2,0.97
6,6,6,1,4,0.647,0.381,2,0.98
6,5,5,1,4,0.445,0.171,2,0.97
6,7,7,1,4,0.778,0.243,2,0.97
6,3,3,1,3,0.729,0.192,2,0.96
6,2,2,1,3,0.418,0.243,2,0.96
6,7,3,0,3,0.593,0.181,2,0.97
6,4,7,0,2,0.923,0.385,2,0.96
6,7,4,0,1,0.799,0.201,2,0.96
6,3,3,1,1,0.461,0.297,2,0.97
6,2,2,1,1,0.508,0.309,2,0.98
6,6,4,0,2,0.754,0.318,2,0.99
6,6,6,1,4,0.532,0.428,2,0.99
6,1,4,0,1,0.777,0.235,2,0.98
6,4,4,1,3,0.448,0.601,2,0.98
6,5,3,0,3,0.444,0.192,2,0.99
6,6,6,1,4,0.578,0.091,2,0.98
6,2,2,1,4,0.462,0.131,2,0.97
6,2,2,1,4,0.33,0.131,2,0.96
6,8,8,1,3,0.586,0.432,2,0.96
6,1,1,1,3,0.576,0.511,2,0.95
6,3,3,1,4,0.551,0.201,2,0.95
6,6,6,1,1,0.623,0.172,2,0.96
6,6,6,1,1,1.598,0.058,2,0.95
6,8,8,1,3,1.094,0.984,2,0.96
6,2,2,1,1,0.811,0.289,2,0.95
6,7,6,0,1,0.405,0.257,2,0.94
6,5,5,1,1,0.645,0.194,2,0.94
6,5,5,1,2,0.57,0.37,2,0.95
6,3,3,1,3,0.697,0.235,2,0.96
6,1,6,0,1,0.576,0.439,2,0.97
6,5,5,1,1,0.4,0.182,2,0.98
6,1,5,0,1,0.417,0.235,2,0.97
6,5,6,0,1,0.564,0.15,2,0.96
6,6,6,1,4,0.672,0.185,2,0.95
6,7,7,1,2,0.588,0.388,2,0.95
6,4,1,0,1,0.762,0.47,2,0.96
6,8,5,0,1,0.769,0.22,2,0.97
6,3,3,1,3,0.577,0.439,2,0.96
6,3,3,1,3,0.409,0.217,2,0.96
6,7,7,1,3,0.986,0.248,2,0.95
6,4,2,0,2,0.651,0.391,2,0.94
6,1,7,0,2,0.707,0.331,2,0.93
6,6,6,1,2,0.65,0.259,2,0.93
6,2,6,0,1,0.46,0.216,2,0.92
6,4,4,1,2,0.742,0.577,2,0.92
6,1,1,1,3,0.421,0.444,2,0.93
6,8,8,1,4,0.872,0.309,2,0.94
6,6,6,1,4,0.81,0.173,2,0.95
6,5,5,1,3,0.554,0.32,2,0.94
6,8,8,1,4,0.908,0.22,2,0.94
6,8,8,1,2,0.826,0.235,2,0.93
6,7,8,0,1,0.609,0.019,2,0.93
6,4,8,0,1,0.47,0.05,2,0.94
6,8,8,1,1,0.443,0.256,2,0.95
6,6,8,0,1,0.683,0.487,2,0.96
6,1,8,0,1,0.402,0.202,2,0.95
6,7,7,1,2,0.801,0.44,2,0.95
6,4,4,1,1,1.151,0.355,2,0.96
6,7,1,0,1,0.612,0.368,2,0.95
6,1,8,0,1,0.598,0.231,2,0.94
6,6,6,1,3,0.745,0.874,2,0.94
6,1,1,1,4,0.396,0.307,2,0.95
6,1,1,1,2,0.317,0.61,2,0.96
6,2,6,0,1,0.49,0.219,2,0.97
6,2,2,1,2,0.504,0.319,2,0.96
6,5,5,1,2,1.353,0.259,2,0.96
6,3,3,1,3,0.511,0.292,2,0.97
6,1,7,0,1,0.495,0.565,2,0.96
6,6,6,1,3,0.7,0.594,2,0.95
6,8,7,0,1,0.885,0.321,2,0.95
6,1,7,0,1,0.327,0.199,2,0.96
6,5,5,1,3,0.673,0.425,2,0.97
6,6,6,1,4,0.562,0.201,2,0.98
6,8,5,0,2,0.612,0.297,2,0.97
6,2,2,1,4,0.832,0.361,2,0.96
6,4,7,0,2,1.129,0.441,2,0.95
6,1,1,1,1,0.429,0.274,2,0.95
6,7,7,1,4,0.763,0.254,2,0.94
6,2,2,1,4,0.464,0.207,2,0.94
6,8,1,0,1,0.467,0.285,2,0.95
6,7,7,1,2,0.672,0.203,2,0.96
6,4,4,1,1,0.73,0.294,2,0.95
6,8,8,1,3,0.538,0.399,2,0.95
6,8,7,0,1,0.761,0.328,2,0.94
6,6,6,1,3,0.617,0.227,2,0.93
6,2,2,1,2,0.773,0.254,2,0.93
6,2,2,1,2,0.386,0.248,2,0.94
6,8,2,0,1,0.343,0.289,2,0.95
6,1,7,0,1,0.653,0.411,2,0.96
6,6,6,1,3,0.748,0.454,2,0.95
6,7,7,1,4,0.618,0.296,2,0.95
6,8,7,0,2,0.39,0.324,2,0.96
6,6,7,0,1,0.613,0.937,2,0.95
6,6,6,1,3,0.563,0.35,2,0.95
6,7,7,1,4,0.857,0.799,2,0.96
6,1,7,0,2,0.476,0.296,2,0.97
6,2,2,1,4,0.765,0.231,2,0.96
6,6,6,1,4,0.648,0.259,2,0.95
6,8,8,1,4,0.54,0.282,2,0.95
6,5,6,0,1,0.58,0.196,2,0.94
6,7,7,1,1,0.812,0.29,2,0.94
6,1,7,0,1,0.502,0.181,2,0.93
6,1,7,0,1,0.424,0.173,2,0.93
6,7,7,1,2,0.535,0.445,2,0.94
6,5,5,1,4,0.752,0.28,2,0.93
6,1,1,1,3,0.673,0.423,2,0.93
6,3,3,1,4,0.591,0.429,2,0.94
6,4,7,0,3,0.886,0.258,2,0.95
6,8,3,0,1,0.76,0.395,2,0.96
6,2,2,1,4,0.588,0.269,2,0.95
6,8,7,0,1,0.463,0.211,2,0.95
6,3,3,1,4,0.517,0.259,2,0.96
6,4,4,1,4,0.593,0.183,2,0.95
6,4,6,0,1,0.903,0.106,2,0.95
6,3,3,1,2,0.459,0.405,2,0.96
6,2,2,1,2,0.487,0.839,2,0.97
6,3,3,1,4,0.393,0.215,2,0.96
6,8,3,0,2,0.456,0.203,2,0.95
6,4,4,1,1,1.079,0.342,2,0.95
6,5,5,1,3,0.615,0.39,2,0.96
6,6,6,1,3,0.617,0.266,2,0.97
6,5,5,1,3,0.514,0.198,2,0.98
6,3,3,1,2,0.611,0.329,2,0.97
6,3,6,0,1,1.07,0.216,2,0.99
6,1,3,0,1,0.691,0.208,2,0.98
6,1,6,0,1,0.832,0.375,2,0.97
6,1,1,1,1,0.712,0.27,2,0.97
6,3,3,1,2,0.633,0.265,2,0.98
6,4,3,0,1,0.469,0.188,2,0.99
6,8,3,0,1,0.363,0.28,2,0.99
6,8,7,0,1,0.831,0.147,2,0.98
6,2,2,1,4,0.585,0.239,2,0.98
6,4,4,1,4,0.64,0.172,2,0.99
6,5,5,1,4,0.736,0.084,2,0.98
6,8,7,0,3,1.026,0.207,2,0.97
6,8,8,1,2,0.528,0.464,2,0.97
6,1,3,0,1,0.867,0.231,2,0.98
6,4,4,1,4,0.522,0.156,2,0.99
6,2,2,1,4,0.448,0.145,2,0.99
6,2,2,1,4,0.348,0.138,2,0.99
6,1,7,0,4,0.98,0.09,2,0.99
6,4,7,0,4,0.249,0.12,2,0.98
6,4,5,0,1,2.456,0.035,2,0.98
6,4,4,1,4,0.498,0.15,2,0.99
6,3,3,1,4,0.418,0.169,2,0.98
6,5,5,1,4,0.689,0.075,2,0.98
6,4,4,1,4,0.463,0.134,2,0.97
6,2,2,1,4,0.344,0.161,2,0.97
6,5,3,0,1,0.766,0.265,2,0.98
6,6,6,1,2,0.773,0.243,2,0.99
6,5,5,1,4,0.992,0.161,2,0.99
6,6,6,1,4,0.521,0.097,2,0.99
6,8,7,0,1,0.76,0.255,2,0.99
6,5,7,0,1,0.517,0.374,2,0.98
6,8,8,1,1,0.468,0.228,2,0.98
6,7,7,1,3,0.606,0.415,2,0.97
6,7,7,1,3,0.337,0.213,2,0.97
6,4,7,0,1,0.497,0.193,2,0.98
6,5,7,0,1,0.296,0.112,2,0.97
6,4,8,0,1,0.617,0.233,2,0.97
6,7,8,0,1,0.652,0.157,2,0.98
6,2,2,1,4,0.674,0.19,2,0.97
6,3,3,1,4,0.38,0.186,2,0.97
6,6,6,1,4,0.953,0.297,2,0.96
6,6,5,0,4,0.644,0.122,2,0.96
6,3,3,1,4,0.419,0.177,2,0.97
6,5,3,0,1,0.447,0.39,2,0.98
6,7,7,1,4,0.66,0.418,2,0.99
6,2,2,1,4,0.356,0.181,2,0.99
6,6,6,1,1,0.914,0.192,2,0.99
6,4,7,0,1,0.713,0.258,2,0.98
6,5,5,1,1,0.698,0.143,2,0.97
6,7,7,1,1,0.409,0.203,2,0.96
6,6,6,1,3,0.806,0.644,2,0.96
6,8,3,0,1,0.691,0.334,2,0.95
6,5,6,0,2,1.193,0.397,2,0.95
6,3,3,1,4,0.448,0.186,2,0.96
6,8,2,0,1,0.569,0.335,2,0.97
6,3,3,1,4,0.403,0.375,2,0.98
6,7,7,1,4,0.742,0.151,2,0.97
6,2,2,1,4,0.435,0.221,2,0.97
6,3,3,1,4,0.444,0.177,2,0.98
6,6,6,1,4,0.548,0.09,2,0.97
6,3,3,1,2,0.488,0.314,2,0.97
6,3,3,1,3,0.393,0.223,2,0.98
6,5,3,0,1,0.327,0.264,2,0.97
6,7,3,0,1,0.273,0.341,2,0.97
6,6,8,0,1,0.634,0.241,2,0.98
6,7,7,1,1,0.477,0.198,2,0.99
6,6,6,1,3,0.698,0.393,2,0.98
6,3,3,1,3,0.574,0.199,2,0.97
6,2,3,0,1,0.438,0.243,2,0.96
6,6,6,1,1,0.61,0.161,2,0.96
6,3,3,1,3,0.548,0.316,2,0.97
6,4,5,0,1,0.629,0.16,2,0.98
6,1,7,0,1,0.777,0.134,2,0.97
6,6,6,1,3,0.641,0.134,2,0.97
6,3,3,1,1,0.437,0.288,2,0.98
6,2,3,0,1,0.472,0.154,2,0.99
6,5,3,0,3,0.311,0.331,2,0.99
6,5,3,0,2,0.319,0.235,2,0.98
6,2,2,1,2,0.36,0.182,2,0.98
6,8,8,1,4,0.484,0.161,2,0.99
6,1,6,0,1,0.331,0.185,2,0.99
6,2,2,1,3,0.443,0.426,2,0.98
6,4,4,1,4,0.715,0.191,2,0.97
6,7,2,0,1,0.534,0.229,2,0.97
6,3,3,1,4,0.478,0.228,2,0.96
6,4,4,1,4,0.51,0.182,2,0.95
6,3,3,1,3,0.362,0.195,2,0.95
6,8,8,1,4,0.429,0.219,2,0.96
6,2,2,1,4,0.476,0.224,2,0.97
6,7,7,1,2,0.907,0.282,2,0.98
6,3,3,1,1,0.392,0.22,2,0.97
6,7,3,0,1,0.555,0.169,2,0.97
6,2,1,0,1,0.208,0.274,2,0.98
6,3,1,0,1,0.222,0.214,2,0.99
6,1,3,0,1,0.338,0.232,2,0.99
6,2,2,1,4,0.352,0.289,2,0.98
6,8,6,0,1,0.859,0.08,2,0.97
6,7,3,0,3,0.799,1.097,2,0.96
6,7,7,1,4,0.812,0.211,2,0.96
6,5,3,0,4,0.431,0.146,2,0.97
7,4,8,0,1,3.664,0.236,2,0.99
7,7,7,1,2,2.535,0.257,2,0.98
7,8,7,0,2,1.629,0.261,2,0.98
7,4,7,0,1,3.252,0.256,2,0.97
7,6,6,1,2,2.7,0.38,2,0.96
7,1,1,1,1,3.249,0.387,2,0.96
7,6,6,1,1,3.323,0.476,2,0.97
7,4,4,1,1,2.419,0.336,2,0.98
7,2,5,0,1,4.292,0.281,2,0.99
7,8,2,0,1,2.138,0.537,2,0.98
7,1,6,0,1,2.452,0.359,2,0.97
7,4,4,1,2,1.26,0.612,2,0.96
7,5,5,1,2,1.32,0.469,2,0.96
7,5,6,0,1,2.034,0.218,2,0.97
7,7,7,1,3,1.3,0.511,2,0.96
7,5,6,0,3,1.115,1.429,2,0.96
7,1,1,1,2,3.469,0.335,2,0.95
7,5,5,1,4,0.908,1.351,2,0.95
7,2,5,0,1,2.66,0.364,2,0.96
7,3,5,0,3,0.982,0.372,2,0.95
7,1,1,1,2,1.458,0.278,2,0.94
7,8,8,1,3,1.776,0.334,2,0.94
7,2,7,0,2,3.632,0.39,2,0.95
7,4,8,0,1,2.778,0.344,2,0.94
7,1,1,1,3,1.123,0.709,2,0.93
7,8,8,1,4,0.976,0.409,2,0.93
7,4,8,0,1,2.403,0.318,2,0.94
7,8,8,1,3,2.176,0.308,2,0.93
7,1,8,0,1,1.853,0.235,2,0.93
7,6,6,1,3,3.036,0.266,2,0.92
7,3,8,0,2,2.8,0.352,2,0.92
7,3,3,1,4,1.167,0.722,2,0.91
7,5,5,1,3,1.259,0.251,2,0.91
7,8,8,1,3,1.823,1.001,2,0.92
7,4,1,0,2,0.952,0.39,2,0.93
7,8,8,1,3,0.915,0.712,2,0.92
7,3,3,1,4,1.01,0.777,2,0.92
7,7,7,1,3,1.779,2.767,2,0.93
7,8,8,1,4,0.937,0.385,2,0.94
7,8,8,1,4,0.935,0.286,2,0.95
7,6,6,1,2,1.491,1.074,2,0.96
7,8,8,1,1,3.123,0.294,2,0.97
7,8,8,1,1,1.118,0.327,2,0.98
7,1,8,0,1,1.294,0.307,2,0.99
7,3,8,0,1,3.459,0.394,2,0.98
7,2,7,0,1,1.326,0.261,2,0.97
7,8,8,1,1,1.011,0.185,2,0.96
7,7,1,0,1,1.04,0.308,2,0.96
7,3,3,1,2,1.861,0.394,2,0.95
7,6,6,1,3,1.41,0.251,2,0.95
7,5,6,0,2,2.093,0.459,2,0.96
7,3,3,1,4,1.672,0.236,2,0.95
7,8,3,0,4,1.001,0.28,2,0.95
7,7,7,1,4,1.517,0.145,2,0.94
7,1,1,1,1,2.315,0.84,2,0.94
7,4,4,1,3,1.284,0.698,2,0.95
7,8,3,0,2,1.553,0.61,2,0.96
7,3,3,1,4,1.049,0.422,2,0.95
7,5,5,1,2,1.385,0.356,2,0.95
7,7,7,1,2,1.079,1.071,2,0.96
7,3,5,0,1,2.143,0.221,2,0.97
7,5,5,1,1,1.428,0.167,2,0.96
7,5,5,1,1,1.756,0.254,2,0.96
7,6,6,1,2,1.387,0.203,2,0.97
7,2,3,0,1,1.439,0.565,2,0.98
7,3,6,0,1,1.043,0.3,2,0.97
7,8,6,0,1,0.985,0.305,2,0.96
7,1,5,0,1,1.282,0.397,2,0.95
7,4,4,1,2,1.19,0.227,2,0.94
7,1,1,1,2,0.859,1.048,2,0.94
7,8,8,1,3,2.076,0.315,2,0.95
7,7,7,1,3,2.109,0.796,2,0.96
7,5,6,0,1,1.804,0.291,2,0.97
7,1,5,0,1,3.115,0.311,2,0.96
7,1,1,1,1,0.973,0.264,2,0.95
7,8,8,1,1,2.295,1.703,2,0.95
7,2,8,0,1,1.233,0.133,2,0.96
7,6,6,1,2,1.032,0.203,2,0.95
7,2,3,0,1,1.792,0.471,2,0.95
7,5,5,1,2,1.04,0.313,2,0.94
7,2,2,1,2,1.214,0.699,2,0.94
7,2,6,0,1,1.873,0.349,2,0.95
7,1,1,1,2,0.669,1.5,2,0.94
7,1,1,1,2,0.848,1.04,2,0.94
7,8,3,0,2,3.103,0.363,2,0.95
7,3,3,1,4,1.602,0.749,2,0.94
7,6,6,1,4,0.927,0.511,2,0.94
7,4,4,1,2,1.342,0.328,2,0.95
7,2,4,0,1,1.468,0.388,2,0.96
7,8,8,1,1,1.362,1.371,2,0.95
7,7,7,1,2,1.26,0.328,2,0.95
7,2,2,1,1,1.717,0.413,2,0.96
7,3,8,0,1,1.191,0.321,2,0.97
7,5,5,1,1,2.265,0.308,2,0.96
7,6,2,0,1,1.194,0.347,2,0.96
7,6,6,1,2,0.97,0.396,2,0.95
7,7,1,0,2,0.957,0.847,2,0.95
7,6,6,1,3,0.836,0.365,2,0.94
7,1,1,1,2,1.09,1.371,2,0.94
7,8,1,0,1,2.715,0.596,2,0.95
7,3,5,0,2,1.518,0.14,2,0.99
7,8,8,1,4,1.313,0.261,2,0.99
7,6,6,1,4,0.642,0.752,2,0.98
7,3,5,0,4,0.629,0.287,2,0.97
7,2,8,0,3,3.086,0.29,2,0.96
7,1,1,1,4,0.816,0.162,2,0.95
7,7,7,1,4,1.13,0.25,2,0.95
7,5,5,1,3,0.869,0.297,2,0.96
7,8,8,1,3,0.781,0.293,2,0.95
7,2,2,1,3,1.203,0.494,2,0.95
7,4,7,0,2,1.126,0.299,2,0.96
7,5,5,1,1,1.077,0.362,2,0.97
7,3,8,0,2,2.4,0.291,2,0.98
7,4,4,1,4,1.174,0.22,2,0.97
7,5,5,1,4,0.704,0.231,2,0.96
7,5,5,1,2,0.865,0.267,2,0.96
7,2,8,0,2,1.684,0.752,2,0.97
7,4,5,0,1,0.94,0.145,2,0.98
7,1,1,1,4,0.503,0.298,2,0.97
7,7,7,1,4,0.978,0.251,2,0.96
7,7,7,1,3,1.208,0.341,2,0.96
7,1,1,1,1,1.247,0.225,2,0.95
7,2,8,0,1,1.639,2.58,2,0.95
7,7,8,0,1,1.217,0.321,2,0.96
7,7,8,0,1,0.595,0.346,2,0.95
7,7,7,1,3,1.001,0.284,2,0.95
7,7,7,1,3,1.293,0.299,2,0.96
7,2,2,1,2,0.961,0.28,2,0.97
7,4,7,0,1,0.83,0.235,2,0.98
7,4,7,0,1,1.871,0.257,2,0.97
7,4,7,0,1,1.011,0.218,2,0.96
7,8,8,1,2,0.928,0.519,2,0.96
7,2,2,1,3,0.972,0.288,2,0.97
7,7,7,1,4,0.85,0.605,2,0.98
7,3,5,0,3,0.774,0.321,2,0.97
7,6,6,1,4,0.685,0.301,2,0.96
7,6,6,1,1,2.899,0.203,2,0.96
7,6,5,0,3,1.251,0.885,2,0.97
7,8,7,0,3,0.761,0.325,2,0.96
7,4,4,1,4,1.107,0.601,2,0.95
7,7,7,1,2,1.022,0.246,2,0.95
7,3,7,0,1,1.346,0.232,2,0.96
7,6,6,1,3,0.883,0.377,2,0.95
7,3,5,0,3,0.868,0.322,2,0.95
7,5,5,1,4,0.812,0.315,2,0.96
7,7,5,0,1,1.248,0.301,2,0.97
7,3,3,1,1,1.612,0.294,2,0.98
7,3,3,1,1,0.926,0.379,2,0.99
7,5,5,1,3,1.417,0.317,2,0.99
7,3,3,1,4,0.994,3.333,2,0.99
7,3,3,1,4,0.593,0.256,2,0.99
7,4,4,1,2,1.671,0.236,2,0.99
7,2,2,1,2,1.043,0.33,2,0.98
7,2,5,0,1,0.828,0.279,2,0.98
7,6,6,1,1,1.132,0.401,2,0.99
7,7,7,1,3,0.866,0.399,2,0.99
7,5,5,1,1,0.919,0.31,2,0.98
7,8,5,0,1,0.78,0.294,2,0.97
7,4,6,0,1,1.081,0.311,2,0.97
7,5,5,1,1,0.654,0.215,2,0.98
7,6,6,1,2,0.97,0.23,2,0.99
7,3,5,0,1,0.587,0.331,2,0.99
7,1,6,0,1,1.986,0.255,2,0.98
7,3,5,0,1,0.511,0.33,2,0.98
7,4,4,1,2,0.919,0.248,2,0.99
7,6,6,1,3,0.849,0.314,2,0.98
7,5,5,1,3,0.784,0.302,2,0.98
7,6,6,1,3,0.576,0.421,2,0.97
7,5,5,1,2,0.9,0.258,2,0.97
7,2,5,0,1,1.284,0.263,2,0.96
7,4,4,1,1,1.185,0.459,2,0.96
7,4,4,1,2,0.827,0.27,2,0.95
7,2,4,0,1,0.677,0.249,2,0.95
7,6,7,0,1,1.329,0.284,2,0.96
7,3,7,0,1,0.499,0.605,2,0.97
7,5,6,0,1,2.07,0.19,2,0.96
7,7,7,1,1,1.203,0.307,2,0.95
7,1,6,0,2,0.78,0.366,2,0.95
7,2,2,1,4,0.957,0.306,2,0.96
7,4,4,1,4,1.346,0.287,2,0.95
7,6,7,0,1,1.385,0.254,2,0.95
7,2,2,1,4,0.84,3.46,2,0.96
7,6,3,0,1,1.265,0.235,2,0.97
7,6,6,1,4,1.433,0.281,2,0.96
7,7,7,1,3,1.048,0.293,2,0.96
7,7,8,0,1,1.15,0.278,2,0.97
7,3,3,1,4,1.267,0.202,2,0.98
7,2,2,1,4,0.835,0.231,2,0.99
7,1,1,1,4,1.862,0.198,2,0.98
7,1,1,1,4,0.526,0.274,2,0.97
7,4,4,1,2,1.478,0.227,2,0.96
7,1,7,0,1,1.26,0.287,2,0.96
7,4,7,0,1,1.699,0.303,2,0.97
7,7,7,1,1,1.25,0.279,2,0.98
7,5,5,1,2,1.048,0.335,2,0.99
7,6,6,1,2,0.978,0.31,2,0.98
7,1,4,0,1,1.363,0.204,2,0.98
7,5,5,1,1,1.031,0.403,2,0.99
7,5,5,1,1,0.567,0.278,2,0.99
7,4,4,1,1,0.815,0.283,2,0.98
7,2,2,1,4,0.848,0.266,2,0.97
7,8,8,1,3,0.986,0.313,2,0.96
7,5,6,0,4,1.387,0.35,2,0.95
7,3,3,1,4,0.758,0.266,2,0.95
7,4,4,1,4,1.045,0.293,2,0.96
7,3,3,1,4,0.66,0.256,2,0.97
7,7,7,1,4,0.87,0.399,2,0.98
7,3,3,1,4,1.089,0.221,2,0.97
7,5,5,1,3,1.18,0.245,2,0.96
7,7,4,0,2,1.504,0.277,2,0.96
7,4,4,1,2,1.143,0.303,2,0.97
7,6,6,1,2,0.776,0.458,2,0.98
7,3,3,1,3,0.95,1.077,2,0.97
7,4,6,0,1,1.061,0.492,2,0.96
7,5,5,1,2,0.896,0.255,2,0.96
7,8,4,0,2,0.775,0.439,2,0.95
7,1,1,1,3,0.582,0.697,2,0.95
7,5,5,1,4,0.928,0.345,2,0.96
7,8,8,1,3,1.65,0.422,2,0.97
7,4,4,1,2,0.917,0.612,2,0.96
7,5,5,1,1,1.016,0.417,2,0.95
7,1,4,0,1,1.002,0.237,2,0.95
7,4,4,1,1,0.552,0.282,2,0.96
7,6,5,0,1,0.777,0.335,2,0.97
7,3,3,1,1,0.875,0.311,2,0.98
7,1,5,0,1,0.849,0.906,2,0.97
7,7,7,1,2,0.732,0.308,2,0.97
7,8,8,1,2,0.919,0.653,2,0.96
7,8,4,0,1,0.847,0.805,2,0.96
7,3,6,0,2,0.841,0.301,2,0.97
7,1,1,1,2,0.701,0.626,2,0.98
7,1,1,1,3,0.501,0.442,2,0.99
7,2,2,1,4,1.2,0.293,2,0.98
7,6,6,1,4,0.842,0.472,2,0.97
7,8,4,0,1,1.053,0.388,2,0.96
7,5,5,1,2,0.938,0.297,2,0.96
7,5,6,0,2,0.72,0.35,2,0.97
7,7,7,1,3,0.873,0.964,2,0.96
7,7,6,0,1,1.101,0.349,2,0.96
7,8,5,0,2,0.795,0.329,2,0.95
7,3,5,0,1,1.351,0.239,2,0.94
7,6,6,1,4,0.618,0.296,2,0.94
7,4,4,1,4,0.821,0.282,2,0.95
7,7,7,1,4,0.642,0.336,2,0.96
7,2,2,1,4,0.949,0.315,2,0.97
7,6,6,1,4,0.619,0.629,2,0.98
7,8,1,0,1,0.915,0.339,2,0.97
7,2,2,1,3,0.56,1.19,2,0.96
7,6,6,1,3,0.65,0.519,2,0.95
7,8,4,0,2,1.047,0.356,2,0.95
7,6,6,1,4,0.673,0.276,2,0.96
7,5,5,1,2,0.996,0.365,2,0.97
7,6,6,1,3,0.609,0.376,2,0.96
7,6,6,1,2,0.601,0.305,2,0.96
7,3,7,0,1,0.938,0.308,2,0.97
7,3,5,0,1,0.971,0.359,2,0.98
7,3,3,1,3,0.917,0.333,2,0.97
7,6,6,1,2,0.691,1.418,2,0.97
7,4,5,0,1,1.278,0.248,2,0.98
7,4,4,1,1,0.916,0.258,2,0.97
7,1,7,0,1,0.88,0.259,2,0.96
7,5,5,1,1,1.22,0.215,2,0.95
7,6,6,1,2,0.633,0.276,2,0.94
7,3,6,0,1,0.872,0.278,2,0.94
7,6,6,1,2,0.557,0.463,2,0.95
7,8,5,0,2,1.128,0.542,2,0.96
7,1,1,1,3,0.8,1.446,2,0.97
7,6,6,1,4,0.707,0.286,2,0.98
7,7,7,1,4,1.223,1.885,2,0.97
7,7,6,0,1,0.847,0.262,2,0.96
7,7,7,1,1,1.742,0.282,2,0.96
7,4,4,1,4,0.915,0.958,2,0.97
7,8,6,0,2,0.696,0.314,2,0.96
7,1,6,0,1,0.675,0.246,2,0.96
7,2,2,1,4,1.305,0.368,2,0.97
7,6,6,1,2,1.095,0.277,2,0.96
7,5,5,1,2,1.084,1.26,2,0.96
7,5,5,1,1,0.974,0.376,2,0.97
7,1,5,0,1,0.522,0.278,2,0.98
7,3,3,1,1,0.984,0.487,2,0.97
7,5,5,1,1,1.683,0.133,2,0.97
7,2,5,0,1,0.374,0.189,2,0.96
7,2,3,0,1,0.898,0.174,2,0.96
7,2,2,1,2,0.707,0.293,2,0.97
7,7,4,0,1,1.092,0.149,2,0.96
7,2,2,1,1,0.508,0.196,2,0.96
7,3,3,1,2,1.477,0.194,2,0.97
7,8,3,0,1,0.363,0.255,2,0.96
7,2,2,1,3,0.742,0.285,2,0.95
7,1,1,1,3,0.811,0.421,2,0.95
7,4,4,1,3,1.355,0.168,2,0.96
7,2,2,1,1,1.471,0.537,2,0.95
7,4,4,1,1,1.044,0.188,2,0.95
7,7,4,0,1,0.433,0.191,2,0.96
7,5,3,0,1,0.781,0.223,2,0.95
7,6,4,0,1,0.732,0.211,2,0.95
7,5,5,1,2,1.074,0.195,2,0.96
7,6,6,1,3,0.713,0.263,2,0.97
7,1,1,1,2,0.647,1.498,2,0.96
7,5,3,0,1,0.778,0.25,2,0.96
7,2,5,0,1,1.294,0.102,2,0.89
7,2,2,1,4,0.944,0.156,2,0.89
7,3,3,1,4,0.534,0.169,2,0.9
7,7,7,1,1,1.138,0.167,2,0.89
7,3,3,1,1,0.927,0.185,2,0.89
7,7,5,0,1,4.863,0.863,2,0.9
7,4,3,0,1,1.268,0.174,2,0.91
7,1,5,0,1,2.445,0.15,2,0.92
7,7,7,1,3,1.215,0.127,2,0.93
7,2,2,1,1,1.032,0.112,2,0.94
7,4,4,1,1,0.859,0.129,2,0.93
7,2,2,1,1,0.696,0.172,2,0.93
7,8,2,0,1,0.585,0.22,2,0.94
7,1,3,0,1,0.871,0.163,2,0.95
7,3,3,1,1,0.497,0.138,2,0.94
7,1,1,1,1,0.729,0.235,2,0.94
7,3,3,1,2,0.74,0.258,2,0.93
7,7,4,0,1,0.979,0.161,2,0.93
7,2,3,0,1,0.601,0.572,2,0.94
7,3,3,1,1,0.481,0.168,2,0.95
7,2,2,1,2,0.727,0.327,2,0.96
7,4,4,1,1,1.002,0.161,2,0.97
7,1,3,0,1,0.698,0.186,2,0.96
7,5,8,0,1,1.23,0.118,2,0.96
7,1,8,0,1,0.822,0.189,2,0.95
7,7,7,1,3,0.791,0.624,2,0.95
7,4,4,1,1,1.02,0.178,2,0.94
7,4,4,1,1,2.339,375.485,2,0.94
7,2,5,0,1,0.399,0.115,2,0.95
7,3,5,0,1,0.369,0.165,2,0.94
7,4,4,1,3,1.955,3.894,2,0.93
7,3,3,1,4,0.868,0.143,2,0.93
7,1,4,0,1,0.788,0.109,2,0.94
7,5,5,1,2,0.898,0.073,2,0.95
7,6,6,1,4,0.869,0.1,2,0.96
7,4,4,1,3,1.016,0.12,2,0.95
7,5,5,1,2,0.882,0.12,2,0.95
7,1,5,0,1,0.654,0.116,2,0.94
7,6,6,1,2,0.811,0.144,2,0.94
7,5,6,0,2,0.442,0.206,2,0.93
7,8,6,0,1,0.852,0.131,2,0.92
7,1,1,1,1,0.564,0.208,2,0.91
7,4,4,1,2,1.045,0.096,2,0.91
7,2,3,0,1,0.721,0.171,2,0.92
7,8,8,1,4,0.999,0.146,2,0.93
7,2,2,1,4,0.836,0.304,2,0.94
7,7,3,0,1,0.7,0.162,2,0.95
7,2,2,1,3,1.071,0.176,2,0.94
7,5,5,1,2,1.021,0.606,2,0.94
7,7,7,1,2,0.97,0.12,2,0.95
7,4,4,1,1,1.052,0.091,2,0.94
7,6,6,1,1,1.142,0.134,2,0.94
7,7,5,0,1,1.168,0.138,2,0.95
7,1,5,0,1,0.491,0.18,2,0.96
7,5,5,1,1,0.632,0.201,2,0.97
7,8,1,0,1,1.187,0.206,2,0.96
7,8,8,1,2,0.916,2.116,2,0.95
7,3,5,0,2,0.758,0.147,2,0.95
7,3,5,0,2,0.854,0.12,2,0.96
7,5,5,1,2,0.7,0.121,2,0.95
7,6,6,1,2,0.897,0.359,2,0.95
7,8,8,1,4,0.837,0.498,2,0.94
7,4,4,1,1,1.717,0.213,2,0.94
7,6,6,1,1,0.844,0.156,2,0.95
7,1,6,0,1,0.423,0.191,2,0.94
7,4,4,1,1,1.12,0.11,2,0.94
7,8,4,0,1,0.886,0.157,2,0.93
7,1,1,1,2,0.669,0.355,2,0.93
7,3,3,1,4,1.116,0.152,2,0.94
7,2,4,0,1,0.827,0.097,2,0.95
7,4,4,1,1,1.05,0.098,2,0.94
7,5,5,1,1,0.966,0.22,2,0.94
7,7,4,0,1,0.927,0.12,2,0.95
7,3,3,1,2,0.742,0.185,2,0.94
7,4,4,1,2,1.086,0.106,2,0.93
7,5,5,1,3,0.993,0.174,2,0.93
7,8,5,0,2,0.525,0.267,2,0.94
7,6,6,1,2,1.03,0.139,2,0.95
7,6,5,0,1,0.789,0.147,2,0.96
7,8,8,1,1,0.72,0.217,2,0.95
7,1,1,1,2,0.502,0.343,2,0.95
7,4,4,1,1,0.916,0.15,2,0.96
7,5,5,1,1,0.823,0.161,2,0.95
7,7,5,0,1,0.535,0.211,2,0.94
7,8,6,0,1,0.616,0.2,2,0.94
7,6,6,1,2,0.946,0.189,2,0.93
7,4,4,1,1,0.859,0.288,2,0.93
7,7,5,0,1,1.192,0.162,2,0.94
7,2,2,1,3,1.446,0.192,2,0.93
7,5,5,1,2,0.883,0.148,2,0.93
7,7,5,0,1,0.637,0.148,2,0.94
7,8,6,0,1,0.773,0.147,2,0.95
7,6,6,1,2,0.514,0.158,2,0.96
7,2,2,1,2,1.178,0.312,2,0.97
7,7,8,0,1,0.918,0.192,2,0.96
7,6,6,1,2,1.211,0.117,2,0.95
7,4,4,1,3,1.368,0.153,2,0.94
7,8,8,1,3,0.851,0.192,2,0.94
7,1,5,0,1,0.912,0.163,2,0.95
7,1,4,0,1,0.869,0.131,2,0.96
8,8,8,1,4,1.149,0.562,2,0.89
8,7,7,1,4,0.592,0.304,2,0.9
8,3,3,1,4,0.511,0.356,2,0.91
8,8,8,1,4,0.716,0.357,2,0.92
8,8,8,1,4,0.966,0.354,2,0.93
8,1,1,1,4,0.447,0.371,2,0.94
8,6,6,1,4,0.74,0.296,2,0.95
8,2,2,1,3,1.914,0.687,2,0.96
8,4,4,1,4,0.642,0.448,2,0.97
8,3,3,1,4,0.438,0.398,2,0.98
8,6,6,1,4,1.217,0.273,2,0.97
8,8,8,1,4,0.657,0.253,2,0.96
8,5,5,1,2,2.53,1.734,2,0.96
8,3,3,1,4,0.77,0.326,2,0.97
8,1,1,1,4,0.358,0.316,2,0.98
8,5,5,1,4,0.798,0.255,2,0.99
8,4,4,1,4,0.594,0.289,2,0.99
8,8,1,0,1,1.438,0.346,2,0.98
8,1,2,0,1,0.488,0.253,2,0.98
8,7,7,1,4,0.923,1.028,2,0.97
8,5,6,0,1,0.725,1.682,2,0.97
8,1,1,1,1,0.307,0.341,2,0.98
8,8,8,1,4,0.909,0.265,2,0.97
8,6,6,1,4,0.721,0.251,2,0.97
8,1,1,1,4,0.596,0.701,2,0.98
8,4,4,1,4,0.447,0.393,2,0.97
8,7,7,1,4,0.755,0.29,2,0.96
8,3,3,1,4,0.789,0.348,2,0.96
8,3,3,1,4,0.369,0.401,2,0.97
8,7,7,1,4,0.718,0.477,2,0.98
8,6,6,1,4,0.711,0.334,2,0.99
8,3,3,1,4,0.394,0.289,2,0.99
8,5,5,1,3,1.03,0.267,2,0.99
8,4,4,1,4,0.723,0.275,2,0.98
8,4,4,1,4,0.451,0.319,2,0.98
8,8,8,1,4,1.079,0.277,2,0.97
8,7,7,1,4,0.693,0.21,2,0.97
8,1,1,1,2,1.521,0.462,2,0.98
8,3,3,1,2,0.792,0.309,2,0.97
8,8,2,0,1,2.785,0.239,2,0.96
8,6,5,0,1,1.558,0.25,2,0.95
8,4,4,1,2,1.007,0.21,2,0.95
8,4,4,1,2,1.066,0.181,2,0.96
8,8,5,0,2,1.739,0.186,2,0.97
8,6,6,1,3,1.086,0.157,2,0.98
8,4,4,1,2,1.257,0.229,2,0.97
8,2,2,1,2,0.754,0.316,2,0.97
8,2,2,1,2,0.543,0.258,2,0.96
8,4,5,0,2,1.206,0.158,2,0.95
8,2,1,0,1,0.937,0.242,2,0.95
8,7,4,0,2,2.795,0.195,2,0.96
8,4,4,1,3,0.772,0.447,2,0.97
8,8,7,0,3,1.472,0.333,2,0.98
8,7,7,1,4,0.701,0.286,2,0.97
8,4,4,1,4,0.897,0.24,2,0.96
8,2,2,1,4,0.423,0.324,2,0.96
8,2,3,0,1,2.204,0.175,2,0.95
8,5,5,1,2,1.148,0.177,2,0.94
8,2,6,0,2,1.029,0.265,2,0.94
8,1,1,1,3,0.507,1.248,2,0.95
8,1,1,1,4,0.335,0.961,2,0.96
8,6,6,1,4,0.773,0.221,2,0.97
8,3,5,0,4,0.828,0.224,2,0.96
8,7,7,1,3,1.184,0.465,2,0.96
8,1,1,1,4,0.424,0.801,2,0.97
8,5,5,1,4,1.135,0.184,2,0.96
8,2,2,1,4,0.429,0.62,2,0.96
8,3,3,1,2,0.89,0.703,2,0.97
8,2,5,0,1,1.011,0.286,2,0.98
8,5,5,1,2,0.594,0.22,2,0.97
8,1,4,0,1,1.094,0.128,2,0.97
8,1,7,0,1,1.25,0.145,2,0.96
8,6,6,1,1,2.027,0.257,2,0.96
8,4,4,1,2,0.798,0.211,2,0.95
8,3,5,0,1,1.525,0.29,2,0.95
8,2,7,0,1,1.404,0.208,2,0.94
8,8,3,0,1,0.937,0.236,2,0.94
8,1,1,1,3,0.519,1.161,2,0.93
8,1,1,1,3,0.873,0.228,2,0.92
8,3,1,0,1,1.409,0.232,2,0.92
8,2,1,0,1,0.388,0.289,2,0.93
8,2,2,1,4,0.991,0.227,2,0.94
8,5,1,0,1,0.735,1.437,2,0.95
8,5,1,0,1,0.545,0.263,2,0.96
8,8,8,1,4,1.132,0.248,2,0.95
8,7,7,1,4,0.646,0.286,2,0.94
8,5,5,1,4,0.763,0.546,2,0.94
8,3,3,1,4,0.508,0.92,2,0.95
8,8,8,1,3,1.387,0.281,2,0.94
8,7,7,1,3,0.974,0.236,2,0.94
8,6,6,1,4,0.696,0.222,2,0.93
8,5,5,1,2,1.032,0.177,2,0.92
8,4,4,1,1,1.463,0.355,2,0.92
8,5,3,0,1,0.664,0.286,2,0.91
8,4,2,0,1,0.388,0.604,2,0.91
8,2,2,1,3,0.416,0.757,2,0.9
8,4,4,1,2,0.865,0.264,2,0.9
8,7,5,0,1,1.973,0.185,2,0.91
8,3,3,1,2,1.4,0.474,2,0.92
8,1,2,0,1,0.846,0.495,2,0.93
8,1,7,0,3,1.053,1.217,2,0.94
8,3,3,1,3,1.085,0.541,2,0.95
8,4,4,1,4,0.695,0.326,2,0.96
8,6,6,1,4,0.634,0.205,2,0.95
8,6,6,1,1,1.617,0.44,2,0.95
8,2,7,0,1,0.911,0.265,2,0.96
8,5,2,0,1,1.949,0.21,2,0.97
8,3,3,1,3,0.951,0.502,2,0.98
8,7,7,1,3,0.756,0.223,2,0.97
8,3,3,1,4,0.51,0.569,2,0.97
8,3,5,0,1,2.12,0.281,2,0.96
8,5,3,0,2,0.478,0.856,2,0.96
8,2,3,0,2,0.389,0.304,2,0.97
8,6,6,1,4,0.767,0.241,2,0.96
8,5,5,1,4,0.979,0.14,2,0.96
8,2,2,1,4,0.525,0.184,2,0.97
8,1,2,0,1,1.588,0.223,2,0.96
8,5,5,1,3,0.938,0.209,2,0.96
8,7,7,1,3,1.035,0.261,2,0.95
8,4,5,0,3,0.997,0.118,2,0.95
8,7,7,1,1,0.856,0.171,2,0.94
8,8,8,1,2,1.17,0.138,2,0.94
8,3,3,1,3,0.595,0.492,2,0.95
8,3,7,0,1,1.013,0.097,2,0.96
8,5,7,0,1,0.605,0.16,2,0.97
8,8,8,1,1,1.295,0.142,2,0.96
8,2,2,1,3,0.778,0.28,2,0.95
8,1,7,0,3,0.864,0.639,2,0.95
8,4,7,0,1,0.866,0.141,2,0.94
8,2,2,1,4,0.5,0.804,2,0.94
8,8,8,1,4,0.786,0.135,2,0.93
8,7,7,1,4,0.555,0.109,2,0.93
8,3,5,0,2,0.919,0.341,2,0.92
8,3,3,1,3,0.724,0.398,2,0.92
8,8,8,1,4,0.874,0.15,2,0.93
8,5,5,1,4,1.106,0.102,2,0.94
8,7,7,1,2,0.892,0.214,2,0.95
8,4,3,0,1,0.738,0.23,2,0.96
8,7,5,0,1,0.921,0.099,2,0.97
8,5,5,1,1,0.844,0.115,2,0.98
8,5,5,1,2,0.798,0.134,2,0.97
8,8,8,1,1,0.746,0.117,2,0.96
8,6,5,0,1,0.662,0.127,2,0.96
8,4,5,0,1,0.644,0.119,2,0.95
8,7,7,1,1,0.884,0.14,2,0.95
8,1,7,0,2,0.678,0.153,2,0.96
8,1,1,1,1,0.738,0.363,2,0.97
8,1,1,1,3,0.917,0.607,2,0.96
8,8,5,0,2,1.114,0.519,2,0.95
8,7,7,1,4,0.66,0.52,2,0.95
8,4,1,0,1,0.585,1.037,2,0.96
8,6,6,1,4,0.686,0.203,2,0.97
8,2,2,1,4,0.693,0.141,2,0.98
8,3,3,1,4,0.514,0.207,2,0.97
8,3,3,1,4,0.315,0.239,2,0.97
8,3,5,0,1,1.118,0.191,2,0.98
8,8,8,1,2,1.005,0.154,2,0.97
8,3,5,0,2,0.99,0.711,2,0.96
8,4,4,1,4,1.17,0.244,2,0.95
8,7,7,1,4,0.711,0.135,2,0.95
8,6,6,1,1,2.514,0.207,2,0.96
8,5,5,1,2,0.942,0.197,2,0.97
8,1,1,1,1,1.49,0.287,2,0.98
8,7,7,1,1,0.98,0.242,2,0.99
8,1,3,0,1,0.752,0.15,2,0.98
8,1,4,0,1,0.864,0.102,2,0.97
8,5,5,1,1,0.824,0.121,2,0.96
8,6,5,0,1,0.838,0.103,2,0.95
8,2,3,0,1,0.598,0.131,2,0.95
8,2,2,1,3,0.709,0.619,2,0.96
8,2,2,1,3,0.515,0.189,2,0.95
8,6,6,1,3,0.938,0.156,2,0.95
8,2,2,1,2,2.095,0.184,2,0.94
8,6,5,0,2,1.232,0.194,2,0.94
8,7,5,0,1,0.647,0.148,2,0.95
8,5,3,0,2,0.739,0.684,2,0.96
8,4,6,0,2,1.309,0.15,2,0.97
8,8,8,1,4,0.786,0.182,2,0.96
8,8,8,1,4,0.459,0.264,2,0.96
8,3,3,1,4,0.533,0.449,2,0.97
8,4,3,0,1,0.946,0.16,2,0.96
8,5,5,1,1,0.911,0.112,2,0.95
8,6,6,1,3,1.019,0.14,2,0.95
8,1,1,1,3,0.483,0.269,2,0.96
8,8,3,0,1,1.988,0.438,2,0.97
8,8,6,0,1,0.873,0.162,2,0.96
8,8,8,1,4,0.778,0.47,2,0.96
8,6,6,1,4,0.567,0.185,2,0.97
8,8,8,1,4,0.659,0.145,2,0.96
8,7,5,0,2,0.993,0.191,2,0.96
8,7,2,0,2,1.569,0.845,2,0.97
8,1,1,1,3,0.362,0.976,2,0.96
8,2,2,1,3,0.604,0.444,2,0.95
8,7,7,1,3,1.287,0.147,2,0.95
8,7,6,0,1,1.063,0.322,2,0.96
8,6,6,1,1,0.587,0.21,2,0.95
8,6,6,1,2,1.051,0.145,2,0.95
8,4,4,1,2,1.547,0.519,2,0.94
8,7,5,0,1,0.953,0.225,2,0.94
8,5,5,1,1,0.731,0.298,2,0.93
8,4,4,1,4,0.925,0.177,2,0.95
8,8,3,0,2,1.018,0.853,2,0.94
8,3,3,1,2,0.61,0.203,2,0.94
8,1,1,1,2,1.155,0.233,2,0.95
8,8,4,0,2,3.021,0.19,2,0.96
8,4,7,0,3,0.999,0.294,2,0.97
8,1,1,1,4,0.668,0.346,2,0.96
8,4,4,1,4,0.799,0.173,2,0.95
8,6,6,1,4,0.595,0.12,2,0.95
8,7,3,0,3,0.899,0.504,2,0.96
8,6,6,1,4,0.721,0.111,2,0.97
8,1,1,1,4,0.524,0.37,2,0.96
8,2,2,1,4,0.497,0.152,2,0.95
8,5,5,1,4,0.75,0.084,2,0.94
8,1,7,0,2,0.922,0.107,2,0.94
8,2,3,0,1,0.567,0.173,2,0.95
8,5,3,0,1,0.382,0.173,2,0.96
8,3,3,1,1,0.377,0.218,2,0.95
8,7,7,1,4,0.76,0.205,2,0.95
8,4,7,0,2,0.519,0.139,2,0.96
8,4,4,1,4,0.721,0.142,2,0.95
8,5,5,1,4,0.769,0.107,2,0.95
8,1,1,1,4,0.539,0.168,2,0.96
8,7,7,1,4,0.623,0.098,2,0.97
8,4,3,0,1,1.375,0.297,2,0.96
8,7,7,1,2,0.934,0.108,2,0.95
8,7,5,0,2,0.888,0.123,2,0.95
8,7,7,1,2,0.574,0.123,2,0.96
8,8,5,0,2,0.881,0.213,2,0.95
8,3,5,0,2,0.794,0.151,2,0.94
8,6,6,1,4,0.808,0.187,2,0.94
8,8,6,0,2,1.639,0.1,2,0.95
8,7,7,1,4,0.612,0.202,2,0.96
8,1,1,1,4,0.457,0.27,2,0.95
8,8,6,0,1,1.742,0.094,2,0.95
8,7,7,1,4,0.617,0.236,2,0.96
8,8,8,1,4,1.209,0.249,2,0.97
8,5,5,1,4,0.923,0.134,2,0.98
8,2,5,0,4,0.679,0.108,2,0.97
8,3,5,0,4,0.615,0.111,2,0.96
8,4,4,1,4,0.729,0.166,2,0.96
8,2,2,1,4,0.396,0.174,2,0.97
8,7,7,1,4,0.625,0.088,2,0.98
8,5,5,1,4,0.825,0.09,2,0.97
8,3,3,1,2,0.801,0.264,2,0.96
8,2,5,0,2,0.795,0.147,2,0.96
8,2,2,1,3,1.141,0.184,2,0.95
8,5,5,1,3,0.965,0.34,2,0.95
8,7,5,0,2,1.076,0.109,2,0.96
8,3,3,1,2,0.504,0.197,2,0.95
8,1,1,1,1,0.534,0.691,2,0.95
8,7,4,0,1,1.043,0.166,2,0.94
8,3,5,0,1,0.914,0.095,2,0.94
8,8,7,0,1,0.745,0.133,2,0.95
8,8,8,1,4,0.797,0.139,2,0.96
8,3,3,1,4,0.675,0.219,2,0.97
8,1,1,1,4,0.696,0.087,2,0.96
8,3,3,1,1,1.241,0.203,2,0.96
8,8,5,0,2,0.916,0.206,2,0.95
8,6,6,1,2,0.996,0.124,2,0.95
8,6,6,1,2,1.508,0.441,2,0.96
8,6,5,0,1,0.993,0.178,2,0.97
8,5,5,1,2,0.511,0.091,2,0.98
8,3,3,1,3,1.002,0.149,2,0.99
8,5,6,0,1,1.167,0.262,2,0.99
8,4,4,1,1,0.98,0.197,2,0.98
8,2,2,1,3,0.707,0.611,2,0.97
8,5,5,1,3,0.708,0.441,2,0.97
8,4,4,1,1,1.101,0.095,2,0.96
8,7,5,0,1,0.892,0.126,2,0.95
8,4,5,0,1,0.716,0.081,2,0.95
8,8,7,0,1,1.165,0.095,2,0.96
8,7,7,1,1,0.809,0.095,2,0.97
8,7,7,1,2,0.703,0.089,2,0.98
8,7,5,0,2,0.764,0.078,2,0.97
8,2,2,1,3,0.548,0.25,2,0.96
8,6,6,1,3,0.832,0.134,2,0.95
8,5,5,1,2,0.936,0.192,2,0.94
8,3,5,0,2,0.771,0.091,2,0.94
8,8,8,1,3,0.914,0.168,2,0.95
8,2,5,0,1,0.941,0.096,2,0.96
8,6,6,1,2,0.796,0.093,2,0.95
8,1,1,1,1,1.137,0.394,2,0.95
8,1,1,1,2,0.501,0.464,2,0.96
8,7,5,0,1,0.851,0.082,2,0.97
8,4,4,1,1,1.131,0.254,2,0.96
8,2,5,0,1,0.763,0.235,2,0.95
8,7,7,1,3,0.864,0.212,2,0.95
8,7,7,1,2,0.648,0.178,2,0.96
8,3,3,1,1,0.695,0.225,2,0.97
8,1,7,0,1,0.881,0.147,2,0.96
8,2,2,1,1,0.485,0.178,2,0.95
8,5,5,1,1,0.923,0.099,2,0.95
8,4,7,0,1,0.742,0.063,2,0.96
8,6,5,0,1,0.668,0.117,2,0.97
8,5,5,1,1,0.814,0.084,2,0.96
8,3,5,0,1,0.991,0.096,2,0.96
8,6,6,1,4,0.842,0.131,2,0.97
8,8,8,1,4,0.746,0.112,2,0.98
8,3,3,1,4,0.614,0.165,2,0.97
8,6,4,0,1,1.965,0.252,2,0.94
8,8,7,0,2,1.874,0.318,2,0.95
8,4,4,1,2,1.077,0.167,2,0.94
8,8,8,1,3,0.782,0.151,2,0.94
8,1,1,1,2,1.989,0.39,2,0.95
8,3,6,0,2,1.112,0.553,2,0.94
8,1,1,1,1,0.561,0.504,2,0.93
8,3,3,1,3,0.623,0.81,2,0.93
8,4,2,0,1,1.475,0.208,2,0.94
8,4,4,1,3,0.924,0.285,2,0.95
8,1,1,1,4,0.63,0.596,2,0.94
8,5,6,0,3,1.124,0.243,2,0.94
8,5,5,1,4,0.771,0.152,2,0.95
8,4,4,1,3,1.145,0.21,2,0.96
8,5,5,1,3,0.937,0.18,2,0.97
8,6,6,1,2,0.816,0.181,2,0.96
8,1,5,0,2,0.903,0.098,2,0.95
8,2,1,0,1,0.93,0.192,2,0.94
8,1,1,1,2,0.668,0.427,2,0.94
8,8,7,0,2,0.681,0.504,2,0.95
8,5,5,1,1,1.553,0.227,2,0.94
8,8,5,0,2,0.535,0.111,2,0.94
8,3,3,1,4,0.877,0.254,2,0.95
8,5,5,1,4,0.792,0.158,2,0.96
8,2,2,1,3,0.469,0.495,2,0.97
8,1,1,1,2,1.585,0.129,2,0.96
8,6,6,1,2,0.875,0.374,2,0.96
8,5,7,0,1,0.809,0.139,2,0.95
8,3,6,0,1,1.247,0.241,2,0.95
8,2,2,1,1,0.539,0.329,2,0.94
8,6,6,1,2,0.991,0.18,2,0.93
8,3,5,0,1,0.703,0.228,2,0.93
8,6,6,1,1,0.68,0.11,2,0.92
8,4,3,0,1,0.738,0.22,2,0.92
8,2,3,0,1,0.64,0.175,2,0.93
8,8,3,0,1,0.826,0.113,2,0.92
8,7,7,1,4,0.796,0.125,2,0.92
8,7,1,0,1,0.748,0.203,2,0.93
8,1,1,1,4,0.487,0.508,2,0.94
8,8,8,1,4,0.684,0.136,2,0.93
8,4,4,1,4,0.696,0.157,2,0.92
8,7,7,1,4,0.622,0.102,2,0.92
8,4,7,0,2,0.56,0.211,2,0.93
8,6,6,1,4,0.631,0.143,2,0.94
8,4,4,1,2,1.802,0.694,2,0.95
8,8,8,1,4,0.627,0.135,2,0.96
8,6,6,1,3,1.428,0.155,2,0.95
8,5,6,0,2,1.795,0.098,2,0.95
8,8,8,1,2,0.908,0.108,2,0.96
8,4,4,1,2,0.942,0.106,2,0.95
8,1,6,0,1,0.686,0.134,2,0.95
8,8,8,1,4,0.62,0.216,2,0.96
8,6,6,1,3,0.71,0.449,2,0.95
8,8,7,0,1,1.303,0.066,2,0.94
8,1,1,1,1,0.767,0.848,2,0.93
8,3,3,1,2,0.827,0.46,2,0.93
8,1,7,0,2,0.675,0.139,2,0.94
8,8,4,0,2,0.762,0.09,2,0.95
8,3,3,1,2,0.743,0.259,2,0.96
8,5,3,0,1,0.825,0.046,2,0.95
8,2,2,1,4,0.917,0.131,2,0.95
8,1,1,1,4,0.394,0.098,2,0.96
8,2,2,1,3,0.588,0.54,2,0.95
8,5,3,0,2,0.548,0.42,2,0.95
8,2,2,1,1,0.911,0.135,2,0.96
8,4,4,1,1,0.788,0.224,2,0.95
8,8,1,0,1,0.936,0.184,2,0.95
8,1,1,1,2,1.866,0.881,2,0.96
8,2,2,1,3,0.453,0.498,2,0.97
8,1,3,0,2,0.68,1.939,2,0.98
8,7,7,1,4,0.758,0.183,2,0.97
8,6,6,1,4,0.603,0.097,2,0.96
8,7,7,1,2,0.727,0.126,2,0.95
8,4,4,1,1,0.943,0.111,2,0.95
8,5,5,1,3,0.852,0.333,2,0.96
8,6,4,0,1,1.154,0.053,2,0.95
8,5,2,0,1,0.587,0.09,2,0.95
8,2,2,1,1,0.466,0.085,2,0.96
8,4,7,0,1,0.735,0.096,2,0.97
8,2,2,1,1,0.507,0.494,2,0.96
8,6,6,1,2,0.731,0.193,2,0.96
8,7,7,1,1,0.645,0.105,2,0.95
8,6,3,0,1,1.29,0.059,2,0.95
8,8,6,0,1,0.912,0.177,2,0.96
8,8,8,1,2,0.961,0.1,2,0.97
8,3,5,0,2,0.832,0.124,2,0.96
8,1,1,1,1,1.539,0.159,2,0.96
8,1,1,1,3,0.655,0.435,2,0.95
8,2,3,0,2,0.907,0.25,2,0.95
8,5,5,1,2,0.939,0.116,2,0.96
8,2,2,1,2,0.453,0.243,2,0.97
8,3,3,1,2,0.643,0.175,2,0.96
8,2,2,1,2,0.748,0.132,2,0.96
8,4,7,0,2,0.95,0.139,2,0.97
8,8,3,0,2,0.87,0.189,2,0.96
8,7,7,1,2,0.487,0.136,2,0.95
8,8,3,0,2,0.673,0.079,2,0.95
8,2,7,0,1,1.067,0.139,2,0.94
8,7,7,1,2,0.519,0.12,2,0.94
8,5,3,0,2,0.522,0.174,2,0.95
9,6,6,1,4,0.805,0.711,2,0.99
9,2,2,1,4,0.768,0.426,2,0.99
9,2,1,0,4,1.039,0.269,2,0.99
9,4,3,0,4,0.818,0.243,2,0.98
9,5,5,1,4,0.81,0.239,2,0.97
9,7,7,1,4,1.482,1.114,2,0.97
9,7,7,1,4,0.411,0.139,2,0.98
9,7,7,1,4,0.455,0.156,2,0.97
9,8,3,0,1,1.05,0.905,2,0.97
9,3,3,1,1,0.957,0.363,2,0.98
9,2,2,1,1,0.875,0.278,2,0.99
9,4,7,0,1,1.026,0.454,2,0.99
9,7,7,1,4,0.579,0.382,2,0.98
9,6,6,1,4,0.768,0.227,2,0.98
9,5,5,1,4,0.59,0.166,2,0.99
9,5,7,0,1,1.008,0.442,2,0.99
9,3,3,1,4,0.818,0.264,2,0.98
9,3,3,1,4,0.751,0.219,2,0.98
9,7,7,1,3,1.032,1.081,2,0.99
9,3,8,0,1,1.114,0.421,2,0.98
9,4,1,0,1,0.666,0.519,2,0.97
9,6,5,0,1,1.027,0.196,2,0.97
9,4,5,0,1,0.585,0.353,2,0.98
9,8,6,0,1,1.15,0.156,2,0.99
9,5,5,1,1,0.856,0.216,2,0.99
9,8,8,1,4,1.094,0.218,2,0.99
9,4,4,1,1,2.189,0.548,2,0.98
9,6,6,1,2,1.2,0.958,2,0.98
9,6,7,0,1,0.956,0.458,2,0.99
9,7,7,1,4,0.866,0.462,2,0.99
9,1,7,0,1,0.853,0.493,2,0.99
9,2,2,1,1,0.764,0.543,2,0.98
9,6,6,1,1,0.881,0.7,2,0.97
9,5,5,1,1,0.769,0.466,2,0.97
9,5,5,1,1,1.219,0.239,2,0.98
9,5,6,0,1,0.708,0.362,2,0.99
9,4,6,0,1,0.71,0.293,2,0.98
9,5,5,1,2,0.661,0.677,2,0.98
9,3,3,1,4,0.77,0.384,2,0.99
9,7,4,0,2,1.663,0.783,2,0.99
9,5,5,1,4,0.637,0.193,2,0.99
9,2,7,0,2,0.775,0.368,2,0.98
9,6,6,1,4,0.551,0.291,2,0.98
9,3,3,1,4,0.6,0.263,2,0.97
9,4,4,1,1,1.068,0.357,2,0.96
9,8,3,0,1,0.737,0.31,2,0.96
9,2,6,0,3,1.429,0.301,2,0.97
9,6,6,1,4,2.783,0.727,2,0.96
9,7,7,1,4,0.87,0.213,2,0.96
9,2,2,1,4,0.559,1.113,2,0.97
9,3,3,1,1,1.239,0.959,2,0.98
9,4,3,0,1,0.815,0.382,2,0.97
9,3,5,0,1,0.893,0.589,2,0.97
9,7,7,1,1,0.771,0.551,2,0.98
9,2,8,0,1,0.809,0.257,2,0.97
9,7,7,1,1,1.186,0.194,2,0.97
9,2,7,0,1,0.591,0.18,2,0.96
9,1,1,1,4,0.826,0.263,2,0.96
9,1,1,1,4,0.387,0.282,2,0.95
9,8,4,0,1,1.536,0.405,2,0.95
9,4,4,1,1,0.81,0.289,2,0.94
9,1,1,1,4,0.427,0.41,2,0.94
9,5,5,1,1,0.724,0.584,2,0.95
9,3,3,1,1,0.733,0.383,2,0.96
9,4,4,1,1,0.871,0.223,2,0.97
9,4,4,1,1,0.683,0.23,2,0.96
9,8,1,0,4,1.131,0.246,2,0.96
9,1,1,1,2,0.805,0.651,2,0.95
9,2,5,0,2,0.457,0.908,2,0.95
9,7,7,1,1,0.515,0.366,2,0.96
9,1,7,0,1,0.559,0.212,2,0.97
9,8,7,0,1,0.665,0.157,2,0.98
9,6,6,1,4,0.724,0.217,2,0.97
9,4,4,1,4,0.731,0.237,2,0.97
9,8,4,0,1,1.019,0.246,2,0.98
9,6,6,1,4,0.631,0.194,2,0.97
9,6,6,1,4,0.409,0.293,2,0.97
9,4,4,1,4,0.656,0.203,2,0.98
9,6,6,1,4,0.49,0.2,2,0.99
9,5,8,0,2,2.366,0.736,2,0.99
9,3,1,0,1,1.183,1.201,2,0.99
9,3,4,0,1,1.085,0.241,2,0.98
9,2,4,0,1,0.691,0.249,2,0.97
9,4,4,1,1,0.414,0.608,2,0.97
9,1,7,0,1,1.701,0.755,2,0.98
9,1,7,0,1,0.89,0.308,2,0.99
9,1,1,1,4,0.555,0.246,2,0.98
9,2,2,1,4,0.573,0.262,2,0.98
9,8,8,1,4,0.707,0.224,2,0.97
9,6,6,1,4,0.742,0.363,2,0.97
9,2,2,1,4,0.447,0.227,2,0.96
9,4,8,0,1,1.632,0.628,2,0.96
9,1,1,1,4,0.746,0.251,2,0.97
9,5,8,0,4,0.763,0.321,2,0.96
9,5,3,0,4,1.179,0.569,2,0.95
9,5,3,0,4,0.825,0.215,2,0.95
9,1,1,1,4,0.444,0.297,2,0.94
9,1,1,1,4,0.425,0.244,2,0.94
9,6,6,1,4,0.807,0.245,2,0.93
9,8,8,1,4,1.013,0.244,2,0.93
9,1,1,1,1,0.909,0.703,2,0.99
9,8,1,0,1,0.438,0.15,2,0.98
9,6,5,0,1,0.824,0.124,2,0.98
9,5,5,1,1,0.28,0.108,2,0.97
9,2,6,0,1,0.104,0.151,2,0.96
9,3,3,1,1,0.962,0.165,2,0.96
9,1,7,0,4,0.652,0.282,2,0.97
9,2,2,1,2,0.506,0.234,2,0.98
9,5,5,1,3,0.011,0.158,2,0.99
9,1,2,0,2,0.227,0.531,2,0.98
9,6,7,0,2,0.091,0.921,2,0.97
9,7,3,0,3,0.206,0.745,2,0.96
9,6,5,0,4,0.175,0.065,2,0.95
9,7,3,0,3,0.132,0.135,2,0.95
9,4,4,1,4,0.765,1.069,2,0.94
9,7,7,1,4,1.14,0.378,2,0.94
9,4,4,1,4,0.514,2.161,2,0.93
9,4,4,1,4,0.638,0.141,2,0.93
9,6,6,1,4,0.73,0.184,2,0.94
9,6,6,1,4,0.281,0.114,2,0.95
9,3,3,1,4,0.583,0.179,2,0.94
9,3,3,1,4,0.257,0.171,2,0.94
9,4,4,1,4,0.338,0.153,2,0.95
9,3,6,0,4,1.185,0.192,2,0.96
9,2,6,0,2,0.225,0.266,2,0.95
9,3,2,0,2,0.165,0.377,2,0.95
9,8,6,0,3,0.157,0.613,2,0.96
9,4,4,1,4,0.388,0.133,2,0.95
9,1,1,1,4,0.448,0.555,2,0.95
9,5,5,1,4,0.617,0.144,2,0.96
9,7,7,1,4,0.536,0.177,2,0.97
9,7,7,1,4,0.453,0.186,2,0.96
9,8,1,0,1,0.742,0.186,2,0.95
9,2,2,1,2,0.855,0.169,2,0.94
9,1,5,0,1,0.408,0.13,2,0.93
9,5,5,1,4,0.645,0.168,2,0.93
9,5,5,1,4,0.388,0.122,2,0.94
9,5,5,1,4,0.213,0.099,2,0.95
9,8,6,0,4,0.539,0.12,2,0.94
9,1,6,0,1,0.255,0.084,2,0.94
9,2,2,1,4,0.679,0.162,2,0.95
9,2,2,1,4,0.467,0.117,2,0.94
9,8,8,1,4,0.819,0.113,2,0.94
9,1,7,0,4,0.44,0.231,2,0.95
9,8,8,1,4,0.564,0.118,2,0.96
9,5,5,1,4,0.601,0.145,2,0.97
9,1,1,1,1,0.5,0.51,2,0.96
9,6,2,0,2,0.05,0.161,2,0.95
9,3,3,1,3,0.026,0.259,2,0.95
9,2,1,0,4,0.244,0.107,2,0.94
9,6,1,0,2,0.046,0.098,2,0.93
9,1,6,0,1,0.147,0.172,2,0.92
9,8,6,0,1,0.051,0.031,2,0.92
9,6,1,0,3,0.014,0.237,2,0.93
9,1,7,0,4,0.055,0.002,2,0.94
9,3,6,0,4,0.004,0.101,2,0.95
9,5,5,1,4,0.516,0.124,2,0.96
9,3,3,1,4,0.644,0.123,2,0.97
9,3,3,1,4,0.324,0.095,2,0.96
9,7,1,0,4,0.692,0.123,2,0.96
9,8,8,1,4,0.597,0.115,2,0.95
9,7,7,1,4,0.831,0.102,2,0.94
9,5,5,1,4,0.487,0.109,2,0.94
9,8,8,1,4,0.344,0.118,2,0.95
9,8,8,1,4,0.309,0.159,2,0.94
9,8,8,1,4,0.129,0.13,2,0.94
9,7,7,1,4,0.422,0.174,2,0.95
9,3,3,1,4,0.63,0.147,2,0.96
9,4,4,1,4,0.611,0.146,2,0.95
9,7,7,1,4,0.81,0.12,2,0.95
9,6,8,0,1,0.477,0.123,2,0.96
9,1,7,0,2,0.153,0.192,2,0.97
9,8,6,0,2,0.0,0.029,2,0.96
9,7,6,0,2,0.0,0.066,2,0.96
9,8,8,1,4,0.515,0.077,2,0.97
9,2,1,0,4,0.487,0.194,2,0.96
9,3,8,0,4,0.359,0.126,2,0.95
9,8,8,1,4,0.276,0.125,2,0.95
9,6,6,1,4,0.684,0.132,2,0.94
9,2,2,1,4,0.379,0.14,2,0.93
9,7,7,1,4,0.783,0.148,2,0.93
9,4,4,1,4,0.482,0.146,2,0.94
9,6,6,1,4,2.145,0.487,2,0.95
9,5,1,0,2,0.298,0.018,2,0.96
9,7,2,0,3,0.028,0.084,2,0.95
9,3,1,0,2,0.003,0.044,2,0.95
9,7,1,0,2,0.031,0.062,2,0.94
9,8,6,0,2,0.052,0.048,2,0.94
9,6,1,0,3,0.032,0.057,2,0.95
9,5,6,0,2,0.067,0.009,2,0.94
9,2,6,0,2,0.058,0.007,2,0.93
9,7,1,0,2,0.006,0.115,2,0.93
9,4,4,1,4,1.814,2.233,2,0.92
9,3,3,1,4,0.598,0.159,2,0.92
9,8,8,1,4,0.487,0.145,2,0.91
9,4,4,1,4,0.447,0.142,2,0.91
9,1,1,1,4,0.287,0.166,2,0.9
9,7,7,1,4,0.71,0.149,2,0.9
9,2,2,1,4,0.355,0.149,2,0.91
9,8,8,1,4,0.417,0.136,2,0.92
9,1,1,1,4,0.619,0.193,2,0.94
9,7,7,1,4,0.694,0.148,2,0.95
9,5,5,1,1,1.56,0.38,2,0.94
9,7,7,1,1,1.439,0.165,2,0.93
9,2,8,0,1,0.564,0.117,2,0.93
9,3,5,0,1,0.865,0.237,2,0.92
9,6,7,0,1,1.096,0.099,2,0.92
9,6,6,1,1,1.494,0.164,2,0.91
9,2,3,0,1,1.632,0.214,2,0.91
9,1,1,1,4,0.706,0.696,2,0.92
9,7,7,1,4,0.652,0.201,2,0.91
9,3,3,1,4,0.737,0.155,2,0.9
9,7,7,1,4,0.899,0.181,2,0.89
9,8,3,0,4,1.634,0.586,2,0.88
9,6,3,0,4,0.547,0.171,2,0.87
9,3,3,1,4,0.521,0.145,2,0.87
9,1,3,0,1,1.575,0.471,2,0.88
9,2,2,1,4,0.563,0.235,2,0.89
9,7,7,1,4,0.665,0.262,2,0.9
9,7,7,1,1,1.905,0.422,2,0.91
9,4,1,0,1,0.597,0.793,2,0.92
9,4,7,0,1,0.597,0.427,2,0.93
9,8,8,1,4,0.463,0.205,2,0.94
9,5,8,0,4,0.576,0.154,2,0.95
9,2,2,1,4,0.393,0.198,2,0.94
9,5,5,1,4,0.472,0.183,2,0.93
9,8,8,1,4,0.402,0.17,2,0.92
9,1,7,0,1,0.454,0.463,2,0.91
9,6,6,1,4,1.001,0.334,2,0.91
9,6,6,1,4,0.661,0.194,2,0.92
9,4,7,0,4,0.61,0.234,2,0.93
9,2,2,1,4,0.428,0.225,2,0.94
9,4,1,0,1,1.048,0.518,2,0.95
9,4,4,1,1,0.937,0.133,2,0.94
9,1,1,1,4,0.372,0.335,2,0.94
9,1,7,0,4,1.219,0.196,2,0.93
9,3,3,1,1,0.572,0.357,2,0.93
9,3,3,1,1,0.683,0.396,2,0.94
9,2,2,1,4,0.509,0.193,2,0.95
9,2,2,1,4,0.409,0.185,2,0.94
9,4,2,0,1,0.897,0.169,2,0.93
9,3,2,0,1,0.53,0.223,2,0.93
9,6,6,1,4,1.023,0.147,2,0.94
9,4,2,0,1,0.789,0.197,2,0.95
9,5,5,1,1,0.82,0.232,2,0.94
9,2,2,1,1,0.398,0.27,2,0.94
9,8,8,1,4,0.673,0.179,2,0.95
9,2,2,1,4,0.423,0.195,2,0.96
9,7,7,1,1,0.669,0.43,2,0.95
9,3,3,1,1,0.693,0.231,2,0.95
9,6,2,0,1,0.9,0.194,2,0.94
9,1,5,0,1,0.85,0.236,2,0.93
9,7,7,1,1,0.868,0.186,2,0.92
9,1,7,0,1,0.443,0.193,2,0.91
9,5,3,0,1,0.67,0.265,2,0.9
9,4,4,1,1,0.59,0.146,2,0.89
9,5,5,1,1,0.553,0.141,2,0.88
9,6,7,0,4,0.459,0.339,2,0.88
9,2,2,1,4,0.468,0.201,2,0.89
9,5,3,0,4,0.664,0.154,2,0.9
9,4,4,1,1,0.842,0.117,2,0.89
9,1,7,0,4,0.827,0.198,2,0.89
9,6,6,1,4,0.628,0.164,2,0.9
9,6,6,1,4,0.232,0.17,2,0.91
9,1,7,0,4,0.514,0.182,2,0.92
9,5,5,1,4,0.572,0.19,2,0.93
9,6,6,1,4,0.535,0.195,2,0.94
9,4,4,1,1,0.636,0.221,2,0.95
9,8,8,1,4,0.632,0.166,2,0.96
9,5,2,0,4,0.46,0.169,2,0.97
9,8,8,1,4,0.565,0.169,2,0.98
9,4,4,1,4,0.527,0.141,2,0.97
9,2,2,1,4,0.294,0.144,2,0.96
9,2,2,1,4,0.329,0.184,2,0.95
9,5,3,0,4,0.736,0.177,2,0.94
9,1,7,0,4,1.011,0.182,2,0.94
9,1,7,0,4,0.568,0.674,2,0.93
9,8,8,1,4,0.411,0.169,2,0.92
9,4,7,0,4,0.718,0.238,2,0.92
9,8,8,1,4,0.29,0.175,2,0.93
9,4,4,1,4,0.573,0.164,2,0.94
9,6,6,1,4,0.677,0.169,2,0.95
9,3,2,0,4,0.556,0.169,2,0.96
9,7,7,1,4,0.611,0.165,2,0.97
9,1,7,0,4,0.418,0.13,2,0.96
9,6,6,1,4,0.731,0.196,2,0.95
9,7,7,1,4,0.635,0.215,2,0.94
9,7,7,1,4,1.437,0.2,2,0.93
9,5,4,0,4,0.862,0.143,2,0.92
9,6,7,0,4,0.354,0.194,2,0.91
9,6,7,0,4,0.87,0.194,2,0.9
9,3,3,1,4,0.545,0.159,2,0.89
9,1,7,0,4,0.575,0.217,2,0.88
9,3,3,1,4,0.535,0.176,2,0.88
9,6,6,1,4,0.666,0.167,2,0.89
9,5,5,1,4,0.593,0.153,2,0.9
9,1,7,0,4,0.707,0.166,2,0.91
9,3,3,1,4,0.478,0.147,2,0.92
9,3,3,1,4,0.353,0.141,2,0.93
9,7,7,1,4,0.545,0.174,2,0.94
9,5,1,0,2,2.174,0.029,2,0.99
9,5,6,0,3,0.0,0.048,2,0.99
9,2,4,0,1,0.037,0.028,2,0.99
9,7,1,0,2,0.012,0.03,2,0.99
9,4,6,0,1,0.026,0.012,2,0.98
9,1,8,0,1,0.0,0.022,2,0.98
9,7,6,0,2,0.063,0.035,2,0.97
9,8,6,0,2,0.048,0.039,2,0.97
9,8,8,1,4,0.459,0.101,2,0.98
9,5,5,1,4,0.367,0.118,2,0.97
9,5,5,1,4,0.28,0.068,2,0.96
9,1,1,1,4,0.533,0.478,2,0.96
9,6,6,1,4,0.662,0.11,2,0.95
9,6,6,1,4,0.455,0.076,2,0.94
9,5,5,1,4,0.299,0.108,2,0.94
9,3,3,1,4,0.588,0.102,2,0.95
9,4,4,1,4,1.721,0.283,2,0.96
9,4,4,1,4,0.735,0.13,2,0.97
9,5,5,1,4,0.6,0.179,2,0.98
9,1,1,1,2,0.78,0.125,2,0.99
9,7,6,0,1,0.389,0.017,2,0.99
9,3,1,0,2,0.032,0.0,2,0.99
9,1,2,0,3,0.0,0.076,2,0.99
9,8,6,0,3,0.04,0.034,2,0.98
9,6,2,0,3,0.031,0.049,2,0.97
9,6,6,1,4,0.595,0.123,2,0.96
9,6,6,1,4,0.123,0.102,2,0.96
9,5,5,1,4,0.228,0.067,2,0.97
9,2,2,1,4,0.451,0.109,2,0.96
9,3,3,1,4,0.525,0.125,2,0.96
9,5,3,0,4,0.779,0.077,2,0.95
9,1,6,0,2,0.131,0.022,2,0.95
9,2,5,0,1,0.025,0.066,2,0.96
9,3,2,0,3,0.009,0.053,2,0.97
9,6,6,1,4,1.059,0.107,2,0.98
9,4,3,0,4,0.395,0.087,2,0.99
9,5,5,1,4,0.431,0.131,2,0.99
9,3,3,1,4,0.393,0.1,2,0.98
9,3,3,1,4,0.315,0.109,2,0.97
9,2,2,1,4,0.263,0.142,2,0.96
9,8,8,1,4,0.49,0.143,2,0.96
9,8,2,0,3,0.501,0.038,2,0.97
9,1,1,1,2,0.074,0.005,2,0.98
9,4,6,0,2,0.02,0.031,2,0.97
9,3,1,0,2,0.02,0.094,2,0.97
9,7,6,0,2,0.035,0.03,2,0.96
9,7,7,1,4,0.994,0.129,2,0.96
9,1,1,1,4,0.363,0.132,2,0.97
9,2,2,1,4,0.305,0.123,2,0.98
9,4,4,1,4,0.564,0.278,2,0.97
9,5,5,1,4,0.834,0.105,2,0.97
9,4,4,1,4,0.836,0.144,2,0.96
9,7,7,1,4,0.864,0.108,2,0.96
9,4,2,0,1,0.42,0.007,2,0.97
9,1,6,0,4,0.026,0.0,2,0.96
9,6,2,0,3,0.024,0.006,2,0.96
9,2,2,1,4,0.427,0.128,2,0.97
9,2,7,0,4,1.566,0.14,2,0.96
9,7,7,1,4,0.307,0.133,2,0.96
9,8,8,1,4,0.584,0.119,2,0.97
9,7,7,1,4,0.644,0.122,2,0.96
9,5,5,1,4,0.569,0.101,2,0.96
9,2,2,1,4,0.438,0.151,2,0.97
9,3,2,0,1,0.459,0.011,2,0.96
9,4,6,0,3,0.143,0.022,2,0.95
9,3,1,0,2,0.104,0.043,2,0.95
9,5,3,0,1,0.145,0.036,2,0.96
9,2,2,1,4,0.498,0.131,2,0.95
9,8,8,1,4,0.871,0.106,2,0.95
9,6,6,1,4,2.172,0.095,2,0.96
9,4,4,1,4,0.959,0.676,2,0.97
9,8,8,1,4,0.882,0.14,2,0.98
9,8,1,0,2,0.423,0.043,2,0.97
9,5,4,0,3,0.099,0.057,2,0.97
9,4,8,0,2,0.021,0.049,2,0.98
9,8,2,0,3,0.017,0.001,2,0.99
9,3,5,0,1,0.024,0.095,2,0.98
9,2,8,0,2,0.003,0.011,2,0.97
9,2,2,1,4,0.39,0.106,2,0.97
9,3,3,1,4,0.42,0.123,2,0.96
9,1,1,1,4,0.524,0.13,2,0.95
9,7,7,1,4,0.717,0.128,2,0.95
9,8,8,1,4,0.574,0.114,2,0.96
9,2,2,1,4,0.495,0.128,2,0.97
9,7,2,0,1,0.599,0.006,2,0.96
9,1,4,0,3,0.093,0.107,2,0.96
9,5,4,0,3,0.036,0.13,2,0.97
9,8,8,1,2,0.02,0.039,2,0.98
9,1,1,1,4,0.355,0.123,2,0.99
9,6,5,0,4,1.201,0.471,2,0.98
9,7,7,1,4,0.987,0.113,2,0.98
9,1,7,0,1,0.718,0.1,2,0.99
9,7,7,1,2,0.331,0.674,2,0.98
9,4,4,1,4,0.73,0.146,2,0.98
9,8,8,1,4,0.475,0.1,2,0.97
9,8,8,1,4,0.238,0.13,2,0.96
9,5,8,0,4,0.423,0.146,2,0.96
9,8,6,0,1,0.248,0.024,2,0.97
9,7,2,0,3,0.0,0.054,2,0.96
9,8,8,1,2,0.007,0.015,2,0.96
10,2,2,1,3,0.725,0.876,2,0.89
10,7,7,1,3,0.884,1.101,2,0.9
10,8,8,1,4,2.278,1.145,2,0.91
10,6,6,1,4,1.56,1.574,2,0.92
10,3,5,0,2,2.075,2.542,2,0.93
10,6,6,1,4,1.064,0.809,2,0.92
10,2,2,1,4,0.501,0.809,2,0.92
10,4,4,1,4,1.626,0.64,2,0.93
10,1,1,1,1,1.367,1.191,2,0.94
10,1,7,0,3,0.837,0.967,2,0.95
10,7,7,1,2,0.951,1.202,2,0.94
10,7,7,1,2,1.964,0.81,2,0.94
10,5,5,1,1,1.672,0.742,2,0.95
10,6,6,1,1,1.615,1.19,2,0.96
10,1,6,0,1,1.377,1.888,2,0.97
10,2,2,1,1,1.221,1.304,2,0.96
10,8,3,0,1,1.446,0.831,2,0.96
10,7,7,1,2,1.243,1.484,2,0.95
10,1,1,1,1,1.986,0.853,2,0.95
10,7,7,1,2,1.378,1.686,2,0.96
10,7,7,1,1,0.84,0.697,2,0.97
10,3,1,0,1,1.446,0.731,2,0.98
10,5,8,0,1,2.358,1.034,2,0.97
10,2,2,1,1,1.31,0.573,2,0.96
10,5,3,0,1,1.074,1.394,2,0.96
10,8,8,1,2,1.625,1.394,2,0.95
10,7,7,1,1,0.906,1.012,2,0.95
10,5,3,0,2,0.974,0.73,2,0.96
10,1,4,0,1,2.177,0.899,2,0.95
10,4,2,0,1,1.964,0.831,2,0.94
10,8,6,0,1,2.727,0.967,2,0.93
10,4,4,1,4,0.682,0.572,2,0.92
10,4,2,0,1,5.799,0.73,2,0.92
10,6,6,1,4,1.817,0.65,2,0.91
10,5,8,0,2,1.626,0.695,2,0.91
10,8,8,1,3,0.703,0.831,2,0.9
10,6,6,1,4,1.042,0.988,2,0.9
10,1,7,0,2,1.852,0.742,2,0.91
10,6,6,1,4,1.29,0.933,2,0.9
10,3,3,1,4,0.646,0.607,2,0.9
10,5,5,1,4,1.469,1.326,2,0.91
10,6,6,1,4,0.973,1.012,2,0.92
10,3,3,1,2,0.749,1.101,2,0.93
10,6,6,1,3,1.063,1.079,2,0.94
10,1,1,1,1,1.22,0.697,2,0.95
10,7,3,0,1,1.22,1.349,2,0.96
10,4,7,0,1,2.548,1.597,2,0.95
10,2,2,1,3,0.703,0.966,2,0.94
10,7,7,1,3,0.77,0.785,2,0.94
10,5,5,1,2,2.93,1.079,2,0.95
10,8,8,1,1,2.481,0.719,2,0.96
10,1,2,0,1,1.885,1.102,2,0.97
10,4,5,0,1,2.932,1.281,2,0.96
10,8,8,1,2,0.749,0.92,2,0.95
10,2,2,1,3,0.907,0.764,2,0.95
10,3,6,0,2,1.85,1.214,2,0.96
10,1,7,0,3,0.636,0.831,2,0.95
10,5,5,1,2,2.144,0.854,2,0.94
10,3,3,1,4,0.84,0.73,2,0.94
10,4,4,1,2,0.96,0.742,2,0.95
10,7,7,1,2,0.615,1.236,2,0.96
10,1,2,0,1,1.288,0.641,2,0.97
10,5,3,0,3,0.715,0.741,2,0.96
10,4,4,1,2,1.266,0.731,2,0.95
10,4,4,1,1,1.546,0.483,2,0.95
10,7,7,1,2,0.759,0.832,2,0.96
10,2,2,1,1,0.929,0.83,2,0.97
10,7,3,0,1,0.885,0.438,2,0.98
10,2,2,1,1,1.209,0.989,2,0.97
10,5,3,0,1,1.513,0.742,2,0.97
10,1,7,0,1,0.906,1.642,2,0.96
10,6,6,1,3,1.468,1.124,2,0.95
10,4,7,0,1,1.221,0.719,2,0.95
10,8,8,1,3,0.591,0.887,2,0.94
10,1,1,1,2,1.131,1.348,2,0.94
10,5,5,1,2,1.131,1.63,2,0.95
10,2,3,0,1,1.739,0.506,2,0.96
10,8,8,1,3,0.671,0.921,2,0.95
10,8,8,1,3,0.544,0.561,2,0.95
10,1,8,0,2,0.871,1.258,2,0.96
10,3,6,0,1,1.514,1.461,2,0.95
10,4,8,0,1,1.188,0.729,2,0.94
10,2,2,1,3,0.737,0.528,2,0.93
10,8,6,0,3,1.3,0.786,2,0.93
10,1,1,1,4,0.658,0.854,2,0.92
10,6,6,1,3,1.289,0.989,2,0.92
10,4,4,1,4,0.568,0.415,2,0.93
10,7,7,1,4,0.782,0.832,2,0.94
10,1,1,1,2,0.951,0.641,2,0.95
10,1,6,0,1,1.637,0.686,2,0.96
10,5,5,1,3,1.321,0.674,2,0.95
10,4,4,1,2,1.017,0.833,2,0.95
10,4,4,1,1,1.693,0.596,2,0.96
10,7,7,1,1,1.097,0.707,2,0.97
10,5,5,1,1,1.457,0.651,2,0.98
10,7,3,0,1,1.006,0.741,2,0.99
10,6,5,0,1,2.008,0.607,2,0.98
10,8,8,1,2,0.838,0.921,2,0.97
10,4,4,1,1,1.987,1.259,2,0.97
10,3,3,1,2,0.748,0.516,2,0.98
10,6,1,0,1,1.332,0.877,2,0.89
10,1,5,0,1,1.624,2.654,2,0.89
10,6,2,0,1,2.256,0.854,2,0.9
10,7,5,0,1,2.615,0.573,2,0.91
10,5,5,1,2,1.186,0.561,2,0.92
10,1,7,0,2,0.794,0.853,2,0.93
10,2,2,1,2,0.771,1.529,2,0.94
10,2,2,1,1,3.111,0.943,2,0.95
10,4,3,0,1,1.152,0.596,2,0.96
10,5,5,1,3,1.176,0.538,2,0.95
10,4,7,0,3,0.817,0.607,2,0.95
10,3,3,1,3,0.905,0.876,2,0.96
10,5,5,1,4,0.804,0.731,2,0.97
10,8,7,0,2,1.772,0.506,2,0.96
10,1,1,1,3,0.738,1.124,2,0.96
10,6,6,1,4,0.951,0.809,2,0.95
10,7,7,1,2,1.648,0.539,2,0.95
10,5,3,0,2,0.838,1.821,2,0.96
10,7,7,1,3,0.794,0.494,2,0.97
10,1,1,1,3,0.794,0.808,2,0.98
10,3,3,1,1,0.884,0.854,2,0.97
10,2,2,1,1,1.715,0.46,2,0.96
10,2,5,0,1,1.705,0.966,2,0.95
10,4,4,1,2,1.333,0.944,2,0.94
10,6,6,1,3,1.22,0.618,2,0.94
10,2,2,1,2,0.804,0.697,2,0.95
10,7,4,0,1,2.571,0.629,2,0.96
10,5,5,1,2,0.816,0.415,2,0.97
10,6,2,0,1,2.717,0.516,2,0.96
10,4,7,0,2,0.815,0.687,2,0.96
10,3,3,1,2,0.759,1.304,2,0.95
10,4,7,0,1,1.152,0.439,2,0.95
10,6,6,1,4,0.825,0.652,2,0.96
10,6,6,1,3,0.703,0.528,2,0.97
10,1,7,0,2,0.692,0.393,2,0.96
10,2,2,1,1,0.893,0.719,2,0.96
10,6,6,1,4,1.086,0.494,2,0.95
10,8,2,0,2,0.658,0.776,2,0.95
10,3,3,1,2,0.602,0.561,2,0.96
10,3,3,1,1,1.492,0.607,2,0.97
10,3,3,1,3,0.659,0.606,2,0.96
10,3,5,0,2,1.107,0.809,2,0.96
10,7,7,1,1,1.039,0.709,2,0.97
10,3,3,1,3,0.647,0.539,2,0.98
10,6,8,0,2,0.973,0.764,2,0.99
10,7,7,1,3,0.636,1.225,2,0.99
10,3,3,1,2,0.726,1.349,2,0.99
10,4,7,0,1,1.828,0.403,2,0.98
10,2,2,1,1,0.749,1.034,2,0.98
10,5,5,1,1,0.995,1.056,2,0.99
10,5,3,0,2,0.792,0.651,2,0.99
10,7,7,1,1,1.176,0.921,2,0.98
10,8,8,1,2,0.726,1.056,2,0.98
10,6,6,1,1,1.715,0.876,2,0.99
10,7,3,0,1,0.782,0.539,2,0.98
10,5,3,0,1,1.468,0.731,2,0.98
10,7,6,0,1,2.041,0.764,2,0.97
10,8,8,1,2,0.973,0.877,2,0.96
10,8,7,0,1,0.905,1.146,2,0.96
10,2,2,1,4,0.77,0.629,2,0.95
10,3,6,0,3,0.749,0.899,2,0.94
10,5,5,1,4,0.726,0.404,2,0.94
10,7,7,1,4,0.613,0.416,2,0.95
10,6,6,1,4,0.647,0.572,2,0.96
10,2,2,1,4,0.793,0.449,2,0.97
10,8,8,1,4,0.545,0.404,2,0.98
10,3,3,1,4,0.614,0.393,2,0.99
10,2,2,1,4,0.646,0.877,2,0.99
10,8,2,0,1,1.175,0.809,2,0.98
10,2,3,0,1,1.548,0.46,2,0.98
10,8,2,0,1,0.762,0.494,2,0.97
10,7,6,0,1,1.469,1.979,2,0.96
10,2,2,1,2,0.771,1.213,2,0.96
10,2,2,1,3,0.68,0.359,2,0.95
10,4,8,0,1,2.615,0.585,2,0.95
10,3,3,1,3,0.636,0.461,2,0.96
10,5,6,0,3,0.85,1.878,2,0.97
10,4,4,1,2,0.75,1.033,2,0.96
10,1,1,1,3,0.749,0.505,2,0.96
10,4,4,1,4,0.669,0.584,2,0.97
10,1,2,0,1,0.996,0.652,2,0.96
10,3,3,1,3,0.614,0.617,2,0.95
10,1,6,0,1,1.929,0.528,2,0.95
10,8,8,1,3,0.623,0.505,2,0.96
10,1,1,1,2,1.097,1.146,2,0.97
10,5,5,1,3,0.794,0.707,2,0.98
10,4,8,0,2,2.121,1.146,2,0.97
10,3,3,1,3,0.612,0.853,2,0.97
10,7,4,0,1,1.468,0.471,2,0.98
10,8,8,1,4,0.568,0.37,2,0.99
10,8,8,1,4,0.601,0.336,2,0.99
10,1,7,0,1,1.997,0.381,2,0.99
10,6,6,1,4,0.635,0.482,2,0.98
10,8,8,1,4,0.446,0.37,2,0.97
10,3,3,1,4,0.804,0.359,2,0.96
10,1,2,0,2,0.951,0.629,2,0.95
10,5,8,0,1,1.019,0.528,2,0.95
10,7,7,1,3,0.624,0.719,2,0.96
10,2,2,1,4,1.04,1.213,2,0.97
10,5,5,1,1,1.154,1.214,2,0.98
10,2,2,1,4,0.547,0.562,2,0.97
10,5,5,1,1,0.839,1.045,2,0.96
10,1,7,0,2,0.883,0.697,2,0.95
10,3,3,1,3,1.132,0.707,2,0.95
10,5,5,1,2,1.087,1.022,2,0.96
10,7,3,0,1,1.627,0.573,2,0.95
10,1,7,0,1,0.816,0.809,2,0.95
10,1,1,1,2,1.243,1.056,2,0.94
10,8,8,1,3,0.614,0.809,2,0.94
10,7,7,1,2,0.917,0.977,2,0.95
10,2,2,1,3,0.906,0.618,2,0.96
10,7,7,1,1,1.481,0.382,2,0.97
10,3,3,1,1,0.827,0.708,2,0.96
10,4,2,0,1,0.579,0.651,2,0.95
10,3,3,1,1,1.637,0.539,2,0.95
10,5,2,0,1,1.21,0.618,2,0.94
10,2,2,1,1,0.669,0.832,2,0.94
10,1,5,0,1,1.29,0.46,2,0.95
10,2,7,0,1,1.885,1.091,2,0.96
10,4,2,0,1,0.973,0.516,2,0.97
10,2,2,1,4,0.571,0.459,2,0.98
10,5,6,0,3,0.805,0.832,2,0.97
10,8,8,1,4,0.569,0.539,2,0.96
10,2,2,1,4,1.244,0.898,2,0.96
10,2,2,1,4,0.524,0.393,2,0.97
10,7,7,1,2,0.805,0.696,2,0.98
10,5,8,0,2,1.446,0.527,2,0.99
10,7,1,0,1,0.872,1.485,2,0.98
10,3,3,1,4,0.602,0.371,2,0.97
10,8,8,1,4,0.479,0.348,2,0.96
10,8,8,1,4,0.377,0.404,2,0.96
10,8,8,1,4,0.479,0.292,2,0.97
10,3,3,1,2,0.906,0.629,2,0.96
10,1,7,0,1,1.177,0.527,2,0.95
10,1,2,0,1,1.928,0.551,2,0.95
10,4,3,0,1,1.501,0.393,2,0.94
10,7,7,1,2,0.781,0.448,2,0.94
10,3,3,1,3,0.535,0.539,2,0.95
10,6,6,1,4,0.905,0.967,2,0.94
10,7,2,0,1,1.356,0.742,2,0.93
10,4,2,0,1,0.817,0.493,2,0.93
10,4,8,0,1,1.323,0.472,2,0.94
10,4,7,0,1,1.221,1.079,2,0.95
10,3,3,1,4,0.546,0.448,2,0.96
10,4,4,1,4,0.569,0.326,2,0.95
10,6,6,1,4,0.794,0.494,2,0.95
10,7,7,1,2,1.288,0.461,2,0.96
10,7,7,1,1,2.222,0.325,2,0.97
10,2,2,1,3,0.985,0.471,2,0.96
10,4,2,0,1,1.671,0.426,2,0.96
10,1,1,1,1,1.547,0.607,2,0.97
10,2,2,1,1,0.726,0.427,2,0.98
10,1,7,0,1,0.693,0.471,2,0.97
10,2,7,0,1,2.323,0.358,2,0.96
10,4,2,0,1,0.636,0.505,2,0.96
10,5,6,0,2,0.782,0.809,2,0.97
10,4,4,1,2,1.177,0.697,2,0.96
10,4,4,1,3,0.546,0.461,2,0.95
10,1,1,1,1,0.76,0.573,2,0.95
10,1,6,0,1,2.053,1.281,2,0.96
10,8,7,0,1,0.705,0.461,2,0.97
10,7,7,1,2,0.478,0.685,2,0.96
10,6,6,1,3,0.557,0.404,2,0.96
10,5,3,0,1,1.053,0.55,2,0.97
10,1,7,0,2,0.78,0.696,2,0.96
10,3,3,1,4,0.568,0.359,2,0.96
10,3,5,0,2,0.962,0.562,2,0.97
10,2,2,1,4,0.579,0.416,2,0.96
10,7,7,1,2,0.693,0.618,2,0.95
10,6,6,1,4,0.558,0.371,2,0.95
10,6,6,1,4,0.468,0.326,2,0.96
10,6,6,1,4,0.355,0.336,2,0.97
10,5,5,1,2,1.278,0.381,2,0.96
10,3,3,1,3,0.659,0.92,2,0.95
10,5,5,1,1,0.771,0.82,2,0.95
10,6,5,0,1,1.02,0.517,2,0.96
10,2,2,1,1,0.806,0.46,2,0.97
10,1,3,0,1,1.457,0.685,2,0.96
10,8,4,0,1,0.794,0.461,2,0.96
10,2,2,1,2,0.557,0.526,2,0.95
10,1,2,0,1,2.843,0.472,2,0.95
10,8,5,0,1,1.963,0.505,2,0.96
10,8,8,1,2,0.523,0.877,2,0.97
10,7,7,1,3,0.793,0.46,2,0.98
10,2,2,1,4,0.499,0.439,2,0.97
10,7,7,1,1,1.142,0.404,2,0.96
10,2,2,1,2,0.816,0.55,2,0.96
10,4,3,0,1,1.277,0.472,2,0.95
10,8,2,0,1,0.489,0.506,2,0.95
10,6,6,1,3,1.253,1.249,2,0.96
10,6,2,0,1,0.839,1.619,2,0.97
10,3,5,0,2,0.749,0.674,2,0.96
10,5,5,1,3,0.692,0.427,2,0.95
10,4,4,1,4,0.613,0.482,2,0.95
10,2,2,1,4,0.68,0.448,2,0.96
10,6,6,1,3,0.647,0.697,2,0.97
10,3,3,1,4,0.825,0.36,2,0.96
10,7,2,0,2,0.703,0.72,2,0.96
10,3,3,1,1,1.323,0.562,2,0.95
10,4,7,0,2,0.704,0.438,2,0.95
10,5,8,0,1,2.167,0.628,2,0.89
10,4,4,1,1,0.973,0.617,2,0.89
10,6,6,1,2,0.647,0.944,2,0.9
10,6,6,1,3,0.568,0.505,2,0.91
10,1,7,0,1,0.873,0.55,2,0.92
10,5,4,0,1,0.962,0.404,2,0.93
10,6,6,1,3,0.524,0.494,2,0.94
10,3,5,0,2,0.894,0.347,2,0.93
10,1,1,1,4,0.816,0.516,2,0.93
10,8,8,1,4,0.522,0.426,2,0.94
10,6,6,1,3,0.568,0.831,2,0.95
10,3,5,0,2,1.019,0.393,2,0.96
10,3,3,1,2,0.951,0.448,2,0.95
10,5,5,1,1,0.726,0.246,2,0.95
10,3,3,1,1,0.806,0.73,2,0.96
10,3,5,0,1,0.827,0.876,2,0.97
10,1,6,0,1,1.805,0.516,2,0.98
10,2,2,1,3,1.03,0.516,2,0.99
10,5,3,0,1,1.119,0.393,2,0.98
10,1,8,0,1,0.782,1.822,2,0.98
10,2,2,1,4,0.581,0.437,2,0.99
10,7,7,1,3,0.681,0.662,2,0.98
10,5,5,1,2,0.76,0.358,2,0.98
10,4,6,0,1,1.504,0.46,2,0.97
10,7,7,1,4,0.545,0.347,2,0.96
10,5,5,1,3,0.793,0.336,2,0.95
10,5,5,1,4,0.647,0.303,2,0.95
10,4,2,0,1,5.215,0.753,2,0.96
10,1,7,0,2,0.592,0.932,2,0.97
10,8,6,0,1,1.907,0.437,2,0.96
10,1,7,0,2,0.838,0.82,2,0.96
10,6,6,1,4,0.546,0.302,2,0.97
10,6,6,1,4,0.558,0.359,2,0.98
10,2,2,1,4,0.523,0.325,2,0.99
10,4,4,1,4,0.603,0.258,2,0.98
10,6,6,1,4,0.568,0.358,2,0.97
10,2,2,1,1,0.873,0.415,2,0.96
10,4,7,0,1,1.659,0.324,2,0.96
10,4,2,0,1,0.793,0.448,2,0.97
10,1,7,0,1,1.794,0.539,2,0.98
10,8,8,1,3,0.614,0.629,2,0.97
10,8,8,1,2,0.714,0.416,2,0.97
10,4,4,1,2,1.152,0.583,2,0.98
10,5,2,0,1,1.592,0.629,2,0.99
10,6,6,1,1,0.602,0.404,2,0.99
10,7,5,0,1,1.198,0.314,2,0.99
10,2,2,1,1,0.66,0.572,2,0.98
10,7,7,1,2,0.579,0.359,2,0.98
10,8,8,1,3,0.568,0.393,2,0.97
10,7,1,0,2,0.962,1.146,2,0.97
10,7,7,1,3,0.601,0.549,2,0.96
10,6,6,1,3,0.894,0.696,2,0.96
10,3,5,0,2,1.491,0.381,2,0.97
10,5,6,0,2,1.198,0.314,2,0.98
10,5,5,1,2,0.771,0.607,2,0.99
10,5,6,0,1,1.355,0.888,2,0.99
10,8,8,1,2,0.569,0.483,2,0.99
10,6,6,1,3,0.489,0.314,2,0.99
10,4,5,0,2,0.636,0.358,2,0.99
10,3,3,1,3,0.681,0.335,2,0.98
10,1,1,1,2,1.121,1.259,2,0.97
10,7,7,1,2,0.647,0.381,2,0.97
10,8,8,1,3,0.455,0.449,2,0.96
10,3,3,1,2,0.793,0.584,2,0.95
10,7,4,0,1,0.974,0.381,2,0.95
10,5,6,0,2,0.794,0.629,2,0.96
10,7,7,1,2,0.534,0.348,2,0.97
10,5,5,1,3,1.12,0.528,2,0.98
10,3,3,1,3,0.669,0.291,2,0.99
10,3,2,0,1,0.78,0.854,2,0.99
10,3,3,1,1,0.612,0.358,2,0.98
10,2,5,0,1,1.627,0.359,2,0.98
10,3,2,0,1,1.333,0.404,2,0.99
10,7,7,1,2,0.614,0.73,2,0.99
10,3,3,1,2,0.625,0.426,2,0.99
10,8,8,1,4,0.602,0.393,2,0.98
10,8,8,1,4,0.571,0.573,2,0.97
10,3,3,1,1,0.602,0.325,2,0.97
10,3,8,0,1,1.299,0.291,2,0.96
10,8,3,0,1,1.368,0.393,2,0.95
10,1,8,0,1,1.897,0.382,2,0.95
10,7,7,1,1,0.813,0.426,2,0.96
10,1,1,1,2,0.77,0.483,2,0.97
10,7,7,1,1,1.524,0.292,2,0.98
10,1,1,1,2,0.68,0.596,2,0.97
10,2,7,0,1,0.996,0.426,2,0.97
10,6,6,1,1,1.005,0.37,2,0.98
10,6,6,1,1,1.614,0.337,2,0.97
10,8,5,0,1,1.424,1.787,2,0.97
10,6,5,0,1,1.198,0.483,2,0.98
10,8,6,0,1,0.985,0.493,2,0.97
10,1,1,1,1,0.636,0.416,2,0.96
10,8,8,1,1,0.849,0.426,2,0.95
10,1,6,0,1,1.872,0.551,2,0.95
10,4,7,0,2,0.78,0.347,2,0.96
10,5,3,0,2,1.118,0.538,2,0.97
10,7,7,1,3,0.568,0.461,2,0.98
10,4,4,1,3,0.589,0.505,2,0.97
10,1,2,0,1,0.94,1.855,2,0.97
10,6,6,1,4,1.017,0.674,2,0.98
