sat,image_index,subject,stim,response,confidence,correct,resp_rt,conf_rt,repeat,mnist_index
speed focus,1,1,5,5,4,1,0.727209208,0.12075775,0,9
speed focus,1,1,5,8,4,0,0.566475834,0.186408125,1,9
speed focus,1,2,5,4,4,0,0.740370458,0.13590575,0,9
speed focus,1,2,5,4,2,0,0.92176725,0.247506416,1,9
speed focus,1,3,5,2,1,0,0.307568208,2.269485041,0,9
speed focus,1,3,5,3,3,0,0.307126708,0.309177542,1,9
speed focus,1,4,5,6,2,0,1.148291083,0.284323167,0,9
speed focus,1,4,5,2,4,0,0.945715458,1.133047125,1,9
speed focus,1,5,5,7,4,0,0.834847625,0.124237417,0,9
speed focus,1,5,5,6,4,0,0.831931958,0.120866458,1,9
speed focus,1,6,5,8,4,0,0.746280916,0.155476833,0,9
speed focus,1,6,5,4,4,0,0.724399666,0.155940458,1,9
speed focus,1,7,5,5,4,1,0.890897667,0.143480209,0,9
speed focus,1,7,5,8,4,0,0.897382666,0.179436416,1,9
speed focus,1,8,5,5,3,1,1.3987105,0.737508667,0,9
speed focus,1,8,5,5,4,1,0.755863833,0.1845635,1,9
speed focus,1,9,5,6,3,0,1.3413245,3.58752375,0,9
speed focus,1,9,5,6,1,0,1.7210835,1.129515791,1,9
speed focus,1,10,5,8,4,0,0.874928042,0.620781916,0,9
speed focus,1,10,5,5,4,1,0.831056666,0.410096542,1,9
speed focus,2,1,7,4,4,0,1.376381917,0.10476975,0,112
speed focus,2,1,7,7,3,1,0.946073333,0.40502125,1,112
speed focus,2,2,7,7,2,1,0.864547042,0.234716167,0,112
speed focus,2,2,7,7,4,1,0.700567417,0.188395292,1,112
speed focus,2,3,7,1,1,0,0.761526417,2.098387708,0,112
speed focus,2,3,7,7,4,1,0.668988,1.081885167,1,112
speed focus,2,4,7,7,3,1,0.795455375,0.424603375,0,112
speed focus,2,4,7,2,4,0,0.702720042,0.427041,1,112
speed focus,2,5,7,6,4,0,1.056201166,0.303410459,0,112
speed focus,2,5,7,7,4,1,0.709139625,0.204144541,1,112
speed focus,2,6,7,7,4,1,0.733341667,0.169045875,0,112
speed focus,2,6,7,7,4,1,0.6673945,0.122590833,1,112
speed focus,2,7,7,7,4,1,0.76465475,0.1646425,0,112
speed focus,2,7,7,7,4,1,0.709895625,0.13747025,1,112
speed focus,2,8,7,7,4,1,0.594730208,0.206162666,0,112
speed focus,2,8,7,7,2,1,0.803035625,0.557927,1,112
speed focus,2,9,7,7,4,1,1.477118667,0.533507959,0,112
speed focus,2,9,7,7,2,1,0.964283292,1.195414042,1,112
speed focus,2,10,7,7,4,1,3.242046542,0.844148333,0,112
speed focus,2,10,7,7,4,1,0.627957541,0.281411542,1,112
speed focus,3,1,1,4,4,0,0.752270459,0.121995,0,3859
speed focus,3,1,1,8,1,0,0.908641542,0.3618655,1,3859
speed focus,3,2,1,1,1,1,0.871828708,0.186030375,0,3859
speed focus,3,2,1,7,1,0,0.753421209,0.231306625,1,3859
speed focus,3,3,1,3,1,0,1.125409959,1.62035725,0,3859
speed focus,3,3,1,6,1,0,0.613829459,3.224649375,1,3859
speed focus,3,4,1,7,2,0,0.703492541,0.201495458,0,3859
speed focus,3,4,1,7,4,0,0.810391583,0.171949958,1,3859
speed focus,3,5,1,1,4,1,0.753672833,0.208929875,0,3859
speed focus,3,5,1,1,4,1,0.766027916,0.248084291,1,3859
speed focus,3,6,1,1,4,1,0.799773166,0.251664375,0,3859
speed focus,3,6,1,4,4,0,0.6858775,0.152630208,1,3859
speed focus,3,7,1,1,4,1,0.6626695,0.165989458,0,3859
speed focus,3,7,1,1,4,1,0.646368667,0.135235875,1,3859
speed focus,3,8,1,7,4,0,0.762587583,0.52339825,0,3859
speed focus,3,8,1,1,3,1,1.365411375,0.445773791,1,3859
speed focus,3,9,1,7,3,0,0.831237625,1.334531625,0,3859
speed focus,3,9,1,7,2,0,1.384866125,1.233177458,1,3859
speed focus,3,10,1,7,4,0,3.750502041,1.815124125,0,3859
speed focus,3,10,1,1,4,1,0.732451291,0.218260417,1,3859
speed focus,4,1,8,8,4,1,0.876383875,0.283620334,0,339
speed focus,4,1,8,8,4,1,0.582258083,0.137337958,1,339
speed focus,4,2,8,6,4,0,0.785005625,0.139375375,0,339
speed focus,4,2,8,8,4,1,0.81229275,0.393175291,1,339
speed focus,4,3,8,7,3,0,0.542426125,2.097538917,0,339
speed focus,4,3,8,7,2,0,0.69392125,1.202494042,1,339
speed focus,4,4,8,8,4,1,0.787331583,0.150816584,0,339
speed focus,4,4,8,8,3,1,0.826030875,0.296634459,1,339
speed focus,4,5,8,6,4,0,0.518267708,0.169545375,0,339
speed focus,4,5,8,8,4,1,0.654988459,0.162162375,1,339
speed focus,4,6,8,8,3,1,1.255592583,0.168994166,0,339
speed focus,4,6,8,8,4,1,0.736162292,0.169202,1,339
speed focus,4,7,8,8,4,1,0.682356958,0.152568667,0,339
speed focus,4,7,8,2,4,0,0.662783708,0.194760958,1,339
speed focus,4,8,8,8,2,1,0.789435,0.505929417,0,339
speed focus,4,8,8,8,4,1,0.7490585,0.259330833,1,339
speed focus,4,9,8,8,4,1,0.818172958,0.867321166,0,339
speed focus,4,9,8,8,4,1,0.983477042,0.5148505,1,339
speed focus,4,10,8,8,4,1,2.294563875,0.458445334,0,339
speed focus,4,10,8,8,4,1,0.724858833,0.280924167,1,339
speed focus,5,1,5,5,4,1,0.5487285,0.218144583,0,341
speed focus,5,1,5,3,1,0,1.369604708,0.425747167,1,341
speed focus,5,2,5,6,2,0,1.097872417,0.282664292,0,341
speed focus,5,2,5,5,2,1,1.119484333,0.346922417,1,341
speed focus,5,3,5,4,1,0,0.874181625,0.177808584,0,341
speed focus,5,3,5,3,4,0,0.66836925,1.12031075,1,341
speed focus,5,4,5,2,1,0,0.734923625,0.234275209,0,341
speed focus,5,4,5,3,2,0,1.097781167,0.327678875,1,341
speed focus,5,5,5,3,4,0,0.961188167,0.577430041,0,341
speed focus,5,5,5,2,4,0,0.305871542,0.061047666,1,341
speed focus,5,6,5,5,1,1,0.633908125,0.199029459,0,341
speed focus,5,6,5,3,4,0,1.105781125,1.624899167,1,341
speed focus,5,7,5,5,4,1,0.755666625,0.781740833,0,341
speed focus,5,7,5,3,4,0,0.660475708,0.170856417,1,341
speed focus,5,8,5,5,4,1,0.699979417,0.284381375,0,341
speed focus,5,8,5,5,4,1,0.698079666,0.257572959,1,341
speed focus,5,9,5,3,4,0,0.826327208,0.610295584,0,341
speed focus,5,9,5,3,3,0,0.956921167,0.586389,1,341
speed focus,5,10,5,5,4,1,0.730982375,0.347070375,0,341
speed focus,5,10,5,5,4,1,2.103384416,0.34667575,1,341
speed focus,6,1,1,5,4,0,1.031587834,0.138234333,0,7729
speed focus,6,1,1,5,2,0,0.9808005,0.505121209,1,7729
speed focus,6,2,1,1,4,1,0.812275375,0.441136833,0,7729
speed focus,6,2,1,1,1,1,0.76552275,0.169260292,1,7729
speed focus,6,3,1,5,2,0,0.767656208,1.359788083,0,7729
speed focus,6,3,1,7,1,0,0.516493166,1.338475708,1,7729
speed focus,6,4,1,1,1,1,0.772804416,0.567454042,0,7729
speed focus,6,4,1,7,2,0,0.728777125,0.507607875,1,7729
speed focus,6,5,1,4,1,0,0.622136042,0.37265525,0,7729
speed focus,6,5,1,1,4,1,0.534954542,0.463660209,1,7729
speed focus,6,6,1,1,4,1,0.838196417,0.231370625,0,7729
speed focus,6,6,1,4,1,0,1.020178167,0.169340792,1,7729
speed focus,6,7,1,1,4,1,0.617514417,0.254040875,0,7729
speed focus,6,7,1,6,3,0,1.093037042,0.213405875,1,7729
speed focus,6,8,1,6,2,0,1.33543875,0.62269275,0,7729
speed focus,6,8,1,7,4,0,0.778787958,1.212810125,1,7729
speed focus,6,9,1,3,1,0,1.139166709,0.379037709,0,7729
speed focus,6,9,1,7,2,0,0.846138459,0.626728167,1,7729
speed focus,6,10,1,1,4,1,0.797386583,0.488771334,0,7729
speed focus,6,10,1,8,4,0,0.862237667,0.297731,1,7729
speed focus,7,1,8,8,1,1,0.797050292,0.31510725,0,374
speed focus,7,1,8,8,4,1,0.649973542,0.120812834,1,374
speed focus,7,2,8,3,1,0,0.805570792,0.810054,0,374
speed focus,7,2,8,8,4,1,0.634262459,0.139543167,1,374
speed focus,7,3,8,4,4,0,0.646876,0.137892875,0,374
speed focus,7,3,8,2,3,0,0.734432416,1.291875917,1,374
speed focus,7,4,8,2,2,0,1.654507917,0.42632975,0,374
speed focus,7,4,8,2,4,0,1.051115416,0.282285958,1,374
speed focus,7,5,8,4,4,0,0.597832333,0.169525208,0,374
speed focus,7,5,8,8,4,1,0.601699334,0.190207792,1,374
speed focus,7,6,8,4,4,0,0.651117916,0.167679291,0,374
speed focus,7,6,8,4,4,0,0.734319834,0.139911167,1,374
speed focus,7,7,8,3,3,0,0.943403334,0.280818875,0,374
speed focus,7,7,8,2,4,0,0.795212917,0.191046834,1,374
speed focus,7,8,8,2,4,0,1.397242209,0.397566083,0,374
speed focus,7,8,8,8,4,1,0.660227,0.178789041,1,374
speed focus,7,9,8,8,4,1,0.843054125,0.45334425,0,374
speed focus,7,9,8,8,4,1,0.931817375,0.933575417,1,374
speed focus,7,10,8,7,4,0,1.215832,0.327503667,0,374
speed focus,7,10,8,4,4,0,1.286524417,0.298495583,1,374
speed focus,8,1,2,7,4,0,1.0369235,0.186944458,0,445
speed focus,8,1,2,8,4,0,0.798192459,0.154574166,1,445
speed focus,8,2,2,7,4,0,0.877498583,0.152636666,0,445
speed focus,8,2,2,2,4,1,0.503720583,0.089814208,1,445
speed focus,8,3,2,2,4,1,0.600676292,2.584160875,0,445
speed focus,8,3,2,2,4,1,0.642461959,1.945968375,1,445
speed focus,8,4,2,2,1,1,0.948275292,0.489932041,0,445
speed focus,8,4,2,2,3,1,1.061261208,0.375566083,1,445
speed focus,8,5,2,8,4,0,0.863506375,0.1901315,0,445
speed focus,8,5,2,6,4,0,0.712498958,0.201761625,1,445
speed focus,8,6,2,3,2,0,0.635555792,0.280304584,0,445
speed focus,8,6,2,2,4,1,0.591080333,0.135829125,1,445
speed focus,8,7,2,1,1,0,1.714781291,0.296815875,0,445
speed focus,8,7,2,2,4,1,0.682389583,0.184036417,1,445
speed focus,8,8,2,7,3,0,1.035687,0.370798917,0,445
speed focus,8,8,2,7,3,0,0.722234083,0.361341084,1,445
speed focus,8,9,2,3,1,0,1.40742475,0.922755959,0,445
speed focus,8,9,2,7,2,0,0.9581975,0.929336666,1,445
speed focus,8,10,2,7,3,0,0.689446084,1.354102459,0,445
speed focus,8,10,2,8,4,0,0.879608958,0.264869041,1,445
speed focus,9,1,3,3,4,1,0.694199959,0.154880458,0,465
speed focus,9,1,3,3,4,1,0.753995,0.135398916,1,465
speed focus,9,2,3,7,4,0,1.158804542,0.13929425,0,465
speed focus,9,2,3,4,4,0,0.688131083,0.152591834,1,465
speed focus,9,3,3,6,2,0,0.815087625,1.002065459,0,465
speed focus,9,3,3,7,2,0,0.789767833,0.744345917,1,465
speed focus,9,4,3,8,4,0,0.941076708,0.439567458,0,465
speed focus,9,4,3,2,1,0,0.830372,0.214836125,1,465
speed focus,9,5,3,7,4,0,0.794693084,0.123784083,0,465
speed focus,9,5,3,3,4,1,0.918950541,0.249143,1,465
speed focus,9,6,3,7,2,0,0.81488675,0.139132333,0,465
speed focus,9,6,3,3,4,1,0.774446333,0.202891083,1,465
speed focus,9,7,3,3,4,1,1.179682542,0.246252292,0,465
speed focus,9,7,3,3,4,1,0.777163584,0.441187292,1,465
speed focus,9,8,3,7,4,0,0.769173333,0.25780625,0,465
speed focus,9,8,3,3,2,1,1.256399833,0.41194775,1,465
speed focus,9,9,3,7,3,0,1.078314583,1.204877125,0,465
speed focus,9,9,3,7,4,0,0.72383025,0.392793084,1,465
speed focus,9,10,3,7,3,0,1.001579,1.339634458,0,465
speed focus,9,10,3,7,3,0,0.724705166,0.439897458,1,465
speed focus,10,1,3,3,1,1,0.971573916,0.682785583,0,615
speed focus,10,1,3,8,1,0,0.866624958,0.251383375,1,615
speed focus,10,2,3,4,4,0,0.825585209,0.171379,0,615
speed focus,10,2,3,3,1,1,1.058952708,0.33037625,1,615
speed focus,10,3,3,1,1,0,0.829232875,0.264958583,0,615
speed focus,10,3,3,2,1,0,0.536259958,1.551199709,1,615
speed focus,10,4,3,2,1,0,0.901224416,0.200505125,0,615
speed focus,10,4,3,2,1,0,0.894338459,0.214638958,1,615
speed focus,10,5,3,3,4,1,0.701921041,0.256857708,0,615
speed focus,10,5,3,3,4,1,0.725616875,0.243279167,1,615
speed focus,10,6,3,7,4,0,0.718840708,0.123019208,0,615
speed focus,10,6,3,3,4,1,0.904854333,0.13594975,1,615
speed focus,10,7,3,3,4,1,0.855755208,0.16517175,0,615
speed focus,10,7,3,1,1,0,1.13650225,0.258948792,1,615
speed focus,10,8,3,8,4,0,0.575763709,0.378381375,0,615
speed focus,10,8,3,7,2,0,1.055194083,0.331121458,1,615
speed focus,10,9,3,7,2,0,0.964234708,0.926662667,0,615
speed focus,10,9,3,3,2,1,1.045640542,0.759334916,1,615
speed focus,10,10,3,8,2,0,1.319152416,1.017737209,0,615
speed focus,10,10,3,7,4,0,1.10164025,0.328755542,1,615
speed focus,11,1,4,6,2,0,1.091677541,0.314994291,0,839
speed focus,11,1,4,8,2,0,0.689302208,0.457921583,1,839
speed focus,11,2,4,4,1,1,1.120729542,0.26473325,0,839
speed focus,11,2,4,6,4,0,0.945074042,0.106767542,1,839
speed focus,11,3,4,4,3,1,1.106590666,1.600555084,0,839
speed focus,11,3,4,3,1,0,0.695507666,1.312029125,1,839
speed focus,11,4,4,2,3,0,0.465646708,0.312675333,0,839
speed focus,11,4,4,4,2,1,0.974442542,0.344586292,1,839
speed focus,11,5,4,6,4,0,0.541557958,0.137625709,0,839
speed focus,11,5,4,4,4,1,0.613623916,0.175727792,1,839
speed focus,11,6,4,4,4,1,0.777046791,0.168944083,0,839
speed focus,11,6,4,4,4,1,0.991548042,0.15638525,1,839
speed focus,11,7,4,4,4,1,0.719714041,0.331809834,0,839
speed focus,11,7,4,4,4,1,0.62210125,0.17796575,1,839
speed focus,11,8,4,4,4,1,1.259002417,0.39702975,0,839
speed focus,11,8,4,4,3,1,1.206258542,0.184279125,1,839
speed focus,11,9,4,4,3,1,1.050518125,0.800418042,0,839
speed focus,11,9,4,4,1,1,1.075663167,1.032689125,1,839
speed focus,11,10,4,4,4,1,2.041517083,0.344309334,0,839
speed focus,11,10,4,8,4,0,0.880544333,0.360284,1,839
speed focus,12,1,6,6,2,1,1.100270292,0.444758542,0,953
speed focus,12,1,6,3,1,0,0.800289792,0.264185625,1,953
speed focus,12,2,6,6,4,1,0.946356917,0.119524959,0,953
speed focus,12,2,6,5,4,0,0.8763805,0.152330167,1,953
speed focus,12,3,6,3,1,0,1.100640333,0.297034625,0,953
speed focus,12,3,6,4,4,0,0.661519167,1.2264755,1,953
speed focus,12,4,6,6,3,1,0.691585833,0.267724083,0,953
speed focus,12,4,6,5,2,0,0.738920625,0.218933291,1,953
speed focus,12,5,6,8,4,0,0.921008625,0.169849625,0,953
speed focus,12,5,6,4,4,0,0.554962959,0.197335458,1,953
speed focus,12,6,6,2,4,0,0.8747,0.267867125,0,953
speed focus,12,6,6,5,4,0,0.902827167,0.139435833,1,953
speed focus,12,7,6,2,2,0,1.955091541,0.257273958,0,953
speed focus,12,7,6,1,1,0,0.875899792,0.192619041,1,953
speed focus,12,8,6,4,4,0,1.799039625,0.218081667,0,953
speed focus,12,8,6,7,2,0,1.388833333,0.38589625,1,953
speed focus,12,9,6,5,1,0,1.390135959,0.867065792,0,953
speed focus,12,9,6,4,1,0,1.12019525,0.855032416,1,953
speed focus,12,10,6,4,4,0,1.173956625,0.360472292,0,953
speed focus,12,10,6,5,3,0,1.496585291,0.298651542,1,953
speed focus,13,1,1,5,1,0,0.829559209,0.249275625,0,957
speed focus,13,1,1,3,4,0,0.739128875,0.1055785,1,957
speed focus,13,2,1,1,1,1,0.888864667,0.202941333,0,957
speed focus,13,2,1,1,1,1,0.887217041,0.202667,1,957
speed focus,13,3,1,3,2,0,0.763478875,0.131251083,0,957
speed focus,13,3,1,2,1,0,0.730768958,1.341282542,1,957
speed focus,13,4,1,2,1,0,1.078062958,0.187378459,0,957
speed focus,13,4,1,2,4,0,0.692825042,0.266619208,1,957
speed focus,13,5,1,1,4,1,0.661737375,0.244619959,0,957
speed focus,13,5,1,1,4,1,0.586421667,0.19836,1,957
speed focus,13,6,1,1,4,1,0.713539666,0.247915125,0,957
speed focus,13,6,1,4,1,0,1.355309625,0.199471,1,957
speed focus,13,7,1,1,4,1,0.895810708,0.234030125,0,957
speed focus,13,7,1,1,1,1,0.614717416,0.571470917,1,957
speed focus,13,8,1,1,2,1,1.062453333,0.324330458,0,957
speed focus,13,8,1,5,3,0,1.191422958,0.384423584,1,957
speed focus,13,9,1,1,1,1,2.323719334,0.472160833,0,957
speed focus,13,9,1,3,4,0,0.984574083,0.428273541,1,957
speed focus,13,10,1,1,3,1,1.036818375,0.934851833,0,957
speed focus,13,10,1,1,4,1,0.813218875,0.235866625,1,957
speed focus,14,1,1,1,4,1,0.651319625,0.089354917,0,9349
speed focus,14,1,1,8,4,0,0.962521375,0.151860667,1,9349
speed focus,14,2,1,1,1,1,0.638569084,0.185595792,0,9349
speed focus,14,2,1,1,1,1,0.742694666,0.250887333,1,9349
speed focus,14,3,1,5,3,0,0.667597458,1.255971625,0,9349
speed focus,14,3,1,3,1,0,0.701065625,1.131661916,1,9349
speed focus,14,4,1,1,4,1,0.830592666,0.281254333,0,9349
speed focus,14,4,1,7,1,0,0.564846458,0.843959,1,9349
speed focus,14,5,1,1,4,1,0.83645825,0.14387325,0,9349
speed focus,14,5,1,1,4,1,0.572957291,0.134695625,1,9349
speed focus,14,6,1,1,4,1,0.819987,0.202302083,0,9349
speed focus,14,6,1,5,4,0,0.79399025,0.139394375,1,9349
speed focus,14,7,1,1,4,1,0.526216,0.178562,0,9349
speed focus,14,7,1,1,4,1,0.681717417,0.206264834,1,9349
speed focus,14,8,1,7,2,0,0.939493875,0.405029,0,9349
speed focus,14,8,1,4,3,0,1.225220625,0.251578125,1,9349
speed focus,14,9,1,1,3,1,1.15959725,0.806073833,0,9349
speed focus,14,9,1,8,1,0,1.332870708,1.245572875,1,9349
speed focus,14,10,1,1,4,1,0.640961458,0.23459925,0,9349
speed focus,14,10,1,7,1,0,2.181872708,1.289960417,1,9349
speed focus,15,1,2,2,4,1,0.551689584,0.167321792,0,1050
speed focus,15,1,2,2,4,1,0.688186375,0.122035625,1,1050
speed focus,15,2,2,8,4,0,0.930561,0.155644875,0,1050
speed focus,15,2,2,2,4,1,0.712724542,0.218518083,1,1050
speed focus,15,3,2,2,4,1,0.5357235,3.351792166,0,1050
speed focus,15,3,2,2,1,1,0.555082875,1.314810042,1,1050
speed focus,15,4,2,2,1,1,0.80108825,0.440791417,0,1050
speed focus,15,4,2,2,1,1,0.612463875,1.016115417,1,1050
speed focus,15,5,2,2,4,1,0.540199875,0.203800292,0,1050
speed focus,15,5,2,2,4,1,0.517338166,0.237982875,1,1050
speed focus,15,6,2,2,4,1,0.536770125,0.152744375,0,1050
speed focus,15,6,2,2,4,1,0.61807825,0.843100792,1,1050
speed focus,15,7,2,2,4,1,0.911899917,0.29688425,0,1050
speed focus,15,7,2,2,4,1,0.865544042,1.206136958,1,1050
speed focus,15,8,2,2,4,1,0.631050666,0.257896,0,1050
speed focus,15,8,2,2,4,1,0.655484667,0.438334583,1,1050
speed focus,15,9,2,2,4,1,0.757550417,0.258466666,0,1050
speed focus,15,9,2,2,4,1,0.843180167,0.687183042,1,1050
speed focus,15,10,2,2,4,1,0.707730667,0.235086834,0,1050
speed focus,15,10,2,7,4,0,0.77227525,0.234901,1,1050
speed focus,16,1,2,2,2,1,0.752184875,0.522595708,0,1051
speed focus,16,1,2,1,1,0,1.416690041,1.24001175,1,1051
speed focus,16,2,2,8,1,0,0.832818375,0.172483792,0,1051
speed focus,16,2,2,6,4,0,1.040913875,0.169251042,1,1051
speed focus,16,3,2,4,1,0,0.601358458,0.781048542,0,1051
speed focus,16,3,2,2,1,1,0.5224245,1.193483417,1,1051
speed focus,16,4,2,2,1,1,0.588212958,0.393057375,0,1051
speed focus,16,4,2,2,3,1,0.655069209,0.409108084,1,1051
speed focus,16,5,2,1,4,0,1.067433,0.225642542,0,1051
speed focus,16,5,2,2,4,1,0.51872425,0.154735042,1,1051
speed focus,16,6,2,8,1,0,1.152571541,0.24956075,0,1051
speed focus,16,6,2,2,4,1,0.876419459,0.314533625,1,1051
speed focus,16,7,2,1,1,0,1.248414416,0.233159459,0,1051
speed focus,16,7,2,1,1,0,0.805532166,0.277486833,1,1051
speed focus,16,8,2,2,3,1,0.832885834,0.530643667,0,1051
speed focus,16,8,2,2,2,1,0.764476542,0.374367083,1,1051
speed focus,16,9,2,7,1,0,1.291429417,0.578547125,0,1051
speed focus,16,9,2,2,3,1,1.212667375,0.904004958,1,1051
speed focus,16,10,2,2,4,1,0.796556083,0.488701625,0,1051
speed focus,16,10,2,2,4,1,1.077351084,0.248616667,1,1051
speed focus,17,1,2,8,4,0,0.792227125,0.202367458,0,1057
speed focus,17,1,2,8,2,0,0.752311042,0.582497666,1,1057
speed focus,17,2,2,1,1,0,1.152451292,0.264047458,0,1057
speed focus,17,2,2,1,4,0,0.804217,0.313845458,1,1057
speed focus,17,3,2,5,4,0,0.988767667,0.131450042,0,1057
speed focus,17,3,2,3,1,0,0.707531375,1.313099167,1,1057
speed focus,17,4,2,3,1,0,1.008154208,0.217446542,0,1057
speed focus,17,4,2,7,1,0,0.898052833,0.5722015,1,1057
speed focus,17,5,2,2,4,1,0.935828042,0.218222125,0,1057
speed focus,17,5,2,3,4,0,0.515563375,0.130720125,1,1057
speed focus,17,6,2,4,4,0,0.873250625,0.18551025,0,1057
speed focus,17,6,2,2,3,1,1.246213208,0.426121625,1,1057
speed focus,17,7,2,2,2,1,0.736186542,0.200964583,0,1057
speed focus,17,7,2,2,4,1,0.89558025,0.171452375,1,1057
speed focus,17,8,2,8,4,0,0.84438325,0.239659958,0,1057
speed focus,17,8,2,8,4,0,0.849310458,0.853285125,1,1057
speed focus,17,9,2,6,3,0,1.345176417,2.735352792,0,1057
speed focus,17,9,2,6,3,0,1.3112455,0.479019292,1,1057
speed focus,17,10,2,2,4,1,0.969211166,0.36087125,0,1057
speed focus,17,10,2,8,3,0,1.184919708,0.168907625,1,1057
speed focus,18,1,3,8,2,0,1.094262333,1.242142333,0,1115
speed focus,18,1,3,8,4,0,0.58919625,0.138201167,1,1115
speed focus,18,2,3,8,4,0,0.746297458,0.443809625,0,1115
speed focus,18,2,3,8,4,0,0.620660583,0.123152125,1,1115
speed focus,18,3,3,4,3,0,0.913721334,0.831232334,0,1115
speed focus,18,3,3,7,4,0,0.747755708,1.352780958,1,1115
speed focus,18,4,3,8,1,0,0.809216958,0.312045916,0,1115
speed focus,18,4,3,8,4,0,0.819225708,0.391709333,1,1115
speed focus,18,5,3,7,4,0,0.886057042,0.289357416,0,1115
speed focus,18,5,3,8,4,0,0.6273345,0.164098042,1,1115
speed focus,18,6,3,3,4,1,0.984003,0.202042916,0,1115
speed focus,18,6,3,8,4,0,0.739445708,0.650648083,1,1115
speed focus,18,7,3,8,4,0,0.97247225,0.143920625,0,1115
speed focus,18,7,3,3,4,1,0.862845792,0.445972333,1,1115
speed focus,18,8,3,8,4,0,0.598543917,0.418759541,0,1115
speed focus,18,8,3,3,2,1,0.815104333,0.325727917,1,1115
speed focus,18,9,3,8,4,0,1.016220208,1.347207542,0,1115
speed focus,18,9,3,8,4,0,0.887311708,0.400438375,1,1115
speed focus,18,10,3,8,4,0,0.911031459,0.570421792,0,1115
speed focus,18,10,3,3,4,1,1.143089625,1.015659708,1,1115
speed focus,19,1,4,8,3,0,1.19004675,0.922930833,0,1264
speed focus,19,1,4,8,4,0,0.699375458,0.121907292,1,1264
speed focus,19,2,4,4,4,1,0.619163125,0.152471917,0,1264
speed focus,19,2,4,4,4,1,0.443569875,0.155783833,1,1264
speed focus,19,3,4,4,4,1,0.648370208,0.126908042,0,1264
speed focus,19,3,4,3,3,0,0.601720709,1.629417042,1,1264
speed focus,19,4,4,4,2,1,0.985259375,0.200792334,0,1264
speed focus,19,4,4,8,3,0,0.7671455,0.619404667,1,1264
speed focus,19,5,4,7,4,0,0.7469115,0.422141958,0,1264
speed focus,19,5,4,8,4,0,0.798442041,0.155446291,1,1264
speed focus,19,6,4,4,4,1,0.674526,0.155940792,0,1264
speed focus,19,6,4,4,4,1,0.631765458,0.155907708,1,1264
speed focus,19,7,4,5,4,0,0.59678525,0.32168675,0,1264
speed focus,19,7,4,4,4,1,0.584065334,0.171648917,1,1264
speed focus,19,8,4,4,4,1,0.853660583,0.23135175,0,1264
speed focus,19,8,4,4,3,1,0.69973475,0.211182375,1,1264
speed focus,19,9,4,8,3,0,1.100446291,1.930645958,0,1264
speed focus,19,9,4,4,2,1,1.190432708,0.800924916,1,1264
speed focus,19,10,4,4,4,1,1.067486917,0.890675334,0,1264
speed focus,19,10,4,3,4,0,0.298119125,0.797239083,1,1264
speed focus,20,1,4,4,4,1,0.636000375,0.108016667,0,1510
speed focus,20,1,4,4,4,1,0.813698416,0.104658125,1,1510
speed focus,20,2,4,4,4,1,0.579389792,0.153209084,0,1510
speed focus,20,2,4,4,4,1,0.621766084,0.155945042,1,1510
speed focus,20,3,4,4,1,1,0.799410083,0.755553708,0,1510
speed focus,20,3,4,4,4,1,0.588370625,3.296426167,1,1510
speed focus,20,4,4,3,2,0,0.793203958,0.330817708,0,1510
speed focus,20,4,4,7,1,0,0.588387084,0.277972416,1,1510
speed focus,20,5,4,3,4,0,0.717145166,0.569655334,0,1510
speed focus,20,5,4,3,1,0,0.848466125,0.630211083,1,1510
speed focus,20,6,4,4,4,1,0.79469475,0.139506125,0,1510
speed focus,20,6,4,4,4,1,0.658480792,0.135930417,1,1510
speed focus,20,7,4,3,2,0,0.933934583,0.8538085,0,1510
speed focus,20,7,4,4,4,1,0.863905084,0.151232666,1,1510
speed focus,20,8,4,4,4,1,1.245392708,0.298155583,0,1510
speed focus,20,8,4,4,4,1,1.105454083,0.504784209,1,1510
speed focus,20,9,4,7,2,0,1.194055,4.976827584,0,1510
speed focus,20,9,4,4,4,1,0.807296083,0.218821417,1,1510
speed focus,20,10,4,3,1,0,1.578182208,1.897604625,0,1510
speed focus,20,10,4,4,4,1,1.074928333,0.234706708,1,1510
speed focus,21,1,1,5,2,0,0.726919375,0.248618292,0,1528
speed focus,21,1,1,5,4,0,0.649938667,0.1385425,1,1528
speed focus,21,2,1,8,4,0,0.721137458,0.152422917,0,1528
speed focus,21,2,1,7,4,0,0.685497,0.251221,1,1528
speed focus,21,3,1,2,4,0,0.70611925,1.047200125,0,1528
speed focus,21,3,1,6,1,0,0.582495791,1.340067208,1,1528
speed focus,21,4,1,5,4,0,1.012726917,0.18768275,0,1528
speed focus,21,4,1,8,2,0,0.855656708,0.314473458,1,1528
speed focus,21,5,1,5,4,0,0.876494958,0.316711542,0,1528
speed focus,21,5,1,6,3,0,0.731967,0.224328292,1,1528
speed focus,21,6,1,3,4,0,0.706395208,0.186128208,0,1528
speed focus,21,6,1,8,3,0,0.897934708,0.168695583,1,1528
speed focus,21,7,1,5,4,0,0.67573325,0.642652834,0,1528
speed focus,21,7,1,8,4,0,0.816032375,0.1914955,1,1528
speed focus,21,8,1,5,2,0,1.385940584,0.251248125,0,1528
speed focus,21,8,1,5,2,0,1.336270417,0.412359041,1,1528
speed focus,21,9,1,6,3,0,1.305416709,0.875550792,0,1528
speed focus,21,9,1,3,4,0,1.149866041,0.345725125,1,1528
speed focus,21,10,1,6,4,0,1.063404125,0.215227792,0,1528
speed focus,21,10,1,1,1,1,5.863772708,1.223653417,1,1528
speed focus,22,1,8,5,2,0,0.896889583,0.538902875,0,1531
speed focus,22,1,8,5,2,0,1.470386125,0.278592875,1,1531
speed focus,22,2,8,1,2,0,0.911099209,0.523024291,0,1531
speed focus,22,2,8,7,1,0,0.760025084,0.426121417,1,1531
speed focus,22,3,8,7,2,0,1.134711875,0.14405825,0,1531
speed focus,22,3,8,7,2,0,0.509226209,1.133191167,1,1531
speed focus,22,4,8,7,2,0,0.885162834,0.3475925,0,1531
speed focus,22,4,8,2,3,0,0.783852334,0.249733666,1,1531
speed focus,22,5,8,3,4,0,0.7240065,0.137016416,0,1531
speed focus,22,5,8,8,4,1,0.618530667,0.258928917,1,1531
speed focus,22,6,8,7,4,0,0.645501666,0.156038458,0,1531
speed focus,22,6,8,8,4,1,1.017872708,0.216077875,1,1531
speed focus,22,7,8,8,4,1,0.802089167,0.145447042,0,1531
speed focus,22,7,8,1,1,0,0.771648792,1.268295542,1,1531
speed focus,22,8,8,7,3,0,0.932165042,0.439143041,0,1531
speed focus,22,8,8,7,2,0,0.670536625,0.25169,1,1531
speed focus,22,9,8,3,2,0,1.27286975,0.967820042,0,1531
speed focus,22,9,8,7,2,0,2.228092208,2.011969375,1,1531
speed focus,22,10,8,7,4,0,1.398049083,0.617883584,0,1531
speed focus,22,10,8,7,4,0,0.774921458,0.360751875,1,1531
speed focus,23,1,6,6,4,1,1.142509875,0.184564583,0,1580
speed focus,23,1,6,6,4,1,1.104540458,0.554161125,1,1580
speed focus,23,2,6,6,4,1,0.993478667,0.152787417,0,1580
speed focus,23,2,6,6,4,1,0.6875845,0.172105292,1,1580
speed focus,23,3,6,2,2,0,0.308621458,1.335815875,0,1580
speed focus,23,3,6,6,1,1,0.70295225,1.188789583,1,1580
speed focus,23,4,6,6,2,1,0.812232834,0.361603333,0,1580
speed focus,23,4,6,8,3,0,0.746670541,0.652095375,1,1580
speed focus,23,5,6,7,4,0,0.58873375,0.143447833,0,1580
speed focus,23,5,6,7,4,0,0.711278459,0.173308292,1,1580
speed focus,23,6,6,7,4,0,0.701278333,0.34654025,0,1580
speed focus,23,6,6,6,4,1,1.248938417,0.103259959,1,1580
speed focus,23,7,6,6,4,1,1.898439666,0.193780583,0,1580
speed focus,23,7,6,5,4,0,0.578586875,0.117349375,1,1580
speed focus,23,8,6,6,4,1,0.97512575,0.19092075,0,1580
speed focus,23,8,6,6,4,1,0.916527,0.339296041,1,1580
speed focus,23,9,6,6,3,1,1.398133042,0.517804041,0,1580
speed focus,23,9,6,6,3,1,1.259286916,1.297686084,1,1580
speed focus,23,10,6,8,3,0,2.856290708,0.586131833,0,1580
speed focus,23,10,6,8,4,0,0.629760792,0.248027042,1,1580
speed focus,24,1,4,4,4,1,0.950178083,0.120857166,0,1768
speed focus,24,1,4,4,2,1,0.816948167,0.85601825,1,1768
speed focus,24,2,4,4,4,1,0.963828541,0.235133375,0,1768
speed focus,24,2,4,4,4,1,0.677432375,0.156159958,1,1768
speed focus,24,3,4,3,1,0,0.664500209,3.930877584,0,1768
speed focus,24,3,4,4,4,1,0.307288041,1.463612,1,1768
speed focus,24,4,4,5,2,0,0.838837917,0.315092083,0,1768
speed focus,24,4,4,4,2,1,0.78528875,0.3610575,1,1768
speed focus,24,5,4,4,1,1,0.689224625,0.199768625,0,1768
speed focus,24,5,4,4,4,1,0.567913916,0.297927417,1,1768
speed focus,24,6,4,4,4,1,0.768481167,0.153019959,0,1768
speed focus,24,6,4,4,4,1,0.68307525,0.122843334,1,1768
speed focus,24,7,4,3,4,0,1.113295792,0.306644083,0,1768
speed focus,24,7,4,4,4,1,0.711499917,0.150813,1,1768
speed focus,24,8,4,4,3,1,1.91823475,0.383823042,0,1768
speed focus,24,8,4,4,4,1,0.596019333,0.198095542,1,1768
speed focus,24,9,4,4,3,1,0.85733325,0.589399542,0,1768
speed focus,24,9,4,3,2,0,1.141726667,1.049939042,1,1768
speed focus,24,10,4,4,4,1,1.1841975,0.505110833,0,1768
speed focus,24,10,4,4,4,1,0.8496155,0.554543875,1,1768
speed focus,25,1,8,8,4,1,0.856121667,0.1881415,0,1894
speed focus,25,1,8,8,4,1,0.729388833,0.155176792,1,1894
speed focus,25,2,8,8,4,1,0.674491125,0.169032833,0,1894
speed focus,25,2,8,7,1,0,0.596497542,0.441979792,1,1894
speed focus,25,3,8,8,4,1,0.768656291,0.984841583,0,1894
speed focus,25,3,8,8,4,1,0.595406875,1.185507959,1,1894
speed focus,25,4,8,8,1,1,1.054580958,0.296964583,0,1894
speed focus,25,4,8,8,2,1,0.789593125,0.264715166,1,1894
speed focus,25,5,8,8,4,1,0.708249625,0.203941,0,1894
speed focus,25,5,8,8,4,1,0.628009667,0.169183042,1,1894
speed focus,25,6,8,8,4,1,0.68931425,1.289478792,0,1894
speed focus,25,6,8,8,4,1,0.581939292,0.139331875,1,1894
speed focus,25,7,8,8,4,1,0.703557334,0.124954333,0,1894
speed focus,25,7,8,3,4,0,0.795811209,0.191240041,1,1894
speed focus,25,8,8,8,4,1,0.723534,0.204753375,0,1894
speed focus,25,8,8,8,4,1,0.564897959,0.137366333,1,1894
speed focus,25,9,8,8,4,1,0.769629875,0.5200865,0,1894
speed focus,25,9,8,8,4,1,0.983955583,0.541570875,1,1894
speed focus,25,10,8,8,4,1,1.238095125,0.604196084,0,1894
speed focus,25,10,8,8,4,1,0.681423208,0.297624333,1,1894
speed focus,26,1,8,8,4,1,0.689602875,0.16791025,0,1961
speed focus,26,1,8,8,3,1,0.6159925,0.22014775,1,1961
speed focus,26,2,8,8,4,1,0.789211834,0.202033375,0,1961
speed focus,26,2,8,5,4,0,0.612549583,0.377618083,1,1961
speed focus,26,3,8,8,4,1,0.721356417,0.144862375,0,1961
speed focus,26,3,8,7,2,0,0.666900916,1.238994792,1,1961
speed focus,26,4,8,6,3,0,0.618284375,0.523620583,0,1961
speed focus,26,4,8,8,4,1,0.915590292,0.284119166,1,1961
speed focus,26,5,8,8,4,1,0.853127792,0.199402959,0,1961
speed focus,26,5,8,6,4,0,0.552927291,0.223091833,1,1961
speed focus,26,6,8,8,4,1,0.749637834,0.123062417,0,1961
speed focus,26,6,8,8,4,1,0.586281667,0.156062042,1,1961
speed focus,26,7,8,8,4,1,0.674958667,0.602122083,0,1961
speed focus,26,7,8,8,4,1,0.678230666,0.157870333,1,1961
speed focus,26,8,8,8,4,1,0.742873667,0.373351416,0,1961
speed focus,26,8,8,8,4,1,1.5545435,0.184541917,1,1961
speed focus,26,9,8,8,3,1,0.887477,0.760402625,0,1961
speed focus,26,9,8,8,4,1,0.849485084,0.499346583,1,1961
speed focus,26,10,8,8,4,1,0.977466917,0.696812834,0,1961
speed focus,26,10,8,8,4,1,0.734736,0.363749584,1,1961
speed focus,27,1,5,3,4,0,0.589418041,0.137846292,0,2036
speed focus,27,1,5,3,2,0,0.870418709,0.185491125,1,2036
speed focus,27,2,5,3,4,0,0.789694542,0.138643541,0,2036
speed focus,27,2,5,5,4,1,0.627800167,0.13922525,1,2036
speed focus,27,3,5,3,1,0,0.609524917,1.447612625,0,2036
speed focus,27,3,5,3,4,0,0.607901333,1.041763083,1,2036
speed focus,27,4,5,3,4,0,0.898891875,0.202966375,0,2036
speed focus,27,4,5,3,4,0,0.82222725,0.248237167,1,2036
speed focus,27,5,5,3,4,0,0.859978833,0.237339959,0,2036
speed focus,27,5,5,2,4,0,1.115830167,0.463898125,1,2036
speed focus,27,6,5,5,1,1,0.718151167,0.36332725,0,2036
speed focus,27,6,5,5,4,1,1.202927291,0.215586458,1,2036
speed focus,27,7,5,3,4,0,0.8283655,0.161118291,0,2036
speed focus,27,7,5,3,4,0,0.701463209,0.151098459,1,2036
speed focus,27,8,5,3,4,0,0.671034584,0.218207584,0,2036
speed focus,27,8,5,3,2,0,0.684772667,0.3485855,1,2036
speed focus,27,9,5,3,4,0,0.683232083,0.345287416,0,2036
speed focus,27,9,5,3,4,0,0.624398625,0.238113708,1,2036
speed focus,27,10,5,3,4,0,1.473808375,0.439385791,0,2036
speed focus,27,10,5,3,4,0,1.366407792,0.169803667,1,2036
speed focus,28,1,7,7,4,1,0.658594,0.15304375,0,2116
speed focus,28,1,7,8,2,0,0.860109459,0.3624605,1,2116
speed focus,28,2,7,6,4,0,0.941018041,0.426199625,0,2116
speed focus,28,2,7,7,4,1,0.766119334,0.17207025,1,2116
speed focus,28,3,7,4,4,0,0.308705792,1.46921925,0,2116
speed focus,28,3,7,7,1,1,0.629596375,1.259456667,1,2116
speed focus,28,4,7,7,2,1,0.781332083,0.169843291,0,2116
speed focus,28,4,7,2,1,0,0.573424459,0.505744959,1,2116
speed focus,28,5,7,7,4,1,1.000756166,0.130004125,0,2116
speed focus,28,5,7,8,4,0,0.758368667,0.354049583,1,2116
speed focus,28,6,7,7,4,1,0.733885792,0.106501125,0,2116
speed focus,28,6,7,7,4,1,0.797484542,0.185520084,1,2116
speed focus,28,7,7,6,2,0,0.956220083,0.66101,0,2116
speed focus,28,7,7,8,4,0,0.668162292,0.152326208,1,2116
speed focus,28,8,7,7,4,1,0.847393209,0.369255,0,2116
speed focus,28,8,7,7,4,1,0.594559458,0.239744833,1,2116
speed focus,28,9,7,7,4,1,0.730277792,0.427988042,0,2116
speed focus,28,9,7,7,3,1,0.950002291,0.68881275,1,2116
speed focus,28,10,7,7,4,1,1.117049416,0.297378583,0,2116
speed focus,28,10,7,7,4,1,0.642660125,0.235813,1,2116
speed focus,29,1,4,7,2,0,1.073174875,0.698067667,0,2207
speed focus,29,1,4,5,4,0,1.17048125,0.24974675,1,2207
speed focus,29,2,4,4,4,1,0.855713083,0.152854791,0,2207
speed focus,29,2,4,4,4,1,0.749987375,0.136232083,1,2207
speed focus,29,3,4,4,4,1,0.87868375,1.274989167,0,2207
speed focus,29,3,4,6,1,0,0.682074583,1.1268205,1,2207
speed focus,29,4,4,2,1,0,0.877739791,0.204170584,0,2207
speed focus,29,4,4,3,1,0,0.636491917,0.808409917,1,2207
speed focus,29,5,4,1,4,0,0.648099458,0.203754084,0,2207
speed focus,29,5,4,3,4,0,0.61424975,0.285473,1,2207
speed focus,29,6,4,5,4,0,0.746615708,0.4429725,0,2207
speed focus,29,6,4,4,4,1,0.653078541,0.139309667,1,2207
speed focus,29,7,4,1,4,0,0.604367042,0.200252833,0,2207
speed focus,29,7,4,5,4,0,0.541856333,1.713870708,1,2207
speed focus,29,8,4,2,3,0,0.860338292,0.430924917,0,2207
speed focus,29,8,4,4,4,1,0.840453833,0.232536417,1,2207
speed focus,29,9,4,4,4,1,0.844388875,0.380166541,0,2207
speed focus,29,9,4,7,2,0,0.952077292,1.227618291,1,2207
speed focus,29,10,4,4,4,1,1.201736667,0.37684325,0,2207
speed focus,29,10,4,8,3,0,0.851772125,0.28184475,1,2207
speed focus,30,1,7,7,4,1,0.546616125,0.218111875,0,2373
speed focus,30,1,7,7,4,1,1.090343125,0.391056042,1,2373
speed focus,30,2,7,7,4,1,0.797476875,0.152300667,0,2373
speed focus,30,2,7,7,4,1,0.981384083,0.168949875,1,2373
speed focus,30,3,7,7,2,1,0.674902083,0.822883625,0,2373
speed focus,30,3,7,5,3,0,0.654078209,1.471389792,1,2373
speed focus,30,4,7,2,3,0,0.5430635,0.411170458,0,2373
speed focus,30,4,7,7,1,1,0.539288083,0.599796417,1,2373
speed focus,30,5,7,8,4,0,0.647322375,0.4506225,0,2373
speed focus,30,5,7,7,4,1,0.508721,0.177182583,1,2373
speed focus,30,6,7,7,4,1,0.622724541,0.186928666,0,2373
speed focus,30,6,7,7,4,1,0.744375084,0.136055792,1,2373
speed focus,30,7,7,7,4,1,0.902961959,0.16159775,0,2373
speed focus,30,7,7,7,4,1,0.561686375,0.13130975,1,2373
speed focus,30,8,7,7,4,1,0.628613125,0.364090292,0,2373
speed focus,30,8,7,7,3,1,0.542521833,0.27824625,1,2373
speed focus,30,9,7,7,4,1,0.723425417,0.807829625,0,2373
speed focus,30,9,7,7,4,1,0.795858125,0.59848775,1,2373
speed focus,30,10,7,7,4,1,0.8681365,0.331483875,0,2373
speed focus,30,10,7,7,4,1,0.75994175,0.235335708,1,2373
speed focus,31,1,8,8,4,1,0.811985458,0.295114833,0,2424
speed focus,31,1,8,8,4,1,0.671864584,0.138686667,1,2424
speed focus,31,2,8,4,4,0,0.862319541,0.201847042,0,2424
speed focus,31,2,8,8,4,1,0.622329334,0.136131208,1,2424
speed focus,31,3,8,8,4,1,0.790485042,0.104491083,0,2424
speed focus,31,3,8,7,1,0,0.615063166,1.472264125,1,2424
speed focus,31,4,8,8,4,1,0.538620959,0.361189042,0,2424
speed focus,31,4,8,8,2,1,1.009570958,1.867943416,1,2424
speed focus,31,5,8,8,4,1,0.642496667,0.141675208,0,2424
speed focus,31,5,8,6,4,0,0.675070666,0.1242785,1,2424
speed focus,31,6,8,8,2,1,0.694922166,0.251115209,0,2424
speed focus,31,6,8,8,4,1,0.706000166,0.135558625,1,2424
speed focus,31,7,8,8,4,1,0.888450083,0.198906208,0,2424
speed focus,31,7,8,8,4,1,0.702419125,0.144055834,1,2424
speed focus,31,8,8,8,4,1,0.568376417,0.324891625,0,2424
speed focus,31,8,8,8,3,1,0.663070042,0.388959459,1,2424
speed focus,31,9,8,8,4,1,0.710577583,0.626057375,0,2424
speed focus,31,9,8,8,4,1,0.70224825,0.219116542,1,2424
speed focus,31,10,8,8,4,1,0.735765958,0.343708416,0,2424
speed focus,31,10,8,8,4,1,0.800660125,0.50539425,1,2424
speed focus,32,1,1,4,4,0,0.880800458,0.121724625,0,8741
speed focus,32,1,1,5,4,0,0.961490125,0.172237375,1,8741
speed focus,32,2,1,1,1,1,0.858782292,0.15542175,0,8741
speed focus,32,2,1,7,4,0,0.667021167,0.139299833,1,8741
speed focus,32,3,1,6,1,0,1.218190625,0.323330458,0,8741
speed focus,32,3,1,7,2,0,0.861109583,1.29995275,1,8741
speed focus,32,4,1,1,2,1,1.026701542,0.330530709,0,8741
speed focus,32,4,1,2,1,0,0.774510042,0.235304166,1,8741
speed focus,32,5,1,1,4,1,0.517837667,0.197006708,0,8741
speed focus,32,5,1,8,4,0,0.428031083,0.396695667,1,8741
speed focus,32,6,1,1,4,1,0.657828834,0.268024833,0,8741
speed focus,32,6,1,4,4,0,0.850124333,0.185312542,1,8741
speed focus,32,7,1,1,4,1,0.839688792,0.275618958,0,8741
speed focus,32,7,1,1,4,1,0.66810425,0.164617417,1,8741
speed focus,32,8,1,7,2,0,1.156315875,0.244794042,0,8741
speed focus,32,8,1,7,2,0,0.961615333,0.484118417,1,8741
speed focus,32,9,1,7,2,0,1.773268333,1.444320834,0,8741
speed focus,32,9,1,1,3,1,1.232242666,0.452684125,1,8741
speed focus,32,10,1,6,4,0,1.617552542,0.535989084,0,8741
speed focus,32,10,1,8,4,0,0.722411792,0.248277292,1,8741
speed focus,33,1,3,3,4,1,1.07643425,0.201667542,0,2535
speed focus,33,1,3,3,4,1,0.759130084,0.105891667,1,2535
speed focus,33,2,3,3,4,1,0.889979625,0.106431459,0,2535
speed focus,33,2,3,5,1,0,0.779626333,0.329974584,1,2535
speed focus,33,3,3,2,2,0,0.738978167,1.003299,0,2535
speed focus,33,3,3,2,3,0,0.620594833,1.366887958,1,2535
speed focus,33,4,3,3,3,1,1.13381975,0.187726709,0,2535
speed focus,33,4,3,2,1,0,0.900177875,0.31488125,1,2535
speed focus,33,5,3,7,4,0,0.945784792,0.310114708,0,2535
speed focus,33,5,3,3,4,1,0.503251667,0.529165416,1,2535
speed focus,33,6,3,5,4,0,1.588949917,0.20204575,0,2535
speed focus,33,6,3,3,3,1,0.670877375,0.137438708,1,2535
speed focus,33,7,3,3,4,1,0.757925792,1.025592417,0,2535
speed focus,33,7,3,2,2,0,0.849602583,0.512201542,1,2535
speed focus,33,8,3,3,3,1,0.9033495,0.608422625,0,2535
speed focus,33,8,3,3,4,1,0.701887333,0.297971917,1,2535
speed focus,33,9,3,3,4,1,1.259604875,1.161801959,0,2535
speed focus,33,9,3,3,3,1,0.775979792,0.494277125,1,2535
speed focus,33,10,3,3,4,1,1.481706375,2.550931458,0,2535
speed focus,33,10,3,7,4,0,0.918510375,0.650389583,1,2535
speed focus,34,1,3,3,4,1,0.68030675,0.151098709,0,2691
speed focus,34,1,3,3,4,1,0.855624458,0.202901375,1,2691
speed focus,34,2,3,1,1,0,0.660544416,0.172082875,0,2691
speed focus,34,2,3,3,4,1,0.905026125,0.139758791,1,2691
speed focus,34,3,3,2,3,0,0.559350834,0.62849975,0,2691
speed focus,34,3,3,3,3,1,0.588118416,1.199713334,1,2691
speed focus,34,4,3,2,1,0,0.759671417,0.394036417,0,2691
speed focus,34,4,3,7,3,0,0.789617584,0.680142166,1,2691
speed focus,34,5,3,5,4,0,0.855556167,0.409944333,0,2691
speed focus,34,5,3,3,4,1,0.621232625,0.160194792,1,2691
speed focus,34,6,3,3,4,1,0.668457625,0.139513708,0,2691
speed focus,34,6,3,7,1,0,1.613247959,0.569780041,1,2691
speed focus,34,7,3,3,1,1,1.208222291,0.323488792,0,2691
speed focus,34,7,3,2,4,0,1.097982541,0.211692791,1,2691
speed focus,34,8,3,3,4,1,0.737819708,0.301499084,0,2691
speed focus,34,8,3,3,4,1,0.668808333,0.424321541,1,2691
speed focus,34,9,3,3,3,1,0.810644167,0.5477045,0,2691
speed focus,34,9,3,3,3,1,0.823890333,0.917983208,1,2691
speed focus,34,10,3,4,2,0,2.318999125,1.335659459,0,2691
speed focus,34,10,3,4,4,0,0.867772708,0.330423083,1,2691
speed focus,35,1,7,8,2,0,1.277031584,0.93785175,0,2737
speed focus,35,1,7,8,4,0,0.745185584,0.138558167,1,2737
speed focus,35,2,7,5,1,0,1.012469,0.202460292,0,2737
speed focus,35,2,7,6,1,0,0.792710083,0.267501041,1,2737
speed focus,35,3,7,7,1,1,1.006400083,5.210066167,0,2737
speed focus,35,3,7,2,3,0,0.561150792,1.119434084,1,2737
speed focus,35,4,7,2,3,0,0.635118,0.535207417,0,2737
speed focus,35,4,7,3,1,0,1.1187595,0.234554208,1,2737
speed focus,35,5,7,3,4,0,0.689491333,0.157285708,0,2737
speed focus,35,5,7,8,4,0,0.987257791,0.168986291,1,2737
speed focus,35,6,7,4,4,0,0.754321,0.890917667,0,2737
speed focus,35,6,7,3,4,0,0.961204541,0.187148959,1,2737
speed focus,35,7,7,3,4,0,0.867184791,0.147831917,0,2737
speed focus,35,7,7,5,4,0,0.614293667,0.117892041,1,2737
speed focus,35,8,7,5,3,0,0.846241625,0.224749292,0,2737
speed focus,35,8,7,5,3,0,0.852956084,0.471993625,1,2737
speed focus,35,9,7,7,2,1,0.952493417,1.403240292,0,2737
speed focus,35,9,7,3,2,0,1.001641625,0.5720935,1,2737
speed focus,35,10,7,7,4,1,0.974694167,0.346713167,0,2737
speed focus,35,10,7,2,3,0,1.145225834,0.714297667,1,2737
speed focus,36,1,6,7,1,0,1.271227458,1.417261084,0,2847
speed focus,36,1,6,2,4,0,0.714930542,0.088574417,1,2847
speed focus,36,2,6,4,4,0,1.316751792,0.13949825,0,2847
speed focus,36,2,6,6,4,1,0.714991333,0.136348542,1,2847
speed focus,36,3,6,3,3,0,0.362536375,1.097696833,0,2847
speed focus,36,3,6,7,2,0,0.495565167,1.76457175,1,2847
speed focus,36,4,6,6,2,1,1.097113792,0.217579125,0,2847
speed focus,36,4,6,6,1,1,0.594013958,0.330885417,1,2847
speed focus,36,5,6,7,4,0,0.640332083,0.216124917,0,2847
speed focus,36,5,6,6,4,1,1.141033917,0.189855959,1,2847
speed focus,36,6,6,6,4,1,0.674352833,0.136155625,0,2847
speed focus,36,6,6,6,4,1,0.753192833,0.170951,1,2847
speed focus,36,7,6,5,2,0,1.218426625,0.803314,0,2847
speed focus,36,7,6,6,4,1,1.271525542,0.20498275,1,2847
speed focus,36,8,6,6,4,1,1.338078333,0.28682725,0,2847
speed focus,36,8,6,6,2,1,1.244459,0.3955805,1,2847
speed focus,36,9,6,4,2,0,2.083114834,1.197265292,0,2847
speed focus,36,9,6,6,3,1,1.07959725,0.412548791,1,2847
speed focus,36,10,6,4,3,0,1.284279792,0.247870959,0,2847
speed focus,36,10,6,6,4,1,1.008479875,0.218843042,1,2847
speed focus,37,1,8,5,2,0,1.198193083,0.538526792,0,2898
speed focus,37,1,8,8,2,1,0.813276583,0.699774708,1,2898
speed focus,37,2,8,8,4,1,1.165340208,0.119656708,0,2898
speed focus,37,2,8,6,4,0,0.694588042,0.106238166,1,2898
speed focus,37,3,8,3,1,0,0.7811465,1.183004875,0,2898
speed focus,37,3,8,6,2,0,0.647201541,1.135143541,1,2898
speed focus,37,4,8,3,1,0,0.935041459,0.407761833,0,2898
speed focus,37,4,8,4,1,0,0.881310166,0.232522792,1,2898
speed focus,37,5,8,7,4,0,0.881920708,0.19705275,0,2898
speed focus,37,5,8,4,4,0,0.661735667,0.182623791,1,2898
speed focus,37,6,8,8,2,1,1.11154175,0.168442458,0,2898
speed focus,37,6,8,8,4,1,0.951573417,0.073628417,1,2898
speed focus,37,7,8,5,4,0,0.8587255,0.1655295,0,2898
speed focus,37,7,8,6,4,0,0.7377,0.131068083,1,2898
speed focus,37,8,8,8,2,1,0.898432667,0.820228292,0,2898
speed focus,37,8,8,8,3,1,0.694723417,0.331640792,1,2898
speed focus,37,9,8,3,3,0,0.73831175,1.087052459,0,2898
speed focus,37,9,8,8,2,1,1.176411667,0.762287417,1,2898
speed focus,37,10,8,8,4,1,1.013933208,1.351995625,0,2898
speed focus,37,10,8,7,1,0,1.703110875,1.594261542,1,2898
speed focus,38,1,7,7,4,1,1.130114208,0.171352625,0,6587
speed focus,38,1,7,3,2,0,0.983527584,0.346040542,1,6587
speed focus,38,2,7,5,4,0,0.664861667,0.123071542,0,6587
speed focus,38,2,7,7,4,1,1.12201275,0.106432458,1,6587
speed focus,38,3,7,5,1,0,0.653398083,8.449464125,0,6587
speed focus,38,3,7,7,1,1,0.644518792,1.211071708,1,6587
speed focus,38,4,7,6,1,0,0.595081417,0.282742292,0,6587
speed focus,38,4,7,7,1,1,1.261435083,0.202252166,1,6587
speed focus,38,5,7,7,4,1,0.846923167,0.184890083,0,6587
speed focus,38,5,7,6,4,0,0.913924417,0.257999875,1,6587
speed focus,38,6,7,7,4,1,0.702273041,0.139189792,0,6587
speed focus,38,6,7,4,4,0,0.878881209,0.15251525,1,6587
speed focus,38,7,7,4,4,0,0.901341916,1.155464459,0,6587
speed focus,38,7,7,1,4,0,0.615733875,0.171476208,1,6587
speed focus,38,8,7,7,2,1,1.05750875,0.398488459,0,6587
speed focus,38,8,7,7,3,1,0.964077042,0.318675666,1,6587
speed focus,38,9,7,7,3,1,1.071420041,1.114806916,0,6587
speed focus,38,9,7,7,4,1,0.777534584,0.432975125,1,6587
speed focus,38,10,7,7,4,1,1.012571417,0.231990667,0,6587
speed focus,38,10,7,7,4,1,0.780387959,0.185533916,1,6587
speed focus,39,1,6,5,4,0,1.020526167,0.184573,0,3255
speed focus,39,1,6,5,2,0,0.8903795,0.825398,1,3255
speed focus,39,2,6,6,4,1,0.986385208,0.172045333,0,3255
speed focus,39,2,6,8,4,0,0.796817541,0.135864834,1,3255
speed focus,39,3,6,7,3,0,0.84642675,0.966460458,0,3255
speed focus,39,3,6,6,2,1,0.714732625,1.233394417,1,3255
speed focus,39,4,6,2,4,0,1.308208625,0.667835542,0,3255
speed focus,39,4,6,5,1,0,0.638994,0.297255834,1,3255
speed focus,39,5,6,5,4,0,1.067877208,0.137342333,0,3255
speed focus,39,5,6,6,4,1,0.78023175,0.217420458,1,3255
speed focus,39,6,6,7,2,0,0.846425417,0.218518917,0,3255
speed focus,39,6,6,2,4,0,0.731776167,0.136234625,1,3255
speed focus,39,7,6,6,4,1,1.210981791,0.253937584,0,3255
speed focus,39,7,6,5,4,0,0.796132,0.104603416,1,3255
speed focus,39,8,6,8,2,0,0.880667875,0.719605334,0,3255
speed focus,39,8,6,5,3,0,0.974497791,0.327501792,1,3255
speed focus,39,9,6,6,3,1,1.222643416,1.342447917,0,3255
speed focus,39,9,6,6,2,1,1.152192833,0.566395458,1,3255
speed focus,39,10,6,6,4,1,1.372659667,0.331441125,0,3255
speed focus,39,10,6,6,4,1,1.220900708,0.297797417,1,3255
speed focus,40,1,8,7,1,0,1.443056708,0.554403167,0,3375
speed focus,40,1,8,8,4,1,0.659620292,0.281638583,1,3375
speed focus,40,2,8,8,4,1,0.802426416,0.139490208,0,3375
speed focus,40,2,8,2,4,0,0.589970791,0.152436709,1,3375
speed focus,40,3,8,3,4,0,0.999091625,1.19353625,0,3375
speed focus,40,3,8,3,4,0,0.5685345,1.241436666,1,3375
speed focus,40,4,8,7,3,0,0.297332459,0.300975167,0,3375
speed focus,40,4,8,2,1,0,0.792692875,0.344853583,1,3375
speed focus,40,5,8,4,4,0,0.978619584,1.161268625,0,3375
speed focus,40,5,8,2,4,0,0.736271208,0.26418175,1,3375
speed focus,40,6,8,4,3,0,1.465675083,0.907722625,0,3375
speed focus,40,6,8,8,2,1,1.138891458,0.42583875,1,3375
speed focus,40,7,8,8,4,1,0.676086667,0.60141475,0,3375
speed focus,40,7,8,3,4,0,1.18254425,0.539540459,1,3375
speed focus,40,8,8,2,2,0,0.959361417,0.647693292,0,3375
speed focus,40,8,8,7,3,0,0.655356875,0.199477625,1,3375
speed focus,40,9,8,3,2,0,1.286555,1.362503334,0,3375
speed focus,40,9,8,2,2,0,1.062693792,1.111103833,1,3375
speed focus,40,10,8,7,4,0,1.382802167,0.265114791,0,3375
speed focus,40,10,8,7,2,0,1.265712625,0.841369209,1,3375
speed focus,41,1,4,4,4,1,0.758614375,0.118178958,0,3432
speed focus,41,1,4,8,1,0,0.673360667,0.281825375,1,3432
speed focus,41,2,4,4,4,1,0.65596325,0.156020125,0,3432
speed focus,41,2,4,4,4,1,0.687066709,0.139487417,1,3432
speed focus,41,3,4,4,4,1,0.567742292,6.465196792,0,3432
speed focus,41,3,4,4,4,1,0.595714416,1.522693209,1,3432
speed focus,41,4,4,3,2,0,1.230222792,0.217793125,0,3432
speed focus,41,4,4,3,1,0,0.582066709,0.359224459,1,3432
speed focus,41,5,4,4,4,1,1.03471325,0.168933,0,3432
speed focus,41,5,4,7,4,0,0.607529458,0.319203583,1,3432
speed focus,41,6,4,4,1,1,0.678491792,0.331349459,0,3432
speed focus,41,6,4,4,4,1,1.034522292,0.120873417,1,3432
speed focus,41,7,4,5,3,0,1.521700416,1.074139208,0,3432
speed focus,41,7,4,4,4,1,0.66600125,0.170883417,1,3432
speed focus,41,8,4,4,4,1,0.946269417,0.338189417,0,3432
speed focus,41,8,4,4,4,1,0.612249375,0.23761775,1,3432
speed focus,41,9,4,4,4,1,0.9583955,0.68005725,0,3432
speed focus,41,9,4,4,3,1,0.751637083,0.620907,1,3432
speed focus,41,10,4,7,3,0,2.254535917,0.934289625,0,3432
speed focus,41,10,4,8,4,0,0.803699833,0.201747625,1,3432
speed focus,42,1,5,5,4,1,0.565801959,0.185174709,0,3463
speed focus,42,1,5,8,1,0,0.869509625,0.29821225,1,3463
speed focus,42,2,5,6,4,0,0.915152167,0.346760667,0,3463
speed focus,42,2,5,6,2,0,0.795037459,0.52144825,1,3463
speed focus,42,3,5,5,2,1,0.874505791,0.083976583,0,3463
speed focus,42,3,5,6,2,0,0.854067917,1.200945166,1,3463
speed focus,42,4,5,8,4,0,0.7253685,0.376633417,0,3463
speed focus,42,4,5,5,3,1,0.919316209,0.314417708,1,3463
speed focus,42,5,5,4,1,0,0.59182625,0.634223542,0,3463
speed focus,42,5,5,7,4,0,0.735002292,0.291558375,1,3463
speed focus,42,6,5,5,4,1,0.673222083,0.104711292,0,3463
speed focus,42,6,5,5,4,1,0.713176625,0.154704083,1,3463
speed focus,42,7,5,3,3,0,0.978809625,0.479671458,0,3463
speed focus,42,7,5,5,4,1,0.744187625,0.091083875,1,3463
speed focus,42,8,5,5,4,1,0.68761025,0.271188542,0,3463
speed focus,42,8,5,5,4,1,0.575459583,0.186617875,1,3463
speed focus,42,9,5,5,4,1,0.958700792,0.312304208,0,3463
speed focus,42,9,5,5,4,1,0.812559875,0.312173959,1,3463
speed focus,42,10,5,8,3,0,1.226220375,0.408249333,0,3463
speed focus,42,10,5,5,4,1,1.07595025,0.155018459,1,3463
speed focus,43,1,4,2,2,0,1.274433541,0.859671584,0,3544
speed focus,43,1,4,5,1,0,0.649687542,0.810010583,1,3544
speed focus,43,2,4,4,1,1,0.756337417,0.155988542,0,3544
speed focus,43,2,4,4,4,1,0.540869875,0.152438417,1,3544
speed focus,43,3,4,4,2,1,0.836442833,1.138097375,0,3544
speed focus,43,3,4,4,4,1,0.640105083,1.331522458,1,3544
speed focus,43,4,4,4,4,1,0.954614208,0.202140333,0,3544
speed focus,43,4,4,8,4,0,0.809426625,0.215108916,1,3544
speed focus,43,5,4,4,4,1,0.707588791,0.143543667,0,3544
speed focus,43,5,4,4,4,1,0.539143541,0.148309292,1,3544
speed focus,43,6,4,5,4,0,0.658434208,0.602648958,0,3544
speed focus,43,6,4,4,4,1,0.653560875,0.169115917,1,3544
speed focus,43,7,4,4,4,1,0.97802175,0.211511917,0,3544
speed focus,43,7,4,4,4,1,0.616224542,0.198231792,1,3544
speed focus,43,8,4,4,4,1,0.61936125,0.328570125,0,3544
speed focus,43,8,4,4,4,1,0.662881541,0.248958583,1,3544
speed focus,43,9,4,4,2,1,0.966662708,0.53977825,0,3544
speed focus,43,9,4,4,3,1,0.863895833,0.55879,1,3544
speed focus,43,10,4,4,4,1,0.779992791,0.297371667,0,3544
speed focus,43,10,4,4,4,1,0.555712,0.234997791,1,3544
speed focus,44,1,7,2,4,0,0.609568083,0.121014584,0,3768
speed focus,44,1,7,8,4,0,0.647900792,0.185636041,1,3768
speed focus,44,2,7,8,4,0,0.924852417,0.172239625,0,3768
speed focus,44,2,7,2,4,0,0.787006916,0.135975708,1,3768
speed focus,44,3,7,6,2,0,0.565654291,1.007850584,0,3768
speed focus,44,3,7,2,1,0,0.647202834,1.238659583,1,3768
speed focus,44,4,7,4,2,0,1.272796125,0.249196917,0,3768
speed focus,44,4,7,2,4,0,0.640995375,0.425534083,1,3768
speed focus,44,5,7,8,4,0,0.869938833,0.322843334,0,3768
speed focus,44,5,7,3,2,0,0.820616042,0.11066525,1,3768
speed focus,44,6,7,2,4,0,0.692181167,0.201812459,0,3768
speed focus,44,6,7,7,4,1,0.983029667,0.123166291,1,3768
speed focus,44,7,7,6,2,0,1.043829167,1.40934875,0,3768
speed focus,44,7,7,2,4,0,0.757707458,0.178126541,1,3768
speed focus,44,8,7,7,2,1,0.866028833,0.2849725,0,3768
speed focus,44,8,7,7,3,1,0.575600875,0.240776291,1,3768
speed focus,44,9,7,3,3,0,1.280399583,1.402770375,0,3768
speed focus,44,9,7,6,2,0,2.06969575,0.635998708,1,3768
speed focus,44,10,7,7,4,1,0.79391775,0.232366709,0,3768
speed focus,44,10,7,7,3,1,1.107950334,0.601104541,1,3768
speed focus,45,1,1,1,3,1,0.581127291,0.505702208,0,2998
speed focus,45,1,1,8,2,0,0.595147625,0.155387542,1,2998
speed focus,45,2,1,1,1,1,0.80903,0.474864125,0,2998
speed focus,45,2,1,1,4,1,0.702563834,0.139294166,1,2998
speed focus,45,3,1,7,2,0,0.6231215,1.109465,0,2998
speed focus,45,3,1,1,2,1,0.601018834,1.311508334,1,2998
speed focus,45,4,1,1,1,1,0.870120708,0.297379458,0,2998
speed focus,45,4,1,3,1,0,0.351121541,0.50227725,1,2998
speed focus,45,5,1,1,4,1,0.601507833,0.256577292,0,2998
speed focus,45,5,1,1,4,1,0.587097084,0.214689375,1,2998
speed focus,45,6,1,1,4,1,0.555842,0.313883625,0,2998
speed focus,45,6,1,1,4,1,0.805978083,0.202350125,1,2998
speed focus,45,7,1,1,4,1,0.608463125,0.246551292,0,2998
speed focus,45,7,1,1,4,1,0.636808417,1.060600708,1,2998
speed focus,45,8,1,7,4,0,0.806134208,0.298431916,0,2998
speed focus,45,8,1,1,3,1,1.025345625,0.564869375,1,2998
speed focus,45,9,1,1,3,1,1.037980583,0.941548042,0,2998
speed focus,45,9,1,1,2,1,1.294151167,0.847420375,1,2998
speed focus,45,10,1,1,4,1,0.663788667,0.34611925,0,2998
speed focus,45,10,1,1,4,1,0.732011875,0.231369375,1,2998
speed focus,46,1,7,7,2,1,1.3331665,1.208402125,0,3970
speed focus,46,1,7,7,4,1,0.963533459,0.202166666,1,3970
speed focus,46,2,7,3,4,0,0.918584791,0.119769958,0,3970
speed focus,46,2,7,3,4,0,0.711224625,0.172346709,1,3970
speed focus,46,3,7,7,4,1,0.793767,0.130622375,0,3970
speed focus,46,3,7,7,2,1,0.826992959,1.344729875,1,3970
speed focus,46,4,7,7,4,1,0.783324666,0.1206775,0,3970
speed focus,46,4,7,2,3,0,0.635577125,0.393182459,1,3970
speed focus,46,5,7,1,4,0,0.62804125,0.19615475,0,3970
speed focus,46,5,7,3,4,0,0.703471583,0.243290666,1,3970
speed focus,46,6,7,7,4,1,0.66909175,0.198908291,0,3970
speed focus,46,6,7,3,4,0,0.736842334,0.152963542,1,3970
speed focus,46,7,7,1,1,0,1.251924417,0.305988916,0,3970
speed focus,46,7,7,3,3,0,0.820665333,0.766589666,1,3970
speed focus,46,8,7,7,2,1,0.97503625,0.571495458,0,3970
speed focus,46,8,7,7,3,1,0.743478166,0.381856209,1,3970
speed focus,46,9,7,7,3,1,1.15060875,1.569258292,0,3970
speed focus,46,9,7,7,2,1,0.978726959,1.44173325,1,3970
speed focus,46,10,7,7,4,1,0.726623125,0.345895542,0,3970
speed focus,46,10,7,7,4,1,1.102483625,0.248514042,1,3970
speed focus,47,1,3,3,4,1,0.621590542,0.171517625,0,4085
speed focus,47,1,3,3,4,1,0.913149875,0.138809291,1,4085
speed focus,47,2,3,6,4,0,1.247800125,0.392715167,0,4085
speed focus,47,2,3,5,2,0,0.902470417,0.360401416,1,4085
speed focus,47,3,3,6,1,0,0.752598042,0.691776209,0,4085
speed focus,47,3,3,3,2,1,0.655620625,1.199935083,1,4085
speed focus,47,4,3,6,2,0,0.508651583,0.217721375,0,4085
speed focus,47,4,3,2,1,0,0.890695917,0.235768792,1,4085
speed focus,47,5,3,1,4,0,0.894499583,0.157484792,0,4085
speed focus,47,5,3,1,4,0,0.840256792,0.224338792,1,4085
speed focus,47,6,3,3,4,1,1.051556875,0.13584525,0,4085
speed focus,47,6,3,3,4,1,0.7013895,0.15672225,1,4085
speed focus,47,7,3,3,4,1,1.080798,0.2622375,0,4085
speed focus,47,7,3,3,4,1,1.0024775,0.170767958,1,4085
speed focus,47,8,3,3,4,1,0.708763625,0.226153833,0,4085
speed focus,47,8,3,3,4,1,0.625172166,0.252853834,1,4085
speed focus,47,9,3,3,1,1,1.018182791,0.942170375,0,4085
speed focus,47,9,3,3,3,1,0.898429709,0.655378,1,4085
speed focus,47,10,3,1,3,0,0.839928375,0.826583334,0,4085
speed focus,47,10,3,4,1,0,3.530655625,0.298584209,1,4085
speed focus,48,1,1,1,4,1,0.50223125,0.234933917,0,4105
speed focus,48,1,1,8,1,0,0.744959042,0.379372542,1,4105
speed focus,48,2,1,1,4,1,0.714341834,0.155880167,0,4105
speed focus,48,2,1,1,4,1,0.65134775,0.459925042,1,4105
speed focus,48,3,1,1,3,1,0.642529917,6.147170417,0,4105
speed focus,48,3,1,7,2,0,0.619768334,1.412221417,1,4105
speed focus,48,4,1,7,2,0,0.582427333,0.264877,0,4105
speed focus,48,4,1,2,1,0,0.710300416,0.311813541,1,4105
speed focus,48,5,1,1,4,1,0.547858042,0.28944325,0,4105
speed focus,48,5,1,1,4,1,0.669449041,0.141443333,1,4105
speed focus,48,6,1,4,2,0,1.400949541,0.264554708,0,4105
speed focus,48,6,1,1,4,1,0.594979167,0.185630875,1,4105
speed focus,48,7,1,1,4,1,0.499656542,0.196609208,0,4105
speed focus,48,7,1,1,4,1,1.436064666,0.144432,1,4105
speed focus,48,8,1,1,2,1,1.252947167,0.531409541,0,4105
speed focus,48,8,1,7,4,0,0.613915666,0.151609708,1,4105
speed focus,48,9,1,7,1,0,1.010729334,1.575732125,0,4105
speed focus,48,9,1,7,2,0,1.017855667,1.050724625,1,4105
speed focus,48,10,1,1,4,1,0.63291675,0.219391167,0,4105
speed focus,48,10,1,7,3,0,0.978248209,0.475489292,1,4105
speed focus,49,1,3,3,4,1,0.726353209,0.167753041,0,4129
speed focus,49,1,3,3,4,1,0.635366208,0.122405125,1,4129
speed focus,49,2,3,3,4,1,0.957414042,0.152626167,0,4129
speed focus,49,2,3,8,4,0,0.697739917,0.377159958,1,4129
speed focus,49,3,3,3,3,1,1.929206625,0.509968958,0,4129
speed focus,49,3,3,6,2,0,0.654371458,1.255142084,1,4129
speed focus,49,4,3,1,1,0,0.961987417,0.394306292,0,4129
speed focus,49,4,3,3,1,1,0.880509458,0.378232834,1,4129
speed focus,49,5,3,2,4,0,0.6406725,0.544175583,0,4129
speed focus,49,5,3,5,4,0,0.712154917,0.127986416,1,4129
speed focus,49,6,3,3,4,1,0.774267167,0.122987625,0,4129
speed focus,49,6,3,7,2,0,0.924408458,0.172953291,1,4129
speed focus,49,7,3,2,2,0,0.894142833,0.444344791,0,4129
speed focus,49,7,3,3,4,1,0.645211375,0.150687375,1,4129
speed focus,49,8,3,3,4,1,0.647704959,0.29078325,0,4129
speed focus,49,8,3,5,3,0,0.91752975,0.233435959,1,4129
speed focus,49,9,3,3,3,1,1.031826083,1.199180958,0,4129
speed focus,49,9,3,3,3,1,1.031901583,0.643165166,1,4129
speed focus,49,10,3,8,2,0,2.085991167,0.823502708,0,4129
speed focus,49,10,3,3,3,1,1.720086125,0.792017584,1,4129
speed focus,50,1,1,1,4,1,0.634320583,0.154557625,0,4191
speed focus,50,1,1,5,2,0,0.902960375,0.492076792,1,4191
speed focus,50,2,1,1,1,1,0.839465542,0.20171325,0,4191
speed focus,50,2,1,6,4,0,0.658670667,0.11969725,1,4191
speed focus,50,3,1,1,4,1,0.894923,0.664549,0,4191
speed focus,50,3,1,2,1,0,0.588103208,1.19970025,1,4191
speed focus,50,4,1,3,1,0,0.652767958,0.345178667,0,4191
speed focus,50,4,1,1,1,1,0.832001625,0.39415125,1,4191
speed focus,50,5,1,1,4,1,0.621594292,0.237994416,0,4191
speed focus,50,5,1,1,4,1,0.5596355,0.304723291,1,4191
speed focus,50,6,1,1,4,1,0.710980541,0.202256708,0,4191
speed focus,50,6,1,1,4,1,0.648461208,0.188808958,1,4191
speed focus,50,7,1,1,4,1,0.775668458,0.219978875,0,4191
speed focus,50,7,1,1,4,1,0.653868375,0.244682166,1,4191
speed focus,50,8,1,5,2,0,1.061639791,0.271541958,0,4191
speed focus,50,8,1,6,2,0,1.345065291,0.543500584,1,4191
speed focus,50,9,1,1,4,1,0.951850875,0.54882775,0,4191
speed focus,50,9,1,1,3,1,1.067019041,1.10988775,1,4191
speed focus,50,10,1,1,4,1,0.647138666,0.24946175,0,4191
speed focus,50,10,1,6,4,0,1.416000292,0.281063,1,4191
speed focus,51,1,7,3,2,0,0.869288958,2.186867041,0,4239
speed focus,51,1,7,7,2,1,1.247560417,0.296980417,1,4239
speed focus,51,2,7,3,4,0,0.68872075,0.14078375,0,4239
speed focus,51,2,7,3,4,0,0.654423958,0.186150875,1,4239
speed focus,51,3,7,6,2,0,0.89467975,1.243097917,0,4239
speed focus,51,3,7,4,2,0,0.643332042,1.30719625,1,4239
speed focus,51,4,7,8,1,0,1.024661042,0.2344845,0,4239
speed focus,51,4,7,2,1,0,0.757808708,0.525359708,1,4239
speed focus,51,5,7,6,4,0,0.862700208,0.231878416,0,4239
speed focus,51,5,7,7,4,1,0.592132542,0.181034958,1,4239
speed focus,51,6,7,7,4,1,0.770074041,0.139689458,0,4239
speed focus,51,6,7,7,4,1,0.672660667,0.15620975,1,4239
speed focus,51,7,7,1,1,0,1.381049,0.304204916,0,4239
speed focus,51,7,7,2,1,0,0.956977958,0.773084291,1,4239
speed focus,51,8,7,7,4,1,0.912399,0.318747667,0,4239
speed focus,51,8,7,7,3,1,0.833468625,0.608398,1,4239
speed focus,51,9,7,7,4,1,1.538482,0.573720291,0,4239
speed focus,51,9,7,7,4,1,0.878748,0.36657475,1,4239
speed focus,51,10,7,7,4,1,1.037640958,0.409367334,0,4239
speed focus,51,10,7,7,4,1,0.989758792,0.185124166,1,4239
speed focus,52,1,5,5,3,1,0.942284167,0.761812833,0,4316
speed focus,52,1,5,5,4,1,1.006367917,0.346050208,1,4316
speed focus,52,2,5,8,4,0,0.7679835,0.119473708,0,4316
speed focus,52,2,5,5,4,1,0.896214709,0.103282042,1,4316
speed focus,52,3,5,5,4,1,1.111856,0.124387958,0,4316
speed focus,52,3,5,5,4,1,0.673969041,1.464853,1,4316
speed focus,52,4,5,5,2,1,1.158643834,0.233993417,0,4316
speed focus,52,4,5,6,1,0,1.007138583,0.472095625,1,4316
speed focus,52,5,5,5,4,1,0.814098625,0.097026292,0,4316
speed focus,52,5,5,4,4,0,0.565942167,0.749102291,1,4316
speed focus,52,6,5,5,4,1,0.643054208,0.139586958,0,4316
speed focus,52,6,5,8,4,0,0.696013083,0.135796833,1,4316
speed focus,52,7,5,5,4,1,0.807849625,0.596329208,0,4316
speed focus,52,7,5,5,4,1,0.582551458,0.110764042,1,4316
speed focus,52,8,5,5,4,1,0.708966292,0.238234625,0,4316
speed focus,52,8,5,5,4,1,0.721938708,0.235154,1,4316
speed focus,52,9,5,5,4,1,1.425525584,0.861632,0,4316
speed focus,52,9,5,5,4,1,0.899341583,0.333608291,1,4316
speed focus,52,10,5,5,4,1,2.1073775,0.379266584,0,4316
speed focus,52,10,5,5,4,1,1.053265167,0.489407875,1,4316
speed focus,53,1,3,3,4,1,0.557100041,0.442840541,0,4318
speed focus,53,1,3,3,4,1,0.588185125,0.137337625,1,4318
speed focus,53,2,3,3,4,1,0.622485666,0.456561625,0,4318
speed focus,53,2,3,5,3,0,0.97798325,0.440001625,1,4318
speed focus,53,3,3,3,1,1,0.700440583,7.421148209,0,4318
speed focus,53,3,3,3,3,1,0.613547375,1.915677084,1,4318
speed focus,53,4,3,3,2,1,0.892332666,0.362497167,0,4318
speed focus,53,4,3,3,1,1,1.115964166,0.251372959,1,4318
speed focus,53,5,3,4,3,0,0.622074208,0.584160792,0,4318
speed focus,53,5,3,3,4,1,0.595230875,0.143194625,1,4318
speed focus,53,6,3,3,3,1,0.585602834,0.139831625,0,4318
speed focus,53,6,3,3,4,1,0.580150375,0.615315542,1,4318
speed focus,53,7,3,2,2,0,0.703481166,0.591880083,0,4318
speed focus,53,7,3,3,4,1,0.791158209,0.452856625,1,4318
speed focus,53,8,3,2,3,0,0.617209916,0.481273583,0,4318
speed focus,53,8,3,3,4,1,0.599519875,0.177923083,1,4318
speed focus,53,9,3,3,4,1,0.703972541,0.297913708,0,4318
speed focus,53,9,3,3,4,1,0.875451208,0.311854958,1,4318
speed focus,53,10,3,3,4,1,1.189883292,0.264688833,0,4318
speed focus,53,10,3,3,4,1,0.743514958,0.248597375,1,4318
speed focus,54,1,6,5,3,0,0.948916875,1.913871833,0,4337
speed focus,54,1,6,5,3,0,1.32379925,0.776268291,1,4337
speed focus,54,2,6,6,4,1,0.915839709,0.185024417,0,4337
speed focus,54,2,6,7,1,0,0.751320875,0.234717542,1,4337
speed focus,54,3,6,6,4,1,0.840127542,1.154497417,0,4337
speed focus,54,3,6,3,1,0,0.693990125,1.304758125,1,4337
speed focus,54,4,6,3,2,0,0.759704459,0.265274875,0,4337
speed focus,54,4,6,6,4,1,1.2514995,0.17136775,1,4337
speed focus,54,5,6,8,4,0,0.544836834,0.183680541,0,4337
speed focus,54,5,6,7,4,0,0.53168225,0.367663583,1,4337
speed focus,54,6,6,6,4,1,1.177236041,0.249649042,0,4337
speed focus,54,6,6,6,4,1,0.934697875,0.122424792,1,4337
speed focus,54,7,6,7,4,0,0.876712291,0.274965209,0,4337
speed focus,54,7,6,5,4,0,0.642333333,0.11101575,1,4337
speed focus,54,8,6,6,4,1,1.182106167,0.251025541,0,4337
speed focus,54,8,6,5,4,0,0.7198325,0.159438959,1,4337
speed focus,54,9,6,3,3,0,0.884366875,1.095804292,0,4337
speed focus,54,9,6,5,3,0,1.146152958,0.606064084,1,4337
speed focus,54,10,6,6,4,1,1.073889333,0.679817834,0,4337
speed focus,54,10,6,5,3,0,1.87188725,0.681134208,1,4337
speed focus,55,1,5,5,3,1,1.174718958,0.855436792,0,4356
speed focus,55,1,5,5,4,1,0.965258041,0.12158075,1,4356
speed focus,55,2,5,4,1,0,0.733491083,0.55395525,0,4356
speed focus,55,2,5,5,2,1,0.874816417,0.428562875,1,4356
speed focus,55,3,5,4,3,0,0.895405875,0.84510625,0,4356
speed focus,55,3,5,5,4,1,0.800468667,1.244961083,1,4356
speed focus,55,4,5,3,3,0,0.655046,0.330960833,0,4356
speed focus,55,4,5,6,1,0,0.606125709,0.348128125,1,4356
speed focus,55,5,5,5,4,1,0.932619708,0.170913166,0,4356
speed focus,55,5,5,5,4,1,0.600699833,0.210014333,1,4356
speed focus,55,6,5,3,3,0,0.84524925,0.139171833,0,4356
speed focus,55,6,5,3,4,0,0.756950042,0.13613125,1,4356
speed focus,55,7,5,3,3,0,0.703202792,0.060311417,0,4356
speed focus,55,7,5,5,4,1,0.720644791,2.441577041,1,4356
speed focus,55,8,5,5,4,1,0.671084542,0.358815291,0,4356
speed focus,55,8,5,5,3,1,1.114204083,0.36131925,1,4356
speed focus,55,9,5,5,4,1,0.904590667,0.580522333,0,4356
speed focus,55,9,5,5,3,1,0.857342166,0.373101667,1,4356
speed focus,55,10,5,5,3,1,1.477828042,0.45876025,0,4356
speed focus,55,10,5,5,3,1,1.458511291,0.443041167,1,4356
speed focus,56,1,3,3,2,1,0.751206209,0.3314715,0,4394
speed focus,56,1,3,3,4,1,0.67390175,0.088082667,1,4394
speed focus,56,2,3,3,4,1,0.9978935,0.474850709,0,4394
speed focus,56,2,3,5,4,0,0.751273125,0.123726084,1,4394
speed focus,56,3,3,2,2,0,0.608416417,1.4872105,0,4394
speed focus,56,3,3,3,1,1,0.551185,1.146435334,1,4394
speed focus,56,4,3,6,2,0,1.100469209,0.281267416,0,4394
speed focus,56,4,3,3,1,1,0.712537041,0.807560625,1,4394
speed focus,56,5,3,3,4,1,0.663061167,0.237791875,0,4394
speed focus,56,5,3,2,3,0,0.746868333,0.284285292,1,4394
speed focus,56,6,3,5,1,0,0.756825125,0.168842792,0,4394
speed focus,56,6,3,3,4,1,0.595266417,0.152220834,1,4394
speed focus,56,7,3,3,4,1,1.21840575,0.192841334,0,4394
speed focus,56,7,3,3,4,1,0.741567333,0.137619333,1,4394
speed focus,56,8,3,5,2,0,1.369784917,1.033861417,0,4394
speed focus,56,8,3,3,4,1,0.584394834,0.237452959,1,4394
speed focus,56,9,3,3,4,1,0.716182709,0.258096541,0,4394
speed focus,56,9,3,3,4,1,0.845092958,0.7792995,1,4394
speed focus,56,10,3,2,3,0,2.205652834,0.485874208,0,4394
speed focus,56,10,3,5,4,0,1.538158792,0.47317075,1,4394
speed focus,57,1,4,4,4,1,0.588569791,0.124379291,0,4397
speed focus,57,1,4,4,4,1,0.640967375,0.089840375,1,4397
speed focus,57,2,4,4,4,1,0.868816958,0.123032875,0,4397
speed focus,57,2,4,3,1,0,0.849880292,0.5848025,1,4397
speed focus,57,3,4,4,1,1,0.754784875,0.603152667,0,4397
speed focus,57,3,4,5,1,0,0.609639584,0.981107958,1,4397
speed focus,57,4,4,6,2,0,0.307263333,0.383098125,0,4397
speed focus,57,4,4,3,4,0,0.729102541,0.522001833,1,4397
speed focus,57,5,4,4,4,1,0.53604375,0.156115125,0,4397
speed focus,57,5,4,4,4,1,0.537863833,0.17044975,1,4397
speed focus,57,6,4,4,4,1,0.831024959,0.152609916,0,4397
speed focus,57,6,4,4,4,1,0.659062417,0.13935,1,4397
speed focus,57,7,4,4,4,1,0.924809333,0.180993792,0,4397
speed focus,57,7,4,4,4,1,0.823941292,0.171154375,1,4397
speed focus,57,8,4,4,4,1,0.915832917,0.357027958,0,4397
speed focus,57,8,4,5,2,0,0.657204875,0.81434725,1,4397
speed focus,57,9,4,4,4,1,0.713919084,2.029149375,0,4397
speed focus,57,9,4,4,4,1,0.973028917,0.26576975,1,4397
speed focus,57,10,4,4,4,1,0.968386,0.267634042,0,4397
speed focus,57,10,4,5,1,0,0.869381292,0.888805875,1,4397
speed focus,58,1,1,1,1,1,1.244469292,0.636031042,0,3587
speed focus,58,1,1,6,4,0,1.86324275,0.328771209,1,3587
speed focus,58,2,1,1,1,1,0.805424292,0.218393042,0,3587
speed focus,58,2,1,1,4,1,0.627211125,0.171722417,1,3587
speed focus,58,3,1,6,2,0,0.712039458,1.458489125,0,3587
speed focus,58,3,1,2,2,0,0.667156417,1.344316959,1,3587
speed focus,58,4,1,5,1,0,0.910162167,0.360857833,0,3587
speed focus,58,4,1,6,2,0,1.073389792,0.49151975,1,3587
speed focus,58,5,1,4,4,0,1.020772958,0.190862542,0,3587
speed focus,58,5,1,1,4,1,0.695852209,0.230290333,1,3587
speed focus,58,6,1,1,2,1,1.130701791,0.297748083,0,3587
speed focus,58,6,1,1,4,1,1.081540625,0.233865958,1,3587
speed focus,58,7,1,1,4,1,0.58044175,0.211867875,0,3587
speed focus,58,7,1,1,4,1,0.974654791,0.707595042,1,3587
speed focus,58,8,1,6,4,0,1.566948334,1.223788542,0,3587
speed focus,58,8,1,4,1,0,1.357645333,0.404786208,1,3587
speed focus,58,9,1,6,1,0,1.677986625,0.707321042,0,3587
speed focus,58,9,1,3,1,0,1.17229675,0.619054166,1,3587
speed focus,58,10,1,1,4,1,0.889941,0.343548459,0,3587
speed focus,58,10,1,1,4,1,0.752170375,0.314372584,1,3587
speed focus,59,1,6,6,3,1,0.833072209,0.137623834,0,4608
speed focus,59,1,6,6,4,1,1.005581917,0.410341292,1,4608
speed focus,59,2,6,6,4,1,0.786493583,0.139107583,0,4608
speed focus,59,2,6,6,4,1,0.8163535,0.119551917,1,4608
speed focus,59,3,6,3,4,0,0.846696291,1.976074916,0,4608
speed focus,59,3,6,6,4,1,0.70702675,0.99792425,1,4608
speed focus,59,4,6,6,1,1,1.103999958,0.234214667,0,4608
speed focus,59,4,6,6,3,1,0.97898,0.247926833,1,4608
speed focus,59,5,6,4,4,0,0.723339,0.217114167,0,4608
speed focus,59,5,6,7,4,0,0.662311958,0.215427917,1,4608
speed focus,59,6,6,5,2,0,0.632054625,0.488840958,0,4608
speed focus,59,6,6,6,4,1,0.934200875,0.108732625,1,4608
speed focus,59,7,6,6,4,1,1.202510958,0.318810459,0,4608
speed focus,59,7,6,6,4,1,0.854158792,0.138408709,1,4608
speed focus,59,8,6,6,4,1,0.784811167,0.325476083,0,4608
speed focus,59,8,6,6,4,1,0.911416916,0.151437375,1,4608
speed focus,59,9,6,6,4,1,0.949666041,0.593777042,0,4608
speed focus,59,9,6,6,3,1,0.859002958,1.585246709,1,4608
speed focus,59,10,6,6,4,1,1.157031458,0.412006833,0,4608
speed focus,59,10,6,7,2,0,1.197829625,1.689143334,1,4608
speed focus,60,1,1,1,4,1,0.621360333,0.1382105,0,4733
speed focus,60,1,1,8,2,0,3.068530125,0.376757792,1,4733
speed focus,60,2,1,1,4,1,0.688759959,0.186548125,0,4733
speed focus,60,2,1,7,4,0,0.792828833,0.521146917,1,4733
speed focus,60,3,1,3,1,0,0.6679255,3.006678042,0,4733
speed focus,60,3,1,3,1,0,0.74139675,1.130751625,1,4733
speed focus,60,4,1,2,3,0,0.351767417,0.344261916,0,4733
speed focus,60,4,1,7,3,0,0.601780292,1.657231458,1,4733
speed focus,60,5,1,1,4,1,0.414678958,0.150965,0,4733
speed focus,60,5,1,1,4,1,0.645064125,0.196438125,1,4733
speed focus,60,6,1,1,4,1,0.587864875,0.459013875,0,4733
speed focus,60,6,1,1,1,1,0.690865917,0.184960833,1,4733
speed focus,60,7,1,1,4,1,0.678973958,0.275049708,0,4733
speed focus,60,7,1,1,4,1,0.736633209,0.228406625,1,4733
speed focus,60,8,1,7,4,0,1.169437333,0.70954625,0,4733
speed focus,60,8,1,7,4,0,0.742659167,0.288192542,1,4733
speed focus,60,9,1,7,4,0,1.045652541,0.512045166,0,4733
speed focus,60,9,1,7,2,0,0.934593458,1.376080875,1,4733
speed focus,60,10,1,1,3,1,0.868269666,0.986946709,0,4733
speed focus,60,10,1,1,4,1,0.765479333,0.393749375,1,4733
speed focus,61,1,5,5,2,1,0.891048625,0.795007167,0,4767
speed focus,61,1,5,5,2,1,1.192502458,0.202421083,1,4767
speed focus,61,2,5,5,4,1,0.830110709,0.13624875,0,4767
speed focus,61,2,5,5,4,1,0.918032625,0.135845375,1,4767
speed focus,61,3,5,3,4,0,0.589080875,7.991128708,0,4767
speed focus,61,3,5,3,2,0,0.660468916,1.398439583,1,4767
speed focus,61,4,5,3,2,0,1.123536,0.21742425,0,4767
speed focus,61,4,5,3,4,0,0.597016792,0.251761583,1,4767
speed focus,61,5,5,3,4,0,0.61456,0.216833167,0,4767
speed focus,61,5,5,4,4,0,0.561092292,0.2724435,1,4767
speed focus,61,6,5,8,4,0,0.692834167,0.170653667,0,4767
speed focus,61,6,5,8,4,0,0.713780333,0.155733083,1,4767
speed focus,61,7,5,3,4,0,0.691813625,0.235059,0,4767
speed focus,61,7,5,3,4,0,0.776733625,0.219033583,1,4767
speed focus,61,8,5,5,3,1,1.150418916,0.7321115,0,4767
speed focus,61,8,5,3,4,0,0.858676167,0.565189375,1,4767
speed focus,61,9,5,3,4,0,0.670709584,0.251983167,0,4767
speed focus,61,9,5,3,4,0,0.709976625,0.184702208,1,4767
speed focus,61,10,5,3,4,0,7.044642375,0.473620167,0,4767
speed focus,61,10,5,3,4,0,2.183641083,0.630993333,1,4767
speed focus,62,1,7,3,4,0,0.925233708,0.167918166,0,4838
speed focus,62,1,7,7,2,1,0.936630125,0.474779542,1,4838
speed focus,62,2,7,1,1,0,1.059993,0.234310792,0,4838
speed focus,62,2,7,1,4,0,0.856189958,0.152284875,1,4838
speed focus,62,3,7,6,3,0,0.580040417,0.084187917,0,4838
speed focus,62,3,7,7,4,1,0.6256625,1.138977958,1,4838
speed focus,62,4,7,3,2,0,0.767416458,0.390942875,0,4838
speed focus,62,4,7,2,1,0,0.325871375,0.44752425,1,4838
speed focus,62,5,7,7,4,1,0.535949416,0.250107292,0,4838
speed focus,62,5,7,2,4,0,0.78615925,0.265435625,1,4838
speed focus,62,6,7,4,2,0,0.977721125,0.297491042,0,4838
speed focus,62,6,7,4,4,0,0.73978625,0.168848292,1,4838
speed focus,62,7,7,4,1,0,1.53656675,0.777770917,0,4838
speed focus,62,7,7,4,3,0,0.790308833,0.839244417,1,4838
speed focus,62,8,7,7,2,1,1.04271825,1.031230458,0,4838
speed focus,62,8,7,7,3,1,0.664046875,0.272958833,1,4838
speed focus,62,9,7,7,2,1,1.468504375,0.358967125,0,4838
speed focus,62,9,7,7,3,1,0.984239125,0.929255917,1,4838
speed focus,62,10,7,7,4,1,1.081477333,0.361374917,0,4838
speed focus,62,10,7,7,4,1,1.128493625,0.218393458,1,4838
speed focus,63,1,2,8,4,0,0.746671375,0.12054825,0,4879
speed focus,63,1,2,8,3,0,0.892681083,0.299013959,1,4879
speed focus,63,2,2,1,1,0,1.000022833,0.395737625,0,4879
speed focus,63,2,2,2,1,1,0.977910375,0.360086,1,4879
speed focus,63,3,2,6,2,0,0.5745265,0.103315792,0,4879
speed focus,63,3,2,2,2,1,0.528419083,1.139355542,1,4879
speed focus,63,4,2,2,2,1,1.081084042,1.930335042,0,4879
speed focus,63,4,2,2,3,1,0.582245209,0.794549375,1,4879
speed focus,63,5,2,2,4,1,0.595769708,0.519215125,0,4879
speed focus,63,5,2,3,2,0,0.627732625,0.127988959,1,4879
speed focus,63,6,2,3,3,0,1.188809292,1.275026958,0,4879
speed focus,63,6,2,2,4,1,0.65925325,0.553571333,1,4879
speed focus,63,7,2,2,4,1,0.816936083,0.147098084,0,4879
speed focus,63,7,2,8,4,0,0.877044458,0.191456375,1,4879
speed focus,63,8,2,2,2,1,1.244977083,0.498542416,0,4879
speed focus,63,8,2,2,4,1,0.608909041,0.251361167,1,4879
speed focus,63,9,2,3,4,0,0.89053925,0.371473583,0,4879
speed focus,63,9,2,2,3,1,2.209528083,0.368018667,1,4879
speed focus,63,10,2,7,2,0,2.355201917,1.448322792,0,4879
speed focus,63,10,2,7,4,0,0.781592,0.218559291,1,4879
speed focus,64,1,2,8,4,0,0.678492292,0.135123375,0,4951
speed focus,64,1,2,8,4,0,1.180721667,0.108642584,1,4951
speed focus,64,2,2,8,4,0,0.822995542,0.4602075,0,4951
speed focus,64,2,2,2,4,1,0.645618625,0.139457041,1,4951
speed focus,64,3,2,6,3,0,0.862254833,0.118152208,0,4951
speed focus,64,3,2,3,2,0,0.549184542,1.283188583,1,4951
speed focus,64,4,2,2,4,1,0.780671375,0.298617209,0,4951
speed focus,64,4,2,2,1,1,0.95697825,1.33548275,1,4951
speed focus,64,5,2,1,4,0,0.695279125,0.223029583,0,4951
speed focus,64,5,2,8,4,0,0.766318583,0.273286875,1,4951
speed focus,64,6,2,2,4,1,0.664613791,0.152196917,0,4951
speed focus,64,6,2,2,4,1,0.93570525,0.199055375,1,4951
speed focus,64,7,2,6,2,0,1.297662292,0.7115905,0,4951
speed focus,64,7,2,1,4,0,1.410888208,0.184686959,1,4951
speed focus,64,8,2,8,4,0,0.780482292,0.224800333,0,4951
speed focus,64,8,2,5,4,0,1.108469417,0.199325042,1,4951
speed focus,64,9,2,8,4,0,0.758397792,0.48695875,0,4951
speed focus,64,9,2,3,3,0,0.836559041,0.756145791,1,4951
speed focus,64,10,2,8,4,0,1.012462084,0.232515834,0,4951
speed focus,64,10,2,7,2,0,1.171297375,0.696731375,1,4951
speed focus,65,1,7,7,3,1,0.990482666,0.761982458,0,5108
speed focus,65,1,7,7,1,1,1.146973083,0.601951584,1,5108
speed focus,65,2,7,7,4,1,1.078634917,0.619482709,0,5108
speed focus,65,2,7,7,4,1,0.938833083,0.377117875,1,5108
speed focus,65,3,7,6,2,0,0.51588275,1.20555925,0,5108
speed focus,65,3,7,7,4,1,0.601268083,1.292638583,1,5108
speed focus,65,4,7,7,2,1,0.974035417,0.2675945,0,5108
speed focus,65,4,7,7,1,1,1.037046583,0.299078417,1,5108
speed focus,65,5,7,7,4,1,0.552111333,0.20392825,0,5108
speed focus,65,5,7,7,4,1,0.560884417,0.210211458,1,5108
speed focus,65,6,7,7,4,1,0.578965958,0.21806025,0,5108
speed focus,65,6,7,7,4,1,0.633483375,0.12252275,1,5108
speed focus,65,7,7,7,4,1,1.175121416,0.175441208,0,5108
speed focus,65,7,7,7,4,1,1.072682166,0.145478666,1,5108
speed focus,65,8,7,7,4,1,1.058549792,0.453537875,0,5108
speed focus,65,8,7,7,4,1,0.692702875,0.257703959,1,5108
speed focus,65,9,7,7,4,1,1.063990334,1.102011833,0,5108
speed focus,65,9,7,7,4,1,0.750562834,0.445954417,1,5108
speed focus,65,10,7,7,4,1,0.887965208,0.314145458,0,5108
speed focus,65,10,7,7,4,1,1.196807083,0.218887208,1,5108
speed focus,66,1,8,8,4,1,0.692199125,0.184453209,0,5189
speed focus,66,1,8,8,4,1,0.626684041,0.155198833,1,5189
speed focus,66,2,8,6,4,0,1.062416833,0.135774958,0,5189
speed focus,66,2,8,8,4,1,0.546558334,0.380484208,1,5189
speed focus,66,3,8,8,4,1,0.675101875,0.6415125,0,5189
speed focus,66,3,8,2,2,0,0.733739875,3.062141,1,5189
speed focus,66,4,8,8,2,1,1.083572083,0.347244667,0,5189
speed focus,66,4,8,3,1,0,0.662348833,0.231239417,1,5189
speed focus,66,5,8,7,4,0,0.868467666,0.382986416,0,5189
speed focus,66,5,8,4,4,0,0.428299167,0.176844542,1,5189
speed focus,66,6,8,8,4,1,0.735541916,0.136464167,0,5189
speed focus,66,6,8,8,4,1,0.747228125,0.122752,1,5189
speed focus,66,7,8,8,4,1,0.81640325,0.126229166,0,5189
speed focus,66,7,8,8,4,1,0.67806175,0.472171083,1,5189
speed focus,66,8,8,8,2,1,0.729321625,0.837392042,0,5189
speed focus,66,8,8,8,4,1,0.795241167,0.339572958,1,5189
speed focus,66,9,8,8,3,1,1.056727042,1.268475042,0,5189
speed focus,66,9,8,8,4,1,0.709900041,0.245677375,1,5189
speed focus,66,10,8,8,4,1,0.743670166,0.251198791,0,5189
speed focus,66,10,8,7,4,0,0.678440375,0.666284875,1,5189
speed focus,67,1,1,1,4,1,0.606493209,0.104320459,0,277
speed focus,67,1,1,4,4,0,1.209201542,0.121757584,1,277
speed focus,67,2,1,4,4,0,0.968715125,0.152632708,0,277
speed focus,67,2,1,1,4,1,0.746945292,0.122736708,1,277
speed focus,67,3,1,8,2,0,0.913010958,1.046137375,0,277
speed focus,67,3,1,1,3,1,0.821461375,1.160922041,1,277
speed focus,67,4,1,1,1,1,0.637968167,0.264339166,0,277
speed focus,67,4,1,8,1,0,1.0767755,0.599899,1,277
speed focus,67,5,1,1,4,1,0.660037917,0.351514208,0,277
speed focus,67,5,1,1,4,1,0.668828959,0.476650375,1,277
speed focus,67,6,1,1,4,1,0.631472292,0.201718667,0,277
speed focus,67,6,1,1,4,1,0.551527125,0.169501458,1,277
speed focus,67,7,1,1,4,1,0.502243875,0.161066959,0,277
speed focus,67,7,1,1,4,1,0.747838291,0.211809208,1,277
speed focus,67,8,1,1,2,1,0.722424958,0.352767875,0,277
speed focus,67,8,1,1,2,1,1.056310959,0.178866709,1,277
speed focus,67,9,1,7,3,0,0.915585667,0.978243625,0,277
speed focus,67,9,1,1,2,1,1.151496042,0.752792625,1,277
speed focus,67,10,1,1,4,1,0.636257042,0.281308375,0,277
speed focus,67,10,1,7,4,0,0.647397875,0.233645666,1,277
speed focus,68,1,2,2,4,1,0.794688667,0.251591167,0,5606
speed focus,68,1,2,2,4,1,0.539241708,0.138429625,1,5606
speed focus,68,2,2,2,4,1,0.678617167,0.411391041,0,5606
speed focus,68,2,2,2,4,1,0.635803125,0.122723166,1,5606
speed focus,68,3,2,2,2,1,0.543272625,1.431644,0,5606
speed focus,68,3,2,3,3,0,0.575316958,1.525614583,1,5606
speed focus,68,4,2,2,3,1,0.7784965,0.249288667,0,5606
speed focus,68,4,2,2,4,1,0.582383125,0.234429167,1,5606
speed focus,68,5,2,2,4,1,0.589193834,0.217629125,0,5606
speed focus,68,5,2,3,4,0,0.697542917,0.283469292,1,5606
speed focus,68,6,2,2,4,1,0.688721125,0.216196125,0,5606
speed focus,68,6,2,2,4,1,0.675097334,0.218615208,1,5606
speed focus,68,7,2,2,3,1,1.067769375,0.252487584,0,5606
speed focus,68,7,2,2,4,1,0.716910916,0.171008375,1,5606
speed focus,68,8,2,2,3,1,1.543956417,0.745571416,0,5606
speed focus,68,8,2,2,4,1,0.598210042,0.219139708,1,5606
speed focus,68,9,2,2,4,1,0.668829416,0.405356917,0,5606
speed focus,68,9,2,2,4,1,0.7532625,0.277928583,1,5606
speed focus,68,10,2,2,4,1,0.675841708,0.249997,0,5606
speed focus,68,10,2,2,4,1,0.614929916,0.266748417,1,5606
speed focus,69,1,8,8,2,1,1.220557875,0.713702666,0,5649
speed focus,69,1,8,8,4,1,0.698825209,0.535569583,1,5649
speed focus,69,2,8,8,4,1,0.6223215,0.139181917,0,5649
speed focus,69,2,8,4,1,0,0.657747833,0.491385417,1,5649
speed focus,69,3,8,8,2,1,0.615632292,1.188234125,0,5649
speed focus,69,3,8,7,3,0,0.674857375,1.160011,1,5649
speed focus,69,4,8,8,2,1,0.97355975,0.394395125,0,5649
speed focus,69,4,8,8,4,1,0.99849925,0.377925625,1,5649
speed focus,69,5,8,8,4,1,0.601776833,0.140844166,0,5649
speed focus,69,5,8,8,4,1,0.734916208,0.16822625,1,5649
speed focus,69,6,8,7,4,0,0.586093,0.312734625,0,5649
speed focus,69,6,8,8,4,1,0.907431333,0.123168041,1,5649
speed focus,69,7,8,8,4,1,1.035109958,0.3240995,0,5649
speed focus,69,7,8,8,4,1,0.57988475,0.171504333,1,5649
speed focus,69,8,8,8,3,1,0.975582292,0.361925583,0,5649
speed focus,69,8,8,8,2,1,0.584866625,0.224681333,1,5649
speed focus,69,9,8,8,4,1,0.751230959,0.251908209,0,5649
speed focus,69,9,8,8,4,1,0.885145667,0.924584083,1,5649
speed focus,69,10,8,8,4,1,0.878848166,0.36175625,0,5649
speed focus,69,10,8,8,4,1,0.73743875,0.2475695,1,5649
speed focus,70,1,6,6,3,1,3.348547625,1.943969083,0,5756
speed focus,70,1,6,6,2,1,0.70567075,0.906169375,1,5756
speed focus,70,2,6,6,4,1,0.789133333,0.123363625,0,5756
speed focus,70,2,6,6,4,1,0.725349916,0.122615834,1,5756
speed focus,70,3,6,5,2,0,0.781710417,0.886025417,0,5756
speed focus,70,3,6,6,1,1,0.647053041,1.379789125,1,5756
speed focus,70,4,6,6,3,1,0.993433875,0.20072825,0,5756
speed focus,70,4,6,6,1,1,0.761334625,0.33086075,1,5756
speed focus,70,5,6,7,4,0,0.647189125,0.204309708,0,5756
speed focus,70,5,6,6,4,1,0.42865425,0.197067458,1,5756
speed focus,70,6,6,6,4,1,0.747465875,0.136224291,0,5756
speed focus,70,6,6,6,4,1,0.840321958,0.102910292,1,5756
speed focus,70,7,6,6,3,1,0.569828166,0.118599375,0,5756
speed focus,70,7,6,5,4,0,0.769076417,0.15039525,1,5756
speed focus,70,8,6,6,3,1,1.15903625,0.371680458,0,5756
speed focus,70,8,6,5,4,0,0.834606459,0.238896583,1,5756
speed focus,70,9,6,6,4,1,0.871598833,0.287065875,0,5756
speed focus,70,9,6,6,3,1,1.71631925,0.365805083,1,5756
speed focus,70,10,6,6,4,1,1.720343209,0.360692417,0,5756
speed focus,70,10,6,6,4,1,0.773740667,0.265397333,1,5756
speed focus,71,1,5,5,4,1,1.075968167,0.235355875,0,5803
speed focus,71,1,5,8,4,0,0.930137542,0.122429292,1,5803
speed focus,71,2,5,6,1,0,0.542258,0.664896875,0,5803
speed focus,71,2,5,5,4,1,0.694109875,0.119469834,1,5803
speed focus,71,3,5,3,2,0,0.5153785,1.174887834,0,5803
speed focus,71,3,5,3,2,0,0.719463333,1.244893833,1,5803
speed focus,71,4,5,4,1,0,0.909875625,0.24802125,0,5803
speed focus,71,4,5,5,2,1,1.006999583,0.297283875,1,5803
speed focus,71,5,5,4,4,0,0.644388292,0.162672791,0,5803
speed focus,71,5,5,8,4,0,0.633784875,0.198644166,1,5803
speed focus,71,6,5,5,4,1,0.755994875,0.123487709,0,5803
speed focus,71,6,5,5,4,1,0.676939542,0.122953875,1,5803
speed focus,71,7,5,5,4,1,0.789721917,0.126434958,0,5803
speed focus,71,7,5,5,4,1,0.784829417,0.555936292,1,5803
speed focus,71,8,5,5,4,1,0.806736875,0.171251584,0,5803
speed focus,71,8,5,6,1,0,0.745631458,0.625108625,1,5803
speed focus,71,9,5,5,4,1,1.031335875,1.055431958,0,5803
speed focus,71,9,5,5,3,1,0.844794708,0.82399325,1,5803
speed focus,71,10,5,8,4,0,1.197280792,0.6670525,0,5803
speed focus,71,10,5,2,3,0,0.925596458,0.538813291,1,5803
speed focus,72,1,7,3,4,0,0.646260292,0.395871292,0,5862
speed focus,72,1,7,8,4,0,0.593697917,0.121419958,1,5862
speed focus,72,2,7,4,4,0,0.813466709,0.136527583,0,5862
speed focus,72,2,7,7,4,1,0.845060625,0.329799291,1,5862
speed focus,72,3,7,2,4,0,0.634799209,0.177032875,0,5862
speed focus,72,3,7,7,2,1,0.580810625,1.219687375,1,5862
speed focus,72,4,7,2,2,0,0.542266375,0.167335292,0,5862
speed focus,72,4,7,2,4,0,0.842619834,0.311203541,1,5862
speed focus,72,5,7,7,4,1,1.592512667,0.329993917,0,5862
speed focus,72,5,7,8,4,0,0.82785125,0.16878675,1,5862
speed focus,72,6,7,4,4,0,0.546021,0.198945,0,5862
speed focus,72,6,7,5,4,0,0.77708375,0.106461458,1,5862
speed focus,72,7,7,3,2,0,0.874433583,0.206148584,0,5862
speed focus,72,7,7,1,4,0,0.676013542,0.197473458,1,5862
speed focus,72,8,7,7,4,1,0.725422,0.30455375,0,5862
speed focus,72,8,7,8,4,0,0.788865459,0.211115125,1,5862
speed focus,72,9,7,2,2,0,1.081658833,0.664095417,0,5862
speed focus,72,9,7,7,2,1,1.246568042,1.294921458,1,5862
speed focus,72,10,7,7,4,1,1.166986166,1.14447325,0,5862
speed focus,72,10,7,7,4,1,0.992140042,0.329081792,1,5862
speed focus,73,1,5,3,4,0,0.862360875,0.20145975,0,5938
speed focus,73,1,5,8,1,0,1.72907875,0.842910167,1,5938
speed focus,73,2,5,7,4,0,0.822340959,0.26435475,0,5938
speed focus,73,2,5,3,1,0,1.009857833,0.314713084,1,5938
speed focus,73,3,5,3,1,0,0.77150875,1.384963292,0,5938
speed focus,73,3,5,3,2,0,0.701637167,1.353825667,1,5938
speed focus,73,4,5,3,2,0,0.798763875,0.25073825,0,5938
speed focus,73,4,5,3,1,0,0.733068375,0.362235334,1,5938
speed focus,73,5,5,5,4,1,0.735801792,0.453373333,0,5938
speed focus,73,5,5,3,4,0,1.0202125,0.427027917,1,5938
speed focus,73,6,5,3,4,0,0.6555635,0.68213925,0,5938
speed focus,73,6,5,3,4,0,0.82519475,0.185101459,1,5938
speed focus,73,7,5,4,4,0,0.708895709,0.640475625,0,5938
speed focus,73,7,5,4,4,0,1.532020667,0.534845542,1,5938
speed focus,73,8,5,5,4,1,1.3943225,0.44451875,0,5938
speed focus,73,8,5,5,4,1,0.905708167,0.183630458,1,5938
speed focus,73,9,5,5,4,1,1.035728792,0.239155542,0,5938
speed focus,73,9,5,3,4,0,0.794385958,0.212329125,1,5938
speed focus,73,10,5,8,4,0,0.901189,0.347061584,0,5938
speed focus,73,10,5,3,3,0,1.210869667,0.635530541,1,5938
speed focus,74,1,5,3,4,0,0.65672675,0.137848583,0,5983
speed focus,74,1,5,3,4,0,0.591868833,0.075370167,1,5983
speed focus,74,2,5,5,4,1,0.848791958,0.475073459,0,5983
speed focus,74,2,5,5,4,1,0.612535416,0.122894291,1,5983
speed focus,74,3,5,3,4,0,0.759069708,1.245987709,0,5983
speed focus,74,3,5,6,2,0,1.018425666,1.106192875,1,5983
speed focus,74,4,5,3,3,0,1.106252833,0.296858875,0,5983
speed focus,74,4,5,5,1,1,0.963929791,0.121051459,1,5983
speed focus,74,5,5,6,4,0,0.566696167,0.360367375,0,5983
speed focus,74,5,5,3,4,0,0.622796083,0.2726875,1,5983
speed focus,74,6,5,3,4,0,0.688924792,0.135973875,0,5983
speed focus,74,6,5,3,4,0,0.771181708,0.139001708,1,5983
speed focus,74,7,5,4,4,0,0.909580167,0.422274292,0,5983
speed focus,74,7,5,3,4,0,0.623023708,0.231339334,1,5983
speed focus,74,8,5,6,1,0,0.785969542,0.9787275,0,5983
speed focus,74,8,5,5,3,1,1.049498166,0.277414959,1,5983
speed focus,74,9,5,3,4,0,2.570297875,1.841664375,0,5983
speed focus,74,9,5,3,4,0,0.735608209,0.285594792,1,5983
speed focus,74,10,5,5,3,1,1.425670875,1.083811042,0,5983
speed focus,74,10,5,3,4,0,1.036892166,0.346907458,1,5983
speed focus,75,1,1,3,3,0,0.9461365,0.715216917,0,6074
speed focus,75,1,1,3,4,0,0.648996458,0.139257666,1,6074
speed focus,75,2,1,4,4,0,0.715428583,0.155706167,0,6074
speed focus,75,2,1,1,2,1,0.92886375,0.267752209,1,6074
speed focus,75,3,1,5,1,0,0.618575875,1.337151459,0,6074
speed focus,75,3,1,3,1,0,0.787162625,1.173350792,1,6074
speed focus,75,4,1,8,1,0,1.038980875,0.107248458,0,6074
speed focus,75,4,1,2,1,0,0.642492375,0.234820333,1,6074
speed focus,75,5,1,1,4,1,0.759007209,0.150214375,0,6074
speed focus,75,5,1,7,4,0,0.758478791,0.155785208,1,6074
speed focus,75,6,1,4,2,0,0.86482575,0.299252292,0,6074
speed focus,75,6,1,4,4,0,0.657932167,0.156219208,1,6074
speed focus,75,7,1,1,4,1,0.684781792,0.295399125,0,6074
speed focus,75,7,1,1,4,1,0.620924792,0.398999958,1,6074
speed focus,75,8,1,1,2,1,1.228763458,0.397816208,0,6074
speed focus,75,8,1,3,4,0,0.821641292,0.356410167,1,6074
speed focus,75,9,1,4,2,0,1.087587042,0.735338958,0,6074
speed focus,75,9,1,3,2,0,0.797631666,0.881678625,1,6074
speed focus,75,10,1,6,3,0,1.927602042,0.776940917,0,6074
speed focus,75,10,1,7,4,0,0.958172167,0.347572167,1,6074
speed focus,76,1,4,4,4,1,0.759142792,1.480658625,0,6139
speed focus,76,1,4,4,4,1,0.579144083,0.107218417,1,6139
speed focus,76,2,4,4,4,1,0.616034792,0.168925584,0,6139
speed focus,76,2,4,4,4,1,0.636081375,0.172210208,1,6139
speed focus,76,3,4,4,4,1,0.783533708,0.323336583,0,6139
speed focus,76,3,4,4,1,1,0.562325,1.384179208,1,6139
speed focus,76,4,4,4,2,1,0.985537416,0.18745375,0,6139
speed focus,76,4,4,4,1,1,1.001099,0.50857825,1,6139
speed focus,76,5,4,4,4,1,0.457677125,0.127922708,0,6139
speed focus,76,5,4,4,4,1,0.640601083,0.163348958,1,6139
speed focus,76,6,4,4,4,1,0.611785375,0.233013791,0,6139
speed focus,76,6,4,4,4,1,0.69096775,0.155496542,1,6139
speed focus,76,7,4,4,4,1,0.833387167,0.192094209,0,6139
speed focus,76,7,4,4,4,1,0.823078792,0.151132667,1,6139
speed focus,76,8,4,4,4,1,0.734808334,0.777039708,0,6139
speed focus,76,8,4,4,4,1,0.765395083,1.025540583,1,6139
speed focus,76,9,4,4,3,1,2.723700125,1.720666542,0,6139
speed focus,76,9,4,4,4,1,0.868766,0.253464708,1,6139
speed focus,76,10,4,4,4,1,0.991195958,0.330753167,0,6139
speed focus,76,10,4,5,1,0,0.787228584,0.891033833,1,6139
speed focus,77,1,6,6,4,1,0.989946834,0.155455667,0,6351
speed focus,77,1,6,6,4,1,1.858844209,1.852064292,1,6351
speed focus,77,2,6,6,4,1,0.873282084,0.13921575,0,6351
speed focus,77,2,6,6,4,1,0.70971625,0.152397042,1,6351
speed focus,77,3,6,6,4,1,0.58241275,1.545143916,0,6351
speed focus,77,3,6,7,2,0,0.598373959,1.453181917,1,6351
speed focus,77,4,6,6,2,1,1.215287166,0.297602708,0,6351
speed focus,77,4,6,6,1,1,0.952279917,0.53737075,1,6351
speed focus,77,5,6,6,4,1,0.771974583,0.121457958,0,6351
speed focus,77,5,6,7,4,0,0.618682292,0.34804525,1,6351
speed focus,77,6,6,6,4,1,0.634479625,0.169653208,0,6351
speed focus,77,6,6,6,4,1,0.828616125,0.139011916,1,6351
speed focus,77,7,6,6,4,1,0.829750375,0.127986958,0,6351
speed focus,77,7,6,5,4,0,0.943409083,0.647343458,1,6351
speed focus,77,8,6,6,4,1,0.845390833,0.330769625,0,6351
speed focus,77,8,6,6,4,1,0.694293458,0.164220625,1,6351
speed focus,77,9,6,6,3,1,1.761583708,2.205482791,0,6351
speed focus,77,9,6,6,3,1,1.425876292,0.493863333,1,6351
speed focus,77,10,6,6,4,1,1.46605775,0.985842833,0,6351
speed focus,77,10,6,6,3,1,1.507342583,0.330791416,1,6351
speed focus,78,1,3,2,4,0,0.581370458,0.121490958,0,6371
speed focus,78,1,3,8,3,0,0.6819795,0.713584,1,6371
speed focus,78,2,3,8,4,0,0.784564,0.4596445,0,6371
speed focus,78,2,3,3,4,1,0.555630708,0.119624625,1,6371
speed focus,78,3,3,2,1,0,0.600120666,1.339607875,0,6371
speed focus,78,3,3,7,2,0,0.589457166,1.218552416,1,6371
speed focus,78,4,3,8,2,0,0.681653583,0.3140195,0,6371
speed focus,78,4,3,2,4,0,0.560447458,0.665350041,1,6371
speed focus,78,5,3,3,2,1,0.58713125,0.246838792,0,6371
speed focus,78,5,3,2,4,0,0.647354959,0.447283334,1,6371
speed focus,78,6,3,2,4,0,0.757034458,0.214841,0,6371
speed focus,78,6,3,8,4,0,0.6622535,0.218512583,1,6371
speed focus,78,7,3,3,4,1,1.3519245,0.551848958,0,6371
speed focus,78,7,3,2,4,0,1.280130291,0.211792167,1,6371
speed focus,78,8,3,7,2,0,1.145221625,0.286844625,0,6371
speed focus,78,8,3,2,4,0,0.741377167,0.531859,1,6371
speed focus,78,9,3,3,3,1,0.964885667,0.588360666,0,6371
speed focus,78,9,3,2,4,0,0.561412042,0.292575125,1,6371
speed focus,78,10,3,2,4,0,0.589841709,0.361474917,0,6371
speed focus,78,10,3,2,3,0,1.229863333,0.407925833,1,6371
speed focus,79,1,8,8,2,1,0.780016417,0.391606791,0,6396
speed focus,79,1,8,8,4,1,0.531972208,1.4799405,1,6396
speed focus,79,2,8,8,4,1,0.87429275,0.16904425,0,6396
speed focus,79,2,8,8,4,1,0.806338542,0.426389917,1,6396
speed focus,79,3,8,2,2,0,0.307094666,1.196948417,0,6396
speed focus,79,3,8,6,2,0,0.888283708,1.0865375,1,6396
speed focus,79,4,8,7,4,0,0.852536042,0.441012958,0,6396
speed focus,79,4,8,8,4,1,0.883042791,0.184489417,1,6396
speed focus,79,5,8,8,4,1,0.959494375,0.210978083,0,6396
speed focus,79,5,8,7,4,0,0.495666959,0.279693208,1,6396
speed focus,79,6,8,8,4,1,0.669191292,0.152646542,0,6396
speed focus,79,6,8,8,4,1,0.683365083,0.12250775,1,6396
speed focus,79,7,8,8,4,1,0.771135042,1.556717875,0,6396
speed focus,79,7,8,8,4,1,0.650497875,0.524816292,1,6396
speed focus,79,8,8,8,4,1,0.562635209,0.304114083,0,6396
speed focus,79,8,8,8,4,1,0.630662791,0.178004708,1,6396
speed focus,79,9,8,8,4,1,0.980329417,0.598959542,0,6396
speed focus,79,9,8,8,4,1,0.770229208,0.420913833,1,6396
speed focus,79,10,8,8,4,1,0.667264,0.281713667,0,6396
speed focus,79,10,8,8,4,1,1.161389625,0.264926833,1,6396
speed focus,80,1,3,3,4,1,0.692211125,0.344919417,0,6433
speed focus,80,1,3,3,4,1,0.605879292,0.108924583,1,6433
speed focus,80,2,3,3,1,1,0.999184292,0.219006667,0,6433
speed focus,80,2,3,2,1,0,0.997433417,0.408669875,1,6433
speed focus,80,3,3,4,1,0,0.589561792,1.173315042,0,6433
speed focus,80,3,3,3,4,1,0.594668417,0.97277575,1,6433
speed focus,80,4,3,2,2,0,1.140026792,0.297078917,0,6433
speed focus,80,4,3,7,2,0,1.14671175,0.16746425,1,6433
speed focus,80,5,3,2,4,0,0.641205291,0.734260917,0,6433
speed focus,80,5,3,2,1,0,0.626107792,0.627254333,1,6433
speed focus,80,6,3,7,4,0,1.069797334,0.169652125,0,6433
speed focus,80,6,3,1,4,0,0.817241166,0.7779545,1,6433
speed focus,80,7,3,3,4,1,0.596229917,0.294987375,0,6433
speed focus,80,7,3,3,4,1,0.616524458,0.759107,1,6433
speed focus,80,8,3,7,3,0,0.92798375,0.932890333,0,6433
speed focus,80,8,3,3,2,1,1.188418334,0.217991625,1,6433
speed focus,80,9,3,3,4,1,0.715343458,1.322344584,0,6433
speed focus,80,9,3,3,4,1,1.3874595,1.696578333,1,6433
speed focus,80,10,3,3,4,1,1.109607042,0.648852042,0,6433
speed focus,80,10,3,7,4,0,1.090875459,0.216691334,1,6433
speed focus,81,1,8,8,4,1,0.63238125,0.37498225,0,6468
speed focus,81,1,8,8,2,1,0.881049459,0.471531166,1,6468
speed focus,81,2,8,4,1,0,0.863183125,0.251420459,0,6468
speed focus,81,2,8,4,2,0,0.813512625,0.264621292,1,6468
speed focus,81,3,8,3,1,0,0.673855,3.028930541,0,6468
speed focus,81,3,8,7,2,0,0.854567625,1.10878775,1,6468
speed focus,81,4,8,8,4,1,0.832557875,0.329985584,0,6468
speed focus,81,4,8,8,4,1,0.82078275,0.588241708,1,6468
speed focus,81,5,8,8,4,1,1.078696333,0.163494458,0,6468
speed focus,81,5,8,4,4,0,0.576064791,0.721593667,1,6468
speed focus,81,6,8,8,4,1,0.718251375,0.185082792,0,6468
speed focus,81,6,8,8,4,1,0.829731375,1.001918292,1,6468
speed focus,81,7,8,8,4,1,0.929625,0.199324125,0,6468
speed focus,81,7,8,5,4,0,0.670118125,0.098036666,1,6468
speed focus,81,8,8,8,4,1,0.603831375,0.25104625,0,6468
speed focus,81,8,8,8,4,1,0.582583917,0.26439125,1,6468
speed focus,81,9,8,7,1,0,0.797234875,1.088222,0,6468
speed focus,81,9,8,8,4,1,0.914561917,0.580542334,1,6468
speed focus,81,10,8,8,4,1,0.757498167,0.203807958,0,6468
speed focus,81,10,8,8,4,1,0.93659475,0.619008208,1,6468
speed focus,82,1,1,1,4,1,0.538972625,0.137745125,0,6546
speed focus,82,1,1,8,2,0,0.841495583,0.681399917,1,6546
speed focus,82,2,1,7,4,0,1.114208708,0.15341625,0,6546
speed focus,82,2,1,7,1,0,0.889642041,0.31386175,1,6546
speed focus,82,3,1,1,4,1,0.568406416,1.558290584,0,6546
speed focus,82,3,1,7,1,0,0.667735916,1.167116833,1,6546
speed focus,82,4,1,2,1,0,0.832397625,0.233919667,0,6546
speed focus,82,4,1,2,3,0,1.004673542,0.374655584,1,6546
speed focus,82,5,1,1,4,1,0.569796875,0.290978292,0,6546
speed focus,82,5,1,2,4,0,0.861582583,0.429100875,1,6546
speed focus,82,6,1,1,4,1,0.65120625,0.185531667,0,6546
speed focus,82,6,1,7,4,0,0.751927209,0.135590875,1,6546
speed focus,82,7,1,1,4,1,1.284299667,0.192210583,0,6546
speed focus,82,7,1,1,4,1,0.5691765,0.157789875,1,6546
speed focus,82,8,1,7,1,0,0.888463375,0.384760833,0,6546
speed focus,82,8,1,7,2,0,0.850416,0.278048625,1,6546
speed focus,82,9,1,7,3,0,1.026674125,0.953467708,0,6546
speed focus,82,9,1,8,3,0,0.905661625,2.439832417,1,6546
speed focus,82,10,1,7,4,0,1.18699475,0.3931205,0,6546
speed focus,82,10,1,1,4,1,0.794680792,0.598828042,1,6546
speed focus,83,1,2,2,4,1,0.576742959,0.107697375,0,6563
speed focus,83,1,2,8,2,0,0.833129291,0.21891675,1,6563
speed focus,83,2,2,1,4,0,0.831067875,0.201665916,0,6563
speed focus,83,2,2,2,4,1,0.911811208,0.185354625,1,6563
speed focus,83,3,2,2,1,1,0.608774959,2.440751041,0,6563
speed focus,83,3,2,3,1,0,0.840664209,0.955008208,1,6563
speed focus,83,4,2,2,1,1,0.826784875,0.247707167,0,6563
speed focus,83,4,2,2,4,1,0.601035667,0.615900625,1,6563
speed focus,83,5,2,2,4,1,0.789685042,0.163299208,0,6563
speed focus,83,5,2,2,4,1,0.625161,0.137169208,1,6563
speed focus,83,6,2,2,4,1,0.694676875,0.170162667,0,6563
speed focus,83,6,2,2,4,1,0.610332291,0.186882875,1,6563
speed focus,83,7,2,2,4,1,0.623503292,0.219052041,0,6563
speed focus,83,7,2,2,4,1,0.728389083,0.197960917,1,6563
speed focus,83,8,2,2,2,1,0.815610125,0.357406292,0,6563
speed focus,83,8,2,2,4,1,0.790178291,0.384396458,1,6563
speed focus,83,9,2,2,3,1,1.033547292,1.034262416,0,6563
speed focus,83,9,2,2,3,1,0.96018525,0.58131025,1,6563
speed focus,83,10,2,2,4,1,1.074845667,0.392410125,0,6563
speed focus,83,10,2,7,4,0,1.469496958,0.235347875,1,6563
speed focus,84,1,7,7,4,1,0.940592666,0.248006166,0,6961
speed focus,84,1,7,7,3,1,0.760126333,0.633569458,1,6961
speed focus,84,2,7,7,4,1,0.771017625,0.119865416,0,6961
speed focus,84,2,7,7,4,1,0.636051583,0.139129083,1,6961
speed focus,84,3,7,6,1,0,0.687111958,1.379126042,0,6961
speed focus,84,3,7,7,4,1,0.779106709,1.186687542,1,6961
speed focus,84,4,7,2,3,0,0.688829125,0.363228292,0,6961
speed focus,84,4,7,2,4,0,0.58600675,0.359935375,1,6961
speed focus,84,5,7,7,4,1,0.960766,0.177184416,0,6961
speed focus,84,5,7,7,4,1,0.685689791,0.189592375,1,6961
speed focus,84,6,7,7,4,1,0.658693792,0.826780625,0,6961
speed focus,84,6,7,7,4,1,0.703576334,0.152746083,1,6961
speed focus,84,7,7,7,4,1,0.82836825,0.228187,0,6961
speed focus,84,7,7,7,4,1,0.682417666,0.130975667,1,6961
speed focus,84,8,7,7,2,1,1.005966833,0.431149667,0,6961
speed focus,84,8,7,7,4,1,0.544218917,0.171812,1,6961
speed focus,84,9,7,7,4,1,0.905615917,0.244930083,0,6961
speed focus,84,9,7,7,4,1,0.73156225,1.29490875,1,6961
speed focus,84,10,7,7,4,1,0.956771167,0.730892291,0,6961
speed focus,84,10,7,7,4,1,0.724333667,0.231832125,1,6961
speed focus,85,1,8,8,4,1,0.838168209,0.504772666,0,7028
speed focus,85,1,8,8,4,1,0.653326791,0.138655417,1,7028
speed focus,85,2,8,8,4,1,0.829819375,0.135963833,0,7028
speed focus,85,2,8,8,4,1,0.711416,0.155685917,1,7028
speed focus,85,3,8,3,1,0,0.727820959,4.739220208,0,7028
speed focus,85,3,8,3,1,0,0.683983209,1.19768325,1,7028
speed focus,85,4,8,8,2,1,1.10130375,0.360565875,0,7028
speed focus,85,4,8,8,1,1,1.288089708,0.15470925,1,7028
speed focus,85,5,8,8,4,1,0.773847541,0.517438167,0,7028
speed focus,85,5,8,8,4,1,0.7159815,0.21726675,1,7028
speed focus,85,6,8,8,4,1,0.753206792,0.13580225,0,7028
speed focus,85,6,8,8,4,1,0.615602916,0.139363833,1,7028
speed focus,85,7,8,8,4,1,0.693789084,0.183641083,0,7028
speed focus,85,7,8,8,4,1,0.981084375,0.131113084,1,7028
speed focus,85,8,8,8,4,1,1.07817675,0.359889875,0,7028
speed focus,85,8,8,8,3,1,0.7491815,0.414358625,1,7028
speed focus,85,9,8,8,4,1,0.958510917,0.506400583,0,7028
speed focus,85,9,8,7,4,0,1.138276666,0.825348875,1,7028
speed focus,85,10,8,8,4,1,0.965052125,0.360597292,0,7028
speed focus,85,10,8,8,4,1,2.726673625,0.282327292,1,7028
speed focus,86,1,2,2,4,1,0.507585125,0.121224958,0,7055
speed focus,86,1,2,2,4,1,0.545094292,0.120219125,1,7055
speed focus,86,2,2,2,4,1,0.726784917,0.122647416,0,7055
speed focus,86,2,2,2,4,1,0.601942333,0.123025375,1,7055
speed focus,86,3,2,2,1,1,0.535640375,0.787479583,0,7055
speed focus,86,3,2,3,4,0,0.485240333,1.306113916,1,7055
speed focus,86,4,2,2,1,1,0.708326916,0.300972792,0,7055
speed focus,86,4,2,2,2,1,0.546124208,0.617812,1,7055
speed focus,86,5,2,2,4,1,0.628721125,0.236769958,0,7055
speed focus,86,5,2,2,4,1,0.302830083,0.1560935,1,7055
speed focus,86,6,2,2,4,1,0.821243042,0.794885666,0,7055
speed focus,86,6,2,2,4,1,0.695138,0.188846916,1,7055
speed focus,86,7,2,2,4,1,0.686366083,0.281511125,0,7055
speed focus,86,7,2,2,4,1,0.789891459,0.191052083,1,7055
speed focus,86,8,2,2,4,1,0.854436958,0.290822083,0,7055
speed focus,86,8,2,2,3,1,0.637987416,0.257886709,1,7055
speed focus,86,9,2,2,4,1,0.644335416,0.304650042,0,7055
speed focus,86,9,2,2,4,1,0.803387958,0.2250065,1,7055
speed focus,86,10,2,2,4,1,0.718467209,0.538963292,0,7055
speed focus,86,10,2,2,4,1,0.671650708,0.232939417,1,7055
speed focus,87,1,3,3,4,1,0.712938667,1.611065916,0,7158
speed focus,87,1,3,8,4,0,0.78389075,0.121182292,1,7158
speed focus,87,2,3,3,4,1,0.812465417,0.425901791,0,7158
speed focus,87,2,3,7,2,0,0.565038042,0.251242,1,7158
speed focus,87,3,3,3,3,1,0.608047083,3.001088958,0,7158
speed focus,87,3,3,3,2,1,0.54195175,1.265902125,1,7158
speed focus,87,4,3,3,1,1,0.835607041,0.235873209,0,7158
speed focus,87,4,3,3,2,1,0.737981625,0.361787709,1,7158
speed focus,87,5,3,3,4,1,0.435321375,0.229195583,0,7158
speed focus,87,5,3,4,3,0,0.655817791,0.337630542,1,7158
speed focus,87,6,3,8,4,0,0.810075958,0.215559,0,7158
speed focus,87,6,3,8,4,0,0.753884416,0.139508958,1,7158
speed focus,87,7,3,3,4,1,1.179954625,0.253859625,0,7158
speed focus,87,7,3,3,4,1,0.7121425,0.193459209,1,7158
speed focus,87,8,3,3,4,1,1.593665167,0.291703167,0,7158
speed focus,87,8,3,8,3,0,0.973334792,0.419528708,1,7158
speed focus,87,9,3,3,3,1,0.851409084,0.626305291,0,7158
speed focus,87,9,3,7,2,0,1.413861209,0.665471209,1,7158
speed focus,87,10,3,1,1,0,4.3810185,2.054375875,0,7158
speed focus,87,10,3,8,4,0,0.709364833,0.251253208,1,7158
speed focus,88,1,2,2,4,1,0.559519292,0.235817542,0,7185
speed focus,88,1,2,2,4,1,0.778234542,0.587474791,1,7185
speed focus,88,2,2,8,4,0,0.6949335,0.172031792,0,7185
speed focus,88,2,2,2,4,1,0.803952917,0.616956917,1,7185
speed focus,88,3,2,2,1,1,0.820810917,0.270082416,0,7185
speed focus,88,3,2,3,4,0,0.540948667,1.364984375,1,7185
speed focus,88,4,2,2,3,1,1.024365417,0.266161542,0,7185
speed focus,88,4,2,2,1,1,0.706442084,0.280948791,1,7185
speed focus,88,5,2,2,4,1,0.927835917,0.231173791,0,7185
speed focus,88,5,2,2,4,1,0.495964083,0.155688917,1,7185
speed focus,88,6,2,2,4,1,1.545237167,0.518996958,0,7185
speed focus,88,6,2,8,3,0,0.665182708,0.13627875,1,7185
speed focus,88,7,2,2,4,1,0.709223667,0.266719208,0,7185
speed focus,88,7,2,2,4,1,0.73755,0.55191025,1,7185
speed focus,88,8,2,2,4,1,0.793645041,0.498255958,0,7185
speed focus,88,8,2,2,4,1,0.555973583,0.558390334,1,7185
speed focus,88,9,2,2,4,1,0.677298375,0.278743,0,7185
speed focus,88,9,2,2,4,1,0.676918458,0.218654041,1,7185
speed focus,88,10,2,2,4,1,0.767468,0.443731041,0,7185
speed focus,88,10,2,2,4,1,0.8534745,0.156042667,1,7185
speed focus,89,1,6,5,4,0,0.922274875,0.218302125,0,7336
speed focus,89,1,6,6,3,1,1.385733542,0.890496916,1,7336
speed focus,89,2,6,6,4,1,0.830280958,0.106775375,0,7336
speed focus,89,2,6,6,4,1,0.643973375,0.123103458,1,7336
speed focus,89,3,6,6,4,1,0.608825875,1.152855083,0,7336
speed focus,89,3,6,7,2,0,0.607489583,1.139145375,1,7336
speed focus,89,4,6,4,1,0,1.067151083,0.234617667,0,7336
speed focus,89,4,6,6,4,1,0.852237084,0.727910042,1,7336
speed focus,89,5,6,7,4,0,0.60521375,0.238590833,0,7336
speed focus,89,5,6,3,4,0,0.351419625,0.17084225,1,7336
speed focus,89,6,6,6,3,1,0.9999305,0.13567025,0,7336
speed focus,89,6,6,6,4,1,0.7003435,0.135494833,1,7336
speed focus,89,7,6,5,4,0,0.702390875,0.172038041,0,7336
speed focus,89,7,6,6,4,1,0.688757083,0.164759417,1,7336
speed focus,89,8,6,5,2,0,1.179623916,1.953125834,0,7336
speed focus,89,8,6,6,4,1,1.205118959,0.434357667,1,7336
speed focus,89,9,6,6,1,1,1.481595,1.145755166,0,7336
speed focus,89,9,6,5,4,0,1.132891334,0.800573291,1,7336
speed focus,89,10,6,6,4,1,3.363965875,0.551687042,0,7336
speed focus,89,10,6,6,4,1,1.241152292,0.218478416,1,7336
speed focus,90,1,6,6,4,1,0.586878125,0.232909709,0,7359
speed focus,90,1,6,5,2,0,1.393665375,0.762091334,1,7359
speed focus,90,2,6,6,4,1,1.039724292,0.155172375,0,7359
speed focus,90,2,6,6,4,1,0.644826709,0.185103208,1,7359
speed focus,90,3,6,5,4,0,0.570119375,0.144384041,0,7359
speed focus,90,3,6,6,1,1,0.647826875,1.571309208,1,7359
speed focus,90,4,6,6,2,1,1.105447375,0.297550167,0,7359
speed focus,90,4,6,6,1,1,0.730084125,0.327865166,1,7359
speed focus,90,5,6,5,4,0,0.845619167,0.176753917,0,7359
speed focus,90,5,6,6,4,1,0.6630715,0.153854166,1,7359
speed focus,90,6,6,6,4,1,0.76769575,0.185691417,0,7359
speed focus,90,6,6,6,4,1,0.851662083,0.1393105,1,7359
speed focus,90,7,6,5,2,0,0.789338833,0.651813375,0,7359
speed focus,90,7,6,6,4,1,0.922979083,0.151166,1,7359
speed focus,90,8,6,6,4,1,1.036630583,0.924488416,0,7359
speed focus,90,8,6,8,1,0,0.595526375,0.68652425,1,7359
speed focus,90,9,6,6,3,1,1.012028958,0.598807125,0,7359
speed focus,90,9,6,6,4,1,1.024835917,0.575751542,1,7359
speed focus,90,10,6,6,4,1,1.316152166,0.314005875,0,7359
speed focus,90,10,6,6,4,1,1.217439916,0.552217417,1,7359
speed focus,91,1,4,4,4,1,0.538822417,0.122383625,0,7362
speed focus,91,1,4,4,4,1,1.027918458,0.1082445,1,7362
speed focus,91,2,4,4,4,1,0.867761958,0.1558185,0,7362
speed focus,91,2,4,4,4,1,0.674708291,0.122981916,1,7362
speed focus,91,3,4,4,2,1,0.773978,1.260037792,0,7362
speed focus,91,3,4,5,2,0,0.574521375,1.045810958,1,7362
speed focus,91,4,4,7,1,0,0.614444791,0.20089275,0,7362
speed focus,91,4,4,5,2,0,0.995876708,0.294690084,1,7362
speed focus,91,5,4,4,4,1,0.8665235,0.162796125,0,7362
speed focus,91,5,4,4,4,1,0.813797917,0.16410275,1,7362
speed focus,91,6,4,4,1,1,0.539835375,0.262824959,0,7362
speed focus,91,6,4,4,4,1,0.7311045,0.169765459,1,7362
speed focus,91,7,4,4,4,1,2.491606291,0.207648333,0,7362
speed focus,91,7,4,4,4,1,0.735852459,0.19834275,1,7362
speed focus,91,8,4,4,4,1,0.583765375,0.215560208,0,7362
speed focus,91,8,4,4,3,1,0.633757458,0.3734095,1,7362
speed focus,91,9,4,4,4,1,1.051382084,0.588122083,0,7362
speed focus,91,9,4,7,3,0,1.062734333,2.412095917,1,7362
speed focus,91,10,4,4,4,1,0.87116775,1.30721475,0,7362
speed focus,91,10,4,4,4,1,1.038570792,1.096802,1,7362
speed focus,92,1,6,2,3,0,0.95042325,1.226289042,0,7405
speed focus,92,1,6,6,4,1,0.840790375,0.138187542,1,7405
speed focus,92,2,6,8,4,0,0.868687708,0.423975459,0,7405
speed focus,92,2,6,6,4,1,0.754551083,0.185659166,1,7405
speed focus,92,3,6,7,3,0,0.926658792,0.270281,0,7405
speed focus,92,3,6,7,3,0,0.74083525,1.059060542,1,7405
speed focus,92,4,6,6,4,1,0.941097167,0.3638275,0,7405
speed focus,92,4,6,6,2,1,0.708313792,0.268233875,1,7405
speed focus,92,5,6,6,4,1,0.838286791,0.14989675,0,7405
speed focus,92,5,6,6,4,1,0.737501292,0.175600875,1,7405
speed focus,92,6,6,2,4,0,0.72383075,0.20148375,0,7405
speed focus,92,6,6,6,4,1,0.695239083,0.106370208,1,7405
speed focus,92,7,6,5,4,0,0.849166708,0.38802625,0,7405
speed focus,92,7,6,6,4,1,0.988354792,0.211023791,1,7405
speed focus,92,8,6,6,4,1,1.5499295,0.398614791,0,7405
speed focus,92,8,6,6,3,1,1.244031709,0.15100225,1,7405
speed focus,92,9,6,6,4,1,1.238579958,0.632546292,0,7405
speed focus,92,9,6,6,2,1,1.376453084,0.688207667,1,7405
speed focus,92,10,6,2,3,0,0.9595595,0.459207375,0,7405
speed focus,92,10,6,6,3,1,1.816048333,0.663986792,1,7405
speed focus,93,1,1,1,4,1,0.57563375,0.231012584,0,7406
speed focus,93,1,1,7,2,0,1.116837708,0.375789708,1,7406
speed focus,93,2,1,1,4,1,0.658579542,0.169293375,0,7406
speed focus,93,2,1,7,1,0,0.682465458,0.264281625,1,7406
speed focus,93,3,1,6,2,0,0.641725042,2.029982208,0,7406
speed focus,93,3,1,6,4,0,0.647475,1.431440666,1,7406
speed focus,93,4,1,7,2,0,1.051341125,0.284040792,0,7406
speed focus,93,4,1,7,2,0,0.717658375,0.296232166,1,7406
speed focus,93,5,1,1,4,1,0.6508835,0.205447958,0,7406
speed focus,93,5,1,1,4,1,0.56861675,0.170567709,1,7406
speed focus,93,6,1,1,4,1,0.668112667,0.248088791,0,7406
speed focus,93,6,1,1,1,1,0.69466375,0.202476416,1,7406
speed focus,93,7,1,1,4,1,0.728312834,0.226935667,0,7406
speed focus,93,7,1,1,4,1,0.631820292,0.178649625,1,7406
speed focus,93,8,1,7,2,0,1.40084275,0.781792584,0,7406
speed focus,93,8,1,7,1,0,0.824422708,0.373547667,1,7406
speed focus,93,9,1,1,1,1,1.074658542,0.509109959,0,7406
speed focus,93,9,1,7,3,0,1.072004583,0.26764875,1,7406
speed focus,93,10,1,6,3,0,0.914078417,1.034041833,0,7406
speed focus,93,10,1,7,3,0,1.082321375,0.505973125,1,7406
speed focus,94,1,2,2,4,1,0.495100291,0.123315416,0,7519
speed focus,94,1,2,8,2,0,0.906116917,0.311877,1,7519
speed focus,94,2,2,2,3,1,0.973260625,0.330282666,0,7519
speed focus,94,2,2,2,4,1,0.637743292,0.136833,1,7519
speed focus,94,3,2,3,2,0,1.737607,0.502205791,0,7519
speed focus,94,3,2,2,1,1,1.065518417,1.497264,1,7519
speed focus,94,4,2,2,1,1,0.873181917,0.217577333,0,7519
speed focus,94,4,2,2,3,1,0.6925565,0.31511375,1,7519
speed focus,94,5,2,2,4,1,0.5369205,0.1996255,0,7519
speed focus,94,5,2,2,4,1,0.983934416,0.150114625,1,7519
speed focus,94,6,2,2,4,1,0.875826208,0.189243875,0,7519
speed focus,94,6,2,2,4,1,0.909395209,0.18557625,1,7519
speed focus,94,7,2,2,4,1,0.73759825,0.275171916,0,7519
speed focus,94,7,2,2,4,1,0.623136959,0.458557208,1,7519
speed focus,94,8,2,5,4,0,0.886343458,0.29105225,0,7519
speed focus,94,8,2,2,3,1,0.638601208,0.317622708,1,7519
speed focus,94,9,2,2,3,1,1.048743084,0.372370541,0,7519
speed focus,94,9,2,2,4,1,0.860606292,0.238704375,1,7519
speed focus,94,10,2,2,4,1,0.758454125,0.264555708,0,7519
speed focus,94,10,2,2,4,1,0.864127667,0.280895291,1,7519
speed focus,95,1,5,5,4,1,0.85728625,0.121060417,0,7522
speed focus,95,1,5,5,4,1,0.832740667,0.1045425,1,7522
speed focus,95,2,5,5,4,1,1.0872665,0.122754416,0,7522
speed focus,95,2,5,4,1,0,0.739837542,0.346953667,1,7522
speed focus,95,3,5,5,4,1,0.595848,2.366223292,0,7522
speed focus,95,3,5,3,1,0,0.608087167,1.39295475,1,7522
speed focus,95,4,5,7,4,0,1.207990042,0.284400166,0,7522
speed focus,95,4,5,6,2,0,1.090934042,0.378376166,1,7522
speed focus,95,5,5,1,4,0,0.627686833,0.170503,0,7522
speed focus,95,5,5,4,4,0,0.5739065,0.169006458,1,7522
speed focus,95,6,5,5,4,1,0.631668833,0.235033667,0,7522
speed focus,95,6,5,5,4,1,0.707645584,0.107117292,1,7522
speed focus,95,7,5,3,4,0,1.070112291,0.243234417,0,7522
speed focus,95,7,5,5,2,1,1.006420334,0.384555375,1,7522
speed focus,95,8,5,5,4,1,1.231845458,0.311521458,0,7522
speed focus,95,8,5,5,4,1,0.849581708,0.237828667,1,7522
speed focus,95,9,5,5,1,1,1.665260791,1.00247975,0,7522
speed focus,95,9,5,5,3,1,1.183897542,0.899319875,1,7522
speed focus,95,10,5,5,3,1,1.514107709,0.759859,0,7522
speed focus,95,10,5,5,4,1,1.061899667,0.184952333,1,7522
speed focus,96,1,7,7,4,1,0.935221875,0.618253083,0,7649
speed focus,96,1,7,7,3,1,0.855959125,0.18277725,1,7649
speed focus,96,2,7,3,4,0,0.606584875,0.139183833,0,7649
speed focus,96,2,7,7,4,1,0.697403458,0.136785458,1,7649
speed focus,96,3,7,7,4,1,0.608592334,0.077415208,0,7649
speed focus,96,3,7,7,2,1,0.70215325,1.167707583,1,7649
speed focus,96,4,7,6,1,0,0.875216625,0.343986791,0,7649
speed focus,96,4,7,7,4,1,0.939655334,0.137750625,1,7649
speed focus,96,5,7,7,4,1,0.57359325,0.163848,0,7649
speed focus,96,5,7,6,4,0,0.594730875,0.20405775,1,7649
speed focus,96,6,7,7,4,1,0.573579916,0.233310417,0,7649
speed focus,96,6,7,7,4,1,0.749025708,0.122677833,1,7649
speed focus,96,7,7,7,4,1,0.739000625,0.1333545,0,7649
speed focus,96,7,7,7,4,1,0.56831875,0.212105958,1,7649
speed focus,96,8,7,7,4,1,1.211359042,0.384082084,0,7649
speed focus,96,8,7,7,3,1,0.795518125,0.511806417,1,7649
speed focus,96,9,7,7,4,1,0.862130625,0.992186833,0,7649
speed focus,96,9,7,7,4,1,0.721902584,0.299906667,1,7649
speed focus,96,10,7,7,4,1,0.7950565,0.459221,0,7649
speed focus,96,10,7,7,4,1,0.80953175,0.249272458,1,7649
speed focus,97,1,4,8,1,0,0.873820625,0.409221833,0,7663
speed focus,97,1,4,8,4,0,0.5780585,0.523080292,1,7663
speed focus,97,2,4,4,4,1,0.632268791,0.139690167,0,7663
speed focus,97,2,4,4,4,1,0.871738042,0.172497667,1,7663
speed focus,97,3,4,4,4,1,0.63452825,3.684628958,0,7663
speed focus,97,3,4,4,3,1,0.7204485,1.476299125,1,7663
speed focus,97,4,4,4,4,1,0.799301,0.488266083,0,7663
speed focus,97,4,4,8,4,0,0.806353459,0.265676458,1,7663
speed focus,97,5,4,4,4,1,0.592536208,0.189775708,0,7663
speed focus,97,5,4,4,4,1,0.546340791,0.16882325,1,7663
speed focus,97,6,4,4,4,1,0.617691833,0.202006292,0,7663
speed focus,97,6,4,4,4,1,0.608082083,0.153116041,1,7663
speed focus,97,7,4,4,4,1,0.689694542,0.154610292,0,7663
speed focus,97,7,4,4,4,1,0.822975958,0.164742042,1,7663
speed focus,97,8,4,4,3,1,0.738638208,0.25759625,0,7663
speed focus,97,8,4,4,4,1,0.907694917,0.217478875,1,7663
speed focus,97,9,4,4,4,1,0.656860875,0.2780165,0,7663
speed focus,97,9,4,4,2,1,0.910555875,1.042223583,1,7663
speed focus,97,10,4,4,4,1,0.684810458,0.251921583,0,7663
speed focus,97,10,4,8,3,0,0.716690458,0.5876345,1,7663
speed focus,98,1,2,2,3,1,1.572162583,0.728043917,0,7717
speed focus,98,1,2,2,3,1,0.679486041,0.283457625,1,7717
speed focus,98,2,2,8,4,0,0.617327834,0.426775125,0,7717
speed focus,98,2,2,2,4,1,0.765567,0.136164375,1,7717
speed focus,98,3,2,3,1,0,0.682073375,1.264779708,0,7717
speed focus,98,3,2,3,2,0,0.674763375,1.236281667,1,7717
speed focus,98,4,2,2,1,1,0.9949835,0.217582083,0,7717
speed focus,98,4,2,2,2,1,0.718987292,1.177850208,1,7717
speed focus,98,5,2,2,4,1,0.615725,0.223198833,0,7717
speed focus,98,5,2,2,4,1,0.601387,0.161738708,1,7717
speed focus,98,6,2,2,4,1,0.637951333,0.987826292,0,7717
speed focus,98,6,2,2,4,1,0.57519775,0.153340708,1,7717
speed focus,98,7,2,2,4,1,0.625129042,0.216151083,0,7717
speed focus,98,7,2,3,2,0,0.702871542,0.091282875,1,7717
speed focus,98,8,2,6,1,0,1.679627708,0.525196459,0,7717
speed focus,98,8,2,2,4,1,0.758543667,0.22468575,1,7717
speed focus,98,9,2,2,4,1,0.875292125,0.238236625,0,7717
speed focus,98,9,2,2,4,1,0.769873375,0.318973208,1,7717
speed focus,98,10,2,2,4,1,0.838487959,0.280604292,0,7717
speed focus,98,10,2,2,3,1,1.206699125,1.207487125,1,7717
speed focus,99,1,4,8,2,0,0.715028166,0.331825041,0,7732
speed focus,99,1,4,8,1,0,0.845332708,0.348492417,1,7732
speed focus,99,2,4,6,2,0,0.879300416,0.251365625,0,7732
speed focus,99,2,4,8,4,0,0.729590167,0.153107917,1,7732
speed focus,99,3,4,4,2,1,0.720175958,3.114798042,0,7732
speed focus,99,3,4,6,3,0,0.574812958,1.457672791,1,7732
speed focus,99,4,4,8,4,0,1.015145417,0.441772542,0,7732
speed focus,99,4,4,8,3,0,0.737755625,0.457709625,1,7732
speed focus,99,5,4,7,4,0,0.845313875,0.230714833,0,7732
speed focus,99,5,4,8,4,0,0.598962041,0.148608875,1,7732
speed focus,99,6,4,7,4,0,0.930446541,0.123294042,0,7732
speed focus,99,6,4,7,2,0,0.869118125,0.202198625,1,7732
speed focus,99,7,4,8,4,0,0.8356835,0.32590325,0,7732
speed focus,99,7,4,8,4,0,0.623377416,0.138265833,1,7732
speed focus,99,8,4,4,4,1,0.907141625,0.297607542,0,7732
speed focus,99,8,4,8,4,0,0.696283208,0.365835416,1,7732
speed focus,99,9,4,4,4,1,0.675977041,0.406127541,0,7732
speed focus,99,9,4,7,3,0,1.224276125,0.346418291,1,7732
speed focus,99,10,4,4,4,1,0.8596065,0.218572834,0,7732
speed focus,99,10,4,7,4,0,0.843692542,0.746516416,1,7732
speed focus,100,1,6,6,4,1,0.892806084,0.217553375,0,7940
speed focus,100,1,6,8,2,0,0.9141735,0.37919,1,7940
speed focus,100,2,6,6,4,1,0.770481917,0.122875084,0,7940
speed focus,100,2,6,6,4,1,0.615557916,0.123407209,1,7940
speed focus,100,3,6,6,4,1,0.696386584,1.200105584,0,7940
speed focus,100,3,6,5,1,0,1.092161417,0.988061083,1,7940
speed focus,100,4,6,6,2,1,1.321099292,0.154503584,0,7940
speed focus,100,4,6,6,2,1,0.9929025,0.215720959,1,7940
speed focus,100,5,6,6,1,1,1.038210709,0.133799458,0,7940
speed focus,100,5,6,7,4,0,0.913310209,0.21045375,1,7940
speed focus,100,6,6,6,4,1,0.855145375,0.1853255,0,7940
speed focus,100,6,6,8,3,0,1.978191542,0.248991666,1,7940
speed focus,100,7,6,6,4,1,1.12461425,0.845828042,0,7940
speed focus,100,7,6,6,4,1,0.716678917,0.130936083,1,7940
speed focus,100,8,6,6,2,1,0.980360791,0.784934084,0,7940
speed focus,100,8,6,6,3,1,0.90245225,0.224719083,1,7940
speed focus,100,9,6,6,4,1,1.052646542,0.401086667,0,7940
speed focus,100,9,6,6,4,1,1.026387833,0.366751333,1,7940
speed focus,100,10,6,6,4,1,1.133326458,0.4254,0,7940
speed focus,100,10,6,6,4,1,0.912374875,0.201999875,1,7940
speed focus,101,1,7,7,2,1,1.1400715,1.066384333,0,8009
speed focus,101,1,7,8,4,0,0.641111417,0.138455458,1,8009
speed focus,101,2,7,7,4,1,0.716596125,0.119767625,0,8009
speed focus,101,2,7,7,4,1,0.786850166,0.156088,1,8009
speed focus,101,3,7,7,2,1,0.760137625,1.034539917,0,8009
speed focus,101,3,7,7,1,1,0.607572833,1.352550625,1,8009
speed focus,101,4,7,3,2,0,0.797801125,0.23404175,0,8009
speed focus,101,4,7,2,4,0,0.865433375,0.635008334,1,8009
speed focus,101,5,7,6,4,0,0.701293916,0.175874334,0,8009
speed focus,101,5,7,7,4,1,0.711336667,0.175088458,1,8009
speed focus,101,6,7,5,4,0,0.655788042,0.17255525,0,8009
speed focus,101,6,7,7,4,1,0.648527334,0.119366125,1,8009
speed focus,101,7,7,7,4,1,0.731262583,0.13575525,0,8009
speed focus,101,7,7,7,4,1,0.790258583,0.492961417,1,8009
speed focus,101,8,7,7,4,1,0.97051325,0.379766917,0,8009
speed focus,101,8,7,7,3,1,0.642817417,0.264572375,1,8009
speed focus,101,9,7,7,4,1,1.017151416,0.486073,0,8009
speed focus,101,9,7,7,4,1,1.527393625,0.378230375,1,8009
speed focus,101,10,7,7,4,1,0.665519667,0.29713275,0,8009
speed focus,101,10,7,7,4,1,0.658504541,0.522665833,1,8009
speed focus,102,1,5,5,4,1,1.004357833,0.15181075,0,8413
speed focus,102,1,5,3,4,0,0.766272792,0.088564083,1,8413
speed focus,102,2,5,5,4,1,0.757262959,0.152622041,0,8413
speed focus,102,2,5,4,4,0,0.678540125,0.18507825,1,8413
speed focus,102,3,5,3,1,0,0.713128292,1.433012834,0,8413
speed focus,102,3,5,2,3,0,0.306948666,0.274845958,1,8413
speed focus,102,4,5,3,2,0,0.869144875,0.185071708,0,8413
speed focus,102,4,5,5,1,1,0.936008083,0.649851791,1,8413
speed focus,102,5,5,4,4,0,0.82042775,0.148816625,0,8413
speed focus,102,5,5,4,4,0,0.946281,0.195102375,1,8413
speed focus,102,6,5,5,4,1,0.72137275,0.2020425,0,8413
speed focus,102,6,5,4,4,0,0.604284959,0.154568834,1,8413
speed focus,102,7,5,5,4,1,1.474134916,0.114091333,0,8413
speed focus,102,7,5,5,4,1,0.6780095,0.144473708,1,8413
speed focus,102,8,5,5,4,1,1.4610215,0.81065725,0,8413
speed focus,102,8,5,5,3,1,0.9544495,0.3135745,1,8413
speed focus,102,9,5,3,3,0,1.497299166,1.116451709,0,8413
speed focus,102,9,5,5,3,1,1.251667792,0.704209625,1,8413
speed focus,102,10,5,3,4,0,0.863522334,0.393075584,0,8413
speed focus,102,10,5,5,4,1,0.964032583,0.18555875,1,8413
speed focus,103,1,3,5,3,0,0.997575875,2.3290165,0,8430
speed focus,103,1,3,5,1,0,0.870506583,0.218386125,1,8430
speed focus,103,2,3,5,4,0,1.039351625,0.136046709,0,8430
speed focus,103,2,3,3,4,1,0.615740416,0.139231209,1,8430
speed focus,103,3,3,2,4,0,0.694902167,1.68994425,0,8430
speed focus,103,3,3,2,4,0,0.57477375,1.484246583,1,8430
speed focus,103,4,3,3,1,1,0.906157833,1.881388583,0,8430
speed focus,103,4,3,5,1,0,0.83911725,0.36092275,1,8430
speed focus,103,5,3,3,4,1,0.686571167,0.263576583,0,8430
speed focus,103,5,3,1,4,0,0.694280166,0.190232291,1,8430
speed focus,103,6,3,2,4,0,0.602364,0.201690833,0,8430
speed focus,103,6,3,3,3,1,0.71409175,0.152720417,1,8430
speed focus,103,7,3,2,3,0,1.103391625,0.42548775,0,8430
speed focus,103,7,3,3,4,1,0.748579125,0.506503542,1,8430
speed focus,103,8,3,5,4,0,1.171820083,0.164484292,0,8430
speed focus,103,8,3,3,2,1,1.112965,0.237904375,1,8430
speed focus,103,9,3,3,4,1,1.382398584,0.305570625,0,8430
speed focus,103,9,3,3,4,1,0.912718167,0.528810458,1,8430
speed focus,103,10,3,7,3,0,1.38738325,0.489413875,0,8430
speed focus,103,10,3,3,3,1,1.223281833,0.234676125,1,8430
speed focus,104,1,5,5,1,1,1.078455042,0.378356125,0,8454
speed focus,104,1,5,3,2,0,0.96863775,0.299571958,1,8454
speed focus,104,2,5,3,4,0,0.789140208,0.168362916,0,8454
speed focus,104,2,5,5,4,1,0.743538375,0.122811417,1,8454
speed focus,104,3,5,3,3,0,0.939255875,1.2851195,0,8454
speed focus,104,3,5,6,3,0,0.361610292,0.287719042,1,8454
speed focus,104,4,5,3,4,0,0.975151584,0.284274083,0,8454
speed focus,104,4,5,6,2,0,0.821310917,0.345769,1,8454
speed focus,104,5,5,8,4,0,0.607913958,0.309289625,0,8454
speed focus,104,5,5,8,4,0,0.667596083,0.313559208,1,8454
speed focus,104,6,5,5,4,1,0.719678833,0.202113292,0,8454
speed focus,104,6,5,5,4,1,0.830904166,0.120791666,1,8454
speed focus,104,7,5,3,4,0,0.742570875,0.325350667,0,8454
speed focus,104,7,5,4,3,0,0.722979042,0.528207834,1,8454
speed focus,104,8,5,5,2,1,0.8938695,0.72575325,0,8454
speed focus,104,8,5,5,4,1,0.664209291,0.1646375,1,8454
speed focus,104,9,5,5,3,1,1.3727625,1.48975725,0,8454
speed focus,104,9,5,3,4,0,0.736817958,0.305470542,1,8454
speed focus,104,10,5,4,4,0,1.335861125,3.33861675,0,8454
speed focus,104,10,5,6,4,0,1.259323834,0.218806542,1,8454
speed focus,105,1,6,6,4,1,1.231231667,0.3956045,0,8465
speed focus,105,1,6,6,4,1,1.05407625,0.139031958,1,8465
speed focus,105,2,6,6,4,1,0.98770475,0.168907125,0,8465
speed focus,105,2,6,6,4,1,0.6905135,0.136509792,1,8465
speed focus,105,3,6,3,4,0,0.536293208,0.273283167,0,8465
speed focus,105,3,6,7,1,0,0.601968416,0.82125125,1,8465
speed focus,105,4,6,6,2,1,1.360042167,0.280863542,0,8465
speed focus,105,4,6,6,2,1,0.735878375,0.394283667,1,8465
speed focus,105,5,6,6,4,1,0.973608708,0.176681375,0,8465
speed focus,105,5,6,6,4,1,0.760055375,0.1627935,1,8465
speed focus,105,6,6,6,4,1,1.162083792,0.185413542,0,8465
speed focus,105,6,6,6,4,1,0.652313625,0.090045792,1,8465
speed focus,105,7,6,6,4,1,0.638409458,0.139621375,0,8465
speed focus,105,7,6,6,4,1,0.757305917,0.131059417,1,8465
speed focus,105,8,6,7,1,0,0.618215209,0.748677584,0,8465
speed focus,105,8,6,6,2,1,0.876258083,0.540799958,1,8465
speed focus,105,9,6,7,1,0,0.654430958,1.161585041,0,8465
speed focus,105,9,6,6,4,1,0.966996209,0.788596375,1,8465
speed focus,105,10,6,6,4,1,1.997980167,0.470021625,0,8465
speed focus,105,10,6,6,4,1,1.617388208,0.215382375,1,8465
speed focus,106,1,2,2,4,1,0.553883708,0.171240292,0,8626
speed focus,106,1,2,2,4,1,0.592091417,0.168436291,1,8626
speed focus,106,2,2,3,4,0,0.533104,0.123100375,0,8626
speed focus,106,2,2,2,4,1,0.467394333,0.119175042,1,8626
speed focus,106,3,2,2,4,1,0.508524417,1.173247334,0,8626
speed focus,106,3,2,2,2,1,0.655315667,1.272403209,1,8626
speed focus,106,4,2,7,1,0,0.433335416,0.524200125,0,8626
speed focus,106,4,2,2,4,1,0.655018,0.361352833,1,8626
speed focus,106,5,2,3,4,0,0.681396875,0.16997075,0,8626
speed focus,106,5,2,2,4,1,0.572649916,0.194969333,1,8626
speed focus,106,6,2,2,4,1,0.572542458,0.215860792,0,8626
speed focus,106,6,2,2,4,1,0.690608792,0.185126209,1,8626
speed focus,106,7,2,7,3,0,1.083083166,0.145212834,0,8626
speed focus,106,7,2,3,4,0,0.722422625,0.490006834,1,8626
speed focus,106,8,2,7,4,0,0.753628542,0.433950584,0,8626
speed focus,106,8,2,2,4,1,0.745195959,0.190746084,1,8626
speed focus,106,9,2,7,1,0,1.537506208,0.672369542,0,8626
speed focus,106,9,2,2,4,1,0.926145292,0.235058833,1,8626
speed focus,106,10,2,2,4,1,0.781422042,0.251261584,0,8626
speed focus,106,10,2,7,4,0,0.764296875,0.264880958,1,8626
speed focus,107,1,4,2,1,0,1.126753084,1.014804167,0,8663
speed focus,107,1,4,4,3,1,0.716013333,0.4266555,1,8663
speed focus,107,2,4,4,4,1,0.865578625,0.137308083,0,8663
speed focus,107,2,4,4,4,1,0.654409167,0.155622125,1,8663
speed focus,107,3,4,4,1,1,0.746578166,3.858149792,0,8663
speed focus,107,3,4,4,4,1,0.522170167,1.199950334,1,8663
speed focus,107,4,4,1,2,0,1.287524541,0.551492375,0,8663
speed focus,107,4,4,1,1,0,0.896206917,0.281392208,1,8663
speed focus,107,5,4,4,4,1,0.600705625,0.176028166,0,8663
speed focus,107,5,4,4,4,1,0.577633458,0.169111,1,8663
speed focus,107,6,4,4,4,1,0.687884041,0.15286225,0,8663
speed focus,107,6,4,4,4,1,0.8847885,0.139762917,1,8663
speed focus,107,7,4,4,4,1,0.89148325,0.188822292,0,8663
speed focus,107,7,4,5,4,0,0.714352334,0.959809542,1,8663
speed focus,107,8,4,4,4,1,0.705537041,0.318653792,0,8663
speed focus,107,8,4,4,4,1,0.935510458,0.404644416,1,8663
speed focus,107,9,4,3,2,0,1.119017083,2.859953291,0,8663
speed focus,107,9,4,4,2,1,1.031407584,1.28156575,1,8663
speed focus,107,10,4,8,2,0,1.346058459,1.291935167,0,8663
speed focus,107,10,4,4,2,1,1.284372042,0.826215,1,8663
speed focus,108,1,7,7,4,1,0.873676375,0.423937875,0,8737
speed focus,108,1,7,8,4,0,0.791362416,0.104714084,1,8737
speed focus,108,2,7,7,4,1,0.754250625,0.136024292,0,8737
speed focus,108,2,7,3,2,0,0.9016415,0.3629215,1,8737
speed focus,108,3,7,6,2,0,0.726754792,1.291013167,0,8737
speed focus,108,3,7,7,4,1,0.68691675,1.413374167,1,8737
speed focus,108,4,7,8,3,0,0.513847709,1.32172125,0,8737
speed focus,108,4,7,7,3,1,0.899912291,0.63305175,1,8737
speed focus,108,5,7,7,4,1,0.869885125,0.169990916,0,8737
speed focus,108,5,7,6,4,0,0.617329875,0.234277375,1,8737
speed focus,108,6,7,7,4,1,0.620172208,0.119403833,0,8737
speed focus,108,6,7,7,2,1,0.658698625,0.198553208,1,8737
speed focus,108,7,7,7,4,1,1.16967575,0.196870584,0,8737
speed focus,108,7,7,7,4,1,0.528805291,0.598394333,1,8737
speed focus,108,8,7,7,3,1,0.969703833,0.317317417,0,8737
speed focus,108,8,7,6,4,0,0.956360875,0.201595667,1,8737
speed focus,108,9,7,7,3,1,0.684423667,1.094111875,0,8737
speed focus,108,9,7,7,4,1,0.841050458,0.25960675,1,8737
speed focus,108,10,7,7,4,1,0.715074958,0.18527,0,8737
speed focus,108,10,7,8,4,0,0.737677125,0.23127825,1,8737
speed focus,109,1,5,5,4,1,1.07395275,0.154103791,0,8762
speed focus,109,1,5,5,4,1,0.729336458,0.121738167,1,8762
speed focus,109,2,5,5,4,1,0.771077958,0.103576375,0,8762
speed focus,109,2,5,5,4,1,0.754446875,0.122640625,1,8762
speed focus,109,3,5,3,3,0,0.688644667,1.578090958,0,8762
speed focus,109,3,5,3,1,0,0.713629292,0.947232959,1,8762
speed focus,109,4,5,5,1,1,1.166838333,0.234658375,0,8762
speed focus,109,4,5,6,2,0,0.701948916,0.280718834,1,8762
speed focus,109,5,5,2,4,0,0.494932417,0.271847375,0,8762
speed focus,109,5,5,7,4,0,0.521574959,0.130945334,1,8762
speed focus,109,6,5,8,4,0,0.740551375,0.267168875,0,8762
speed focus,109,6,5,8,4,0,0.715805291,0.139690125,1,8762
speed focus,109,7,5,3,4,0,0.854901625,0.653697625,0,8762
speed focus,109,7,5,5,4,1,0.658583541,0.151028542,1,8762
speed focus,109,8,5,5,4,1,0.694551209,0.278837334,0,8762
speed focus,109,8,5,5,4,1,0.595953375,0.311717584,1,8762
speed focus,109,9,5,5,3,1,1.361099458,0.706055667,0,8762
speed focus,109,9,5,5,4,1,0.912834042,0.33857425,1,8762
speed focus,109,10,5,8,3,0,1.32792325,0.968880667,0,8762
speed focus,109,10,5,5,4,1,0.919775291,0.247986958,1,8762
speed focus,110,1,4,4,4,1,0.806647125,0.47217775,0,8833
speed focus,110,1,4,4,4,1,0.553112875,0.086663625,1,8833
speed focus,110,2,4,4,4,1,0.699296792,0.139309833,0,8833
speed focus,110,2,4,4,4,1,0.569346375,0.13947375,1,8833
speed focus,110,3,4,4,4,1,0.694696334,0.124307625,0,8833
speed focus,110,3,4,4,1,1,0.582152958,1.253467,1,8833
speed focus,110,4,4,4,2,1,0.961313292,0.247379708,0,8833
speed focus,110,4,4,4,4,1,0.990205917,0.362176,1,8833
speed focus,110,5,4,5,4,0,0.69592,0.363958417,0,8833
speed focus,110,5,4,4,4,1,0.690190458,0.1626875,1,8833
speed focus,110,6,4,5,4,0,0.623275416,0.315162875,0,8833
speed focus,110,6,4,4,4,1,0.997813667,0.156006333,1,8833
speed focus,110,7,4,3,2,0,0.897399125,0.812597708,0,8833
speed focus,110,7,4,4,4,1,0.784469792,0.172158167,1,8833
speed focus,110,8,4,4,4,1,1.0613335,0.378359958,0,8833
speed focus,110,8,4,4,4,1,0.661703292,0.264164166,1,8833
speed focus,110,9,4,4,2,1,1.338462417,0.853341,0,8833
speed focus,110,9,4,7,2,0,1.150332916,0.690011,1,8833
speed focus,110,10,4,4,4,1,1.1268325,1.22543125,0,8833
speed focus,110,10,4,4,4,1,0.797641417,0.313949333,1,8833
speed focus,111,1,2,2,4,1,0.818119,0.139133,0,8890
speed focus,111,1,2,8,1,0,0.99689725,0.282179875,1,8890
speed focus,111,2,2,6,4,0,0.912818791,0.106600791,0,8890
speed focus,111,2,2,6,4,0,0.706935042,0.231716333,1,8890
speed focus,111,3,2,2,4,1,0.561674,0.097978208,0,8890
speed focus,111,3,2,2,3,1,0.807075042,1.451436709,1,8890
speed focus,111,4,2,2,1,1,1.000056291,0.347884917,0,8890
speed focus,111,4,2,2,3,1,0.913055791,0.329752625,1,8890
speed focus,111,5,2,2,4,1,0.575893875,0.106288458,0,8890
speed focus,111,5,2,2,4,1,0.603735209,0.086584375,1,8890
speed focus,111,6,2,2,4,1,0.715163625,0.265104333,0,8890
speed focus,111,6,2,2,4,1,0.677556666,0.615384541,1,8890
speed focus,111,7,2,1,1,0,1.075564333,0.239521041,0,8890
speed focus,111,7,2,8,4,0,0.741063208,0.158041791,1,8890
speed focus,111,8,2,7,1,0,0.663166167,0.779350875,0,8890
speed focus,111,8,2,7,4,0,0.799147334,0.622797708,1,8890
speed focus,111,9,2,2,2,1,0.933141125,0.58474325,0,8890
speed focus,111,9,2,3,2,0,0.992151583,0.916414458,1,8890
speed focus,111,10,2,7,3,0,1.225647208,1.338231333,0,8890
speed focus,111,10,2,7,4,0,0.885870166,0.234978875,1,8890
speed focus,112,1,4,8,2,0,0.782308833,0.505551708,0,8955
speed focus,112,1,4,4,4,1,0.732786209,0.18724275,1,8955
speed focus,112,2,4,4,4,1,0.770179833,0.152189708,0,8955
speed focus,112,2,4,4,4,1,1.017232209,0.152967625,1,8955
speed focus,112,3,4,3,1,0,0.647821542,1.823142583,0,8955
speed focus,112,3,4,7,1,0,0.694378084,1.0335555,1,8955
speed focus,112,4,4,7,2,0,0.839684917,0.522535625,0,8955
speed focus,112,4,4,8,1,0,0.812984333,0.361068167,1,8955
speed focus,112,5,4,4,4,1,1.2063945,0.176778917,0,8955
speed focus,112,5,4,4,4,1,0.614745291,0.170796083,1,8955
speed focus,112,6,4,4,4,1,1.142388,0.182365958,0,8955
speed focus,112,6,4,4,4,1,0.846075583,0.169359458,1,8955
speed focus,112,7,4,4,4,1,0.700506584,0.212343709,0,8955
speed focus,112,7,4,4,4,1,0.511447375,0.178057083,1,8955
speed focus,112,8,4,4,3,1,1.349414041,0.448580167,0,8955
speed focus,112,8,4,4,4,1,0.817924875,0.204124042,1,8955
speed focus,112,9,4,4,3,1,0.792240541,1.564778083,0,8955
speed focus,112,9,4,4,3,1,0.869259208,0.871111542,1,8955
speed focus,112,10,4,4,4,1,0.962623792,0.410051833,0,8955
speed focus,112,10,4,3,1,0,3.354418875,0.455885625,1,8955
speed focus,113,1,8,8,4,1,0.846573583,0.328198667,0,9089
speed focus,113,1,8,8,4,1,0.588817292,0.121630959,1,9089
speed focus,113,2,8,8,4,1,0.796258291,0.139713709,0,9089
speed focus,113,2,8,8,4,1,0.851002083,0.156024833,1,9089
speed focus,113,3,8,8,4,1,0.695765792,0.644682459,0,9089
speed focus,113,3,8,8,4,1,0.668096209,1.212988791,1,9089
speed focus,113,4,8,1,2,0,0.557583125,1.48436375,0,9089
speed focus,113,4,8,8,4,1,0.876585125,0.235113666,1,9089
speed focus,113,5,8,7,4,0,0.683401208,0.250139334,0,9089
speed focus,113,5,8,8,4,1,0.836109959,0.593775875,1,9089
speed focus,113,6,8,8,2,1,0.909002958,0.267859625,0,9089
speed focus,113,6,8,8,4,1,0.743822625,1.209180167,1,9089
speed focus,113,7,8,8,4,1,0.9474105,0.248735583,0,9089
speed focus,113,7,8,8,4,1,0.678126,0.137727625,1,9089
speed focus,113,8,8,8,4,1,0.756463958,0.412151208,0,9089
speed focus,113,8,8,8,4,1,0.670351917,0.220448541,1,9089
speed focus,113,9,8,8,4,1,0.837859958,0.679077,0,9089
speed focus,113,9,8,3,3,0,0.973190875,1.125534917,1,9089
speed focus,113,10,8,8,4,1,1.004079667,0.232649042,0,9089
speed focus,113,10,8,8,4,1,0.686790291,0.234627334,1,9089
speed focus,114,1,6,6,4,1,0.976657459,0.264891125,0,9147
speed focus,114,1,6,6,3,1,1.352668542,0.410302834,1,9147
speed focus,114,2,6,6,4,1,0.791224833,0.279895917,0,9147
speed focus,114,2,6,6,4,1,0.5794195,0.103201792,1,9147
speed focus,114,3,6,6,3,1,1.026747709,0.064110917,0,9147
speed focus,114,3,6,3,1,0,0.668725542,0.9813955,1,9147
speed focus,114,4,6,6,3,1,1.071824042,0.235543958,0,9147
speed focus,114,4,6,6,4,1,0.833430667,0.089501583,1,9147
speed focus,114,5,6,7,4,0,0.729848875,0.1378665,0,9147
speed focus,114,5,6,7,4,0,0.588286917,0.2932365,1,9147
speed focus,114,6,6,6,4,1,0.799352334,0.122304334,0,9147
speed focus,114,6,6,6,4,1,0.686252125,0.169243458,1,9147
speed focus,114,7,6,6,4,1,0.84496375,0.164794417,0,9147
speed focus,114,7,6,6,4,1,0.523487833,0.158608875,1,9147
speed focus,114,8,6,6,4,1,1.521355709,0.292883667,0,9147
speed focus,114,8,6,6,3,1,1.027779584,0.138005583,1,9147
speed focus,114,9,6,6,4,1,0.802459334,0.265405834,0,9147
speed focus,114,9,6,6,4,1,1.023163458,1.575578583,1,9147
speed focus,114,10,6,6,4,1,1.260038708,0.697825,0,9147
speed focus,114,10,6,6,4,1,0.892500042,0.155978208,1,9147
speed focus,115,1,3,3,4,1,0.665206875,0.12157875,0,9203
speed focus,115,1,3,3,4,1,0.675326958,0.104569417,1,9203
speed focus,115,2,3,3,4,1,0.748075458,0.139470041,0,9203
speed focus,115,2,3,3,4,1,0.657413542,0.443543042,1,9203
speed focus,115,3,3,6,2,0,0.421549667,1.177975083,0,9203
speed focus,115,3,3,3,1,1,0.610075667,1.2799965,1,9203
speed focus,115,4,3,2,3,0,0.297168292,0.306321791,0,9203
speed focus,115,4,3,6,1,0,1.338624667,0.425188917,1,9203
speed focus,115,5,3,2,1,0,0.841887834,0.721656625,0,9203
speed focus,115,5,3,3,4,1,0.724609291,0.404547958,1,9203
speed focus,115,6,3,3,2,1,0.980271792,0.167244916,0,9203
speed focus,115,6,3,3,2,1,1.064062417,0.15462875,1,9203
speed focus,115,7,3,3,4,1,0.977012,0.165599584,0,9203
speed focus,115,7,3,3,4,1,0.668733834,0.157749209,1,9203
speed focus,115,8,3,3,2,1,0.928504667,0.541741625,0,9203
speed focus,115,8,3,3,2,1,0.615827541,0.318099292,1,9203
speed focus,115,9,3,3,4,1,0.791425375,0.331682875,0,9203
speed focus,115,9,3,3,3,1,1.222407458,0.426969833,1,9203
speed focus,115,10,3,3,4,1,1.56537475,1.08217225,0,9203
speed focus,115,10,3,3,4,1,0.677744333,0.247823375,1,9203
speed focus,116,1,8,8,4,1,0.6694285,0.171570541,0,9575
speed focus,116,1,8,8,2,1,0.800324208,0.585192916,1,9575
speed focus,116,2,8,8,4,1,0.687285417,0.425714917,0,9575
speed focus,116,2,8,8,4,1,0.619383416,0.459187875,1,9575
speed focus,116,3,8,6,2,0,0.501625791,1.484755625,0,9575
speed focus,116,3,8,3,3,0,0.734787333,1.246507958,1,9575
speed focus,116,4,8,7,2,0,0.894184333,0.235224083,0,9575
speed focus,116,4,8,7,1,0,0.498706209,0.537862417,1,9575
speed focus,116,5,8,7,4,0,0.841522833,0.19891175,0,9575
speed focus,116,5,8,8,4,1,0.561485375,0.176086041,1,9575
speed focus,116,6,8,8,4,1,0.672994917,0.201904792,0,9575
speed focus,116,6,8,8,4,1,0.658296084,0.122878,1,9575
speed focus,116,7,8,8,4,1,1.059042459,0.218618041,0,9575
speed focus,116,7,8,8,4,1,0.815769416,0.164464042,1,9575
speed focus,116,8,8,8,4,1,0.74934625,0.464960375,0,9575
speed focus,116,8,8,8,4,1,0.642234708,0.237961666,1,9575
speed focus,116,9,8,8,4,1,0.7249805,0.232211625,0,9575
speed focus,116,9,8,8,2,1,1.118801833,0.660349542,1,9575
speed focus,116,10,8,8,4,1,0.991291458,0.3455635,0,9575
speed focus,116,10,8,7,3,0,0.956672833,0.425820208,1,9575
speed focus,117,1,3,3,3,1,0.77423675,0.137991458,0,9708
speed focus,117,1,3,3,4,1,0.608583334,0.137910625,1,9708
speed focus,117,2,3,3,4,1,0.653644792,0.12286525,0,9708
speed focus,117,2,3,3,4,1,0.776003167,0.472593,1,9708
speed focus,117,3,3,3,4,1,0.634758125,0.157208833,0,9708
speed focus,117,3,3,3,4,1,0.5595325,1.092548458,1,9708
speed focus,117,4,3,3,1,1,0.794009416,0.24744475,0,9708
speed focus,117,4,3,3,4,1,0.452264084,0.391587792,1,9708
speed focus,117,5,3,4,3,0,0.591232875,0.143931333,0,9708
speed focus,117,5,3,4,4,0,0.82010025,0.18089475,1,9708
speed focus,117,6,3,3,3,1,0.625052541,0.215102208,0,9708
speed focus,117,6,3,3,4,1,0.808778625,0.152386625,1,9708
speed focus,117,7,3,4,3,0,0.869451875,0.173424417,0,9708
speed focus,117,7,3,3,4,1,1.211542375,0.132763584,1,9708
speed focus,117,8,3,3,2,1,0.984482959,1.43533325,0,9708
speed focus,117,8,3,3,4,1,0.5914325,0.359682,1,9708
speed focus,117,9,3,3,4,1,0.858273833,0.265066542,0,9708
speed focus,117,9,3,3,4,1,0.756794083,0.393775416,1,9708
speed focus,117,10,3,3,4,1,0.955517917,0.314284125,0,9708
speed focus,117,10,3,2,1,0,1.154773583,1.162788334,1,9708
speed focus,118,1,2,2,4,1,0.853773792,0.120966542,0,9780
speed focus,118,1,2,8,1,0,0.8196355,0.235700208,1,9780
speed focus,118,2,2,6,1,0,0.96672975,0.1194605,0,9780
speed focus,118,2,2,7,1,0,0.93437425,0.458369709,1,9780
speed focus,118,3,2,2,4,1,0.554414958,1.326269125,0,9780
speed focus,118,3,2,2,4,1,0.622968458,1.2523255,1,9780
speed focus,118,4,2,3,3,0,0.962998667,0.201327375,0,9780
speed focus,118,4,2,3,2,0,0.874195041,0.4412945,1,9780
speed focus,118,5,2,3,1,0,0.802341042,0.816690875,0,9780
speed focus,118,5,2,8,4,0,0.38912925,0.176098459,1,9780
speed focus,118,6,2,2,4,1,0.792481542,0.267335625,0,9780
speed focus,118,6,2,2,3,1,0.822516583,0.29825475,1,9780
speed focus,118,7,2,2,4,1,0.836345417,0.256138375,0,9780
speed focus,118,7,2,2,4,1,0.662007333,0.138505791,1,9780
speed focus,118,8,2,2,4,1,0.823383125,0.404908875,0,9780
speed focus,118,8,2,5,2,0,1.001067083,0.239582375,1,9780
speed focus,118,9,2,2,2,1,1.250043541,1.301524125,0,9780
speed focus,118,9,2,8,2,0,1.077500709,0.739571667,1,9780
speed focus,118,10,2,2,4,1,1.032806167,1.015036083,0,9780
speed focus,118,10,2,2,4,1,0.71087,0.218335917,1,9780
speed focus,119,1,5,8,2,0,1.246714083,0.729097667,0,9942
speed focus,119,1,5,3,4,0,0.947594834,1.705470959,1,9942
speed focus,119,2,5,8,2,0,1.042973042,0.408997375,0,9942
speed focus,119,2,5,5,4,1,0.929534458,0.153239583,1,9942
speed focus,119,3,5,3,1,0,1.076984584,1.168040666,0,9942
speed focus,119,3,5,3,1,0,0.77495075,1.0144315,1,9942
speed focus,119,4,5,5,1,1,1.033705375,0.217692916,0,9942
speed focus,119,4,5,8,4,0,0.760892875,0.281495292,1,9942
speed focus,119,5,5,3,4,0,0.714217416,0.277094,0,9942
speed focus,119,5,5,8,4,0,0.795906166,0.182412333,1,9942
speed focus,119,6,5,5,4,1,1.053200917,0.344039209,0,9942
speed focus,119,6,5,8,4,0,0.718536666,0.13616375,1,9942
speed focus,119,7,5,5,4,1,0.657236416,0.099879917,0,9942
speed focus,119,7,5,5,4,1,0.542618959,0.110827458,1,9942
speed focus,119,8,5,8,4,0,1.074270917,0.218631958,0,9942
speed focus,119,8,5,5,4,1,1.088575084,0.997340291,1,9942
speed focus,119,9,5,8,3,0,1.124952875,0.620044875,0,9942
speed focus,119,9,5,8,3,0,1.031965417,0.671964375,1,9942
speed focus,119,10,5,8,4,0,0.951602,0.362922375,0,9942
speed focus,119,10,5,5,4,1,1.386631083,0.459374042,1,9942
speed focus,120,1,6,6,2,1,0.726589792,0.184860792,0,9990
speed focus,120,1,6,6,4,1,0.900329,0.10549725,1,9990
speed focus,120,2,6,6,4,1,0.716564791,0.122956875,0,9990
speed focus,120,2,6,6,4,1,0.614565167,0.123014708,1,9990
speed focus,120,3,6,6,4,1,0.768241375,3.902544042,0,9990
speed focus,120,3,6,6,2,1,0.748190584,1.065629375,1,9990
speed focus,120,4,6,6,2,1,0.809103375,0.330831625,0,9990
speed focus,120,4,6,6,2,1,1.146525083,0.264610333,1,9990
speed focus,120,5,6,6,4,1,0.667249458,0.390174,0,9990
speed focus,120,5,6,7,4,0,0.603100125,0.203480541,1,9990
speed focus,120,6,6,6,4,1,0.691460833,0.106407958,0,9990
speed focus,120,6,6,6,4,1,0.83762475,0.106781667,1,9990
speed focus,120,7,6,6,4,1,0.894610375,0.135688667,0,9990
speed focus,120,7,6,6,4,1,0.874244917,0.231748583,1,9990
speed focus,120,8,6,6,4,1,0.954202917,0.430966375,0,9990
speed focus,120,8,6,5,1,0,0.950235625,0.681804333,1,9990
speed focus,120,9,6,6,4,1,1.142458584,0.585611708,0,9990
speed focus,120,9,6,6,4,1,1.193213417,0.625975875,1,9990
speed focus,120,10,6,6,4,1,2.078051417,0.551736875,0,9990
speed focus,120,10,6,6,4,1,0.790348875,0.295497917,1,9990
speed focus,1,1,3,3,4,1,0.53607825,0.202010709,0,33
speed focus,1,1,3,3,4,1,0.545703583,0.104966875,1,33
speed focus,1,2,3,3,4,1,0.604179542,0.45963625,0,33
speed focus,1,2,3,3,4,1,0.591712833,0.139053375,1,33
speed focus,1,3,3,3,4,1,0.569943583,0.6770725,0,33
speed focus,1,3,3,3,1,1,0.555251875,1.100748917,1,33
speed focus,1,4,3,6,2,0,1.345884667,0.217786708,0,33
speed focus,1,4,3,3,4,1,0.573724458,0.34419125,1,33
speed focus,1,5,3,2,4,0,0.501443834,0.22334275,0,33
speed focus,1,5,3,3,4,1,0.627997667,0.506603291,1,33
speed focus,1,6,3,3,4,1,0.707219042,0.155872292,0,33
speed focus,1,6,3,3,4,1,0.704245375,0.139050291,1,33
speed focus,1,7,3,3,4,1,0.629619166,0.172551,0,33
speed focus,1,7,3,3,4,1,0.584255541,0.157713667,1,33
speed focus,1,8,3,3,4,1,0.905248833,0.365065084,0,33
speed focus,1,8,3,3,4,1,0.45408975,0.204565375,1,33
speed focus,1,9,3,3,4,1,0.748979167,0.4748315,0,33
speed focus,1,9,3,3,4,1,0.597073916,0.286819208,1,33
speed focus,1,10,3,3,4,1,1.0619765,0.264365875,0,33
speed focus,1,10,3,3,4,1,1.19364975,0.281736125,1,33
speed focus,2,1,3,3,4,1,0.659755166,0.664805584,0,45
speed focus,2,1,3,3,4,1,0.615515833,0.18488225,1,45
speed focus,2,2,3,3,4,1,0.568293708,0.139198083,0,45
speed focus,2,2,3,3,4,1,0.664880583,0.217923709,1,45
speed focus,2,3,3,3,4,1,0.595838917,1.308032875,0,45
speed focus,2,3,3,3,3,1,0.588130041,2.403493,1,45
speed focus,2,4,3,3,1,1,1.29421675,0.235097584,0,45
speed focus,2,4,3,3,1,1,0.617138791,0.283807666,1,45
speed focus,2,5,3,3,4,1,0.600112,0.263255584,0,45
speed focus,2,5,3,3,4,1,0.527243125,0.190669917,1,45
speed focus,2,6,3,3,4,1,0.6747555,0.136437458,0,45
speed focus,2,6,3,3,4,1,0.59236775,0.152786583,1,45
speed focus,2,7,3,3,4,1,0.635369292,0.17942325,0,45
speed focus,2,7,3,3,4,1,0.722962208,0.190567625,1,45
speed focus,2,8,3,3,4,1,0.76483375,0.364728292,0,45
speed focus,2,8,3,3,2,1,0.661680958,0.257960834,1,45
speed focus,2,9,3,3,4,1,0.758217333,0.359397208,0,45
speed focus,2,9,3,3,4,1,0.752355041,0.419642,1,45
speed focus,2,10,3,3,4,1,1.929564583,1.256192583,0,45
speed focus,2,10,3,3,4,1,0.820279209,0.284585625,1,45
speed focus,3,1,1,1,4,1,0.546776083,0.124754125,0,95
speed focus,3,1,1,8,2,0,0.685645625,0.312788709,1,95
speed focus,3,2,1,1,4,1,0.568738625,0.172450208,0,95
speed focus,3,2,1,1,4,1,0.535485875,0.1553595,1,95
speed focus,3,3,1,1,3,1,0.576139917,0.760328583,0,95
speed focus,3,3,1,7,1,0,0.627806834,1.000308583,1,95
speed focus,3,4,1,1,3,1,0.728258292,0.250783417,0,95
speed focus,3,4,1,1,1,1,0.611895084,0.664681041,1,95
speed focus,3,5,1,1,4,1,0.744472959,0.317677792,0,95
speed focus,3,5,1,1,4,1,0.597016417,0.203348,1,95
speed focus,3,6,1,1,4,1,0.611698458,0.155931916,0,95
speed focus,3,6,1,1,4,1,0.501456708,0.248279167,1,95
speed focus,3,7,1,1,4,1,0.539421375,0.459268708,0,95
speed focus,3,7,1,1,4,1,0.516182458,0.551875416,1,95
speed focus,3,8,1,1,4,1,0.8618835,0.674057042,0,95
speed focus,3,8,1,1,4,1,0.683344291,0.364311667,1,95
speed focus,3,9,1,1,4,1,0.70809725,0.626733584,0,95
speed focus,3,9,1,1,4,1,0.76384775,0.452466375,1,95
speed focus,3,10,1,1,4,1,0.768088291,0.491400917,0,95
speed focus,3,10,1,1,4,1,0.592375416,0.201382042,1,95
speed focus,4,1,1,1,4,1,0.5862845,0.154202834,0,7192
speed focus,4,1,1,1,4,1,1.0497305,0.248765,1,7192
speed focus,4,2,1,7,2,0,1.037316,1.162960291,0,7192
speed focus,4,2,1,7,4,0,1.2751405,0.155622125,1,7192
speed focus,4,3,1,4,1,0,0.747368625,1.368103625,0,7192
speed focus,4,3,1,8,2,0,0.86219375,1.027306125,1,7192
speed focus,4,4,1,7,4,0,1.045387625,0.183502208,0,7192
speed focus,4,4,1,7,2,0,0.534460708,0.586962958,1,7192
speed focus,4,5,1,1,4,1,0.594720208,0.298746,0,7192
speed focus,4,5,1,1,4,1,0.534962417,0.483805667,1,7192
speed focus,4,6,1,4,4,0,0.925447084,0.168637583,0,7192
speed focus,4,6,1,2,1,0,0.630231166,0.330317166,1,7192
speed focus,4,7,1,1,4,1,0.703507458,0.709601042,0,7192
speed focus,4,7,1,1,1,1,0.568746292,0.178195292,1,7192
speed focus,4,8,1,7,4,0,0.668693542,0.28508725,0,7192
speed focus,4,8,1,7,3,0,1.010921,0.286535041,1,7192
speed focus,4,9,1,1,3,1,1.373211,1.705750792,0,7192
speed focus,4,9,1,7,2,0,0.890534833,0.894962916,1,7192
speed focus,4,10,1,1,3,1,0.858611625,0.808610042,0,7192
speed focus,4,10,1,1,4,1,0.574063166,0.251756541,1,7192
speed focus,5,1,6,6,4,1,0.845157375,0.266210917,0,500
speed focus,5,1,6,7,4,0,0.668728584,0.12139675,1,500
speed focus,5,2,6,6,4,1,0.871485542,0.119821291,0,500
speed focus,5,2,6,7,1,0,0.885729541,0.426047958,1,500
speed focus,5,3,6,8,2,0,0.614940208,1.094080291,0,500
speed focus,5,3,6,3,1,0,0.568307459,1.110073458,1,500
speed focus,5,4,6,2,1,0,0.439786375,0.713809875,0,500
speed focus,5,4,6,6,3,1,0.827511,0.329634042,1,500
speed focus,5,5,6,6,4,1,0.963675833,0.203493,0,500
speed focus,5,5,6,5,4,0,0.7103775,0.157947666,1,500
speed focus,5,6,6,7,3,0,0.888570041,0.410625958,0,500
speed focus,5,6,6,4,4,0,0.701291041,0.119497875,1,500
speed focus,5,7,6,6,4,1,1.126976,0.6367635,0,500
speed focus,5,7,6,1,4,0,0.846099208,0.217692625,1,500
speed focus,5,8,6,6,4,1,1.2391115,0.432293084,0,500
speed focus,5,8,6,7,4,0,1.156051625,0.244421417,1,500
speed focus,5,9,6,6,2,1,1.564993875,1.143960916,0,500
speed focus,5,9,6,7,2,0,1.006922625,0.6554965,1,500
speed focus,5,10,6,6,4,1,2.568190208,0.742842458,0,500
speed focus,5,10,6,1,4,0,0.853781542,0.363232292,1,500
speed focus,6,1,2,2,4,1,0.555509583,0.184729375,0,517
speed focus,6,1,2,2,2,1,0.557957417,0.121322333,1,517
speed focus,6,2,2,2,4,1,0.723187833,0.135989292,0,517
speed focus,6,2,2,2,4,1,0.60552975,0.1227085,1,517
speed focus,6,3,2,2,2,1,0.580672375,1.158383833,0,517
speed focus,6,3,2,2,4,1,0.500351625,1.078503458,1,517
speed focus,6,4,2,2,4,1,0.672889666,0.313675125,0,517
speed focus,6,4,2,2,3,1,0.672848125,0.395013209,1,517
speed focus,6,5,2,2,4,1,0.681050292,0.171536541,0,517
speed focus,6,5,2,2,4,1,0.6411565,0.218178042,1,517
speed focus,6,6,2,2,4,1,0.57591375,0.218541166,0,517
speed focus,6,6,2,2,4,1,0.656827125,0.455242875,1,517
speed focus,6,7,2,2,4,1,0.616902542,0.185133416,0,517
speed focus,6,7,2,2,4,1,0.669802834,0.137793709,1,517
speed focus,6,8,2,2,4,1,0.71085575,0.217981083,0,517
speed focus,6,8,2,2,4,1,0.647095459,0.607480041,1,517
speed focus,6,9,2,2,4,1,0.677386,0.690694042,0,517
speed focus,6,9,2,2,4,1,0.882063791,0.436442083,1,517
speed focus,6,10,2,2,4,1,1.025750666,0.314684083,0,517
speed focus,6,10,2,2,4,1,0.870365584,0.828400083,1,517
speed focus,7,1,8,3,2,0,0.85001775,2.731335,0,583
speed focus,7,1,8,3,4,0,0.92241625,0.121437875,1,583
speed focus,7,2,8,8,4,1,0.844534459,0.106627542,0,583
speed focus,7,2,8,4,4,0,1.418543542,0.201519667,1,583
speed focus,7,3,8,2,4,0,0.953053291,0.244201708,0,583
speed focus,7,3,8,2,1,0,0.587862041,1.384888875,1,583
speed focus,7,4,8,2,4,0,0.635091208,0.250808458,0,583
speed focus,7,4,8,6,2,0,1.528796875,0.313387583,1,583
speed focus,7,5,8,2,4,0,0.601894417,0.170253084,0,583
speed focus,7,5,8,2,4,0,0.635266,0.170266125,1,583
speed focus,7,6,8,2,4,0,0.663581916,0.188447208,0,583
speed focus,7,6,8,2,2,0,0.590369166,0.202186125,1,583
speed focus,7,7,8,3,2,0,0.771141833,0.694664,0,583
speed focus,7,7,8,2,4,0,0.65642975,0.219609375,1,583
speed focus,7,8,8,3,2,0,0.933792625,0.3717185,0,583
speed focus,7,8,8,3,2,0,0.752449917,0.368784,1,583
speed focus,7,9,8,3,3,0,0.84532125,0.681292625,0,583
speed focus,7,9,8,3,4,0,0.883868708,0.225592292,1,583
speed focus,7,10,8,8,3,1,1.45179675,0.585825625,0,583
speed focus,7,10,8,7,2,0,1.302554417,0.410366291,1,583
speed focus,8,1,3,3,1,1,0.995552625,0.295503375,0,638
speed focus,8,1,3,3,4,1,0.890482917,0.055951167,1,638
speed focus,8,2,3,3,4,1,0.729823875,0.168967292,0,638
speed focus,8,2,3,3,4,1,0.5428375,0.459745792,1,638
speed focus,8,3,3,4,1,0,0.491989583,1.285789666,0,638
speed focus,8,3,3,3,4,1,0.570594917,1.406462875,1,638
speed focus,8,4,3,3,2,1,0.822605125,0.44422675,0,638
speed focus,8,4,3,3,3,1,0.753860291,0.425016166,1,638
speed focus,8,5,3,3,4,1,1.001678625,0.256212542,0,638
speed focus,8,5,3,2,4,0,0.366479209,0.148845375,1,638
speed focus,8,6,3,4,4,0,0.695228333,0.329217292,0,638
speed focus,8,6,3,3,4,1,0.658755709,0.119259334,1,638
speed focus,8,7,3,3,4,1,1.003354167,0.178679792,0,638
speed focus,8,7,3,3,3,1,0.501268375,0.528514667,1,638
speed focus,8,8,3,3,4,1,0.69536075,0.297982833,0,638
speed focus,8,8,3,3,4,1,0.612451583,0.331187458,1,638
speed focus,8,9,3,8,2,0,1.439631417,1.087878875,0,638
speed focus,8,9,3,3,4,1,0.744747083,0.319753667,1,638
speed focus,8,10,3,8,4,0,1.412514459,1.753727,0,638
speed focus,8,10,3,8,1,0,0.6072205,1.175992959,1,638
speed focus,9,1,5,5,4,1,0.879486625,0.103929792,0,721
speed focus,9,1,5,5,3,1,1.014513792,0.40982075,1,721
speed focus,9,2,5,5,4,1,1.022438459,0.123233917,0,721
speed focus,9,2,5,8,4,0,0.747439458,0.423791125,1,721
speed focus,9,3,5,3,2,0,0.574076708,3.473322583,0,721
speed focus,9,3,5,5,2,1,0.566984708,1.193329875,1,721
speed focus,9,4,5,5,2,1,1.281988541,0.217282709,0,721
speed focus,9,4,5,5,1,1,0.944037041,0.391841041,1,721
speed focus,9,5,5,6,4,0,0.621225792,0.242125625,0,721
speed focus,9,5,5,5,4,1,0.673235833,0.157058875,1,721
speed focus,9,6,5,5,4,1,0.6413215,0.185426791,0,721
speed focus,9,6,5,5,4,1,1.035042708,0.139508625,1,721
speed focus,9,7,5,5,4,1,0.823836708,0.147199666,0,721
speed focus,9,7,5,5,4,1,0.873638292,0.077697042,1,721
speed focus,9,8,5,5,3,1,1.096436791,0.457393416,0,721
speed focus,9,8,5,5,4,1,0.574631209,0.244762584,1,721
speed focus,9,9,5,5,4,1,0.853504916,0.245609,0,721
speed focus,9,9,5,5,4,1,0.920900375,0.944344,1,721
speed focus,9,10,5,5,4,1,0.6845725,0.330350542,0,721
speed focus,9,10,5,5,4,1,0.998633041,0.234001667,1,721
speed focus,10,1,4,7,1,0,1.611942417,1.174348542,0,766
speed focus,10,1,4,4,3,1,0.872404834,0.281954334,1,766
speed focus,10,2,4,4,4,1,0.606242334,0.136264709,0,766
speed focus,10,2,4,4,4,1,0.64044,0.135945166,1,766
speed focus,10,3,4,4,1,1,0.868529583,0.973614584,0,766
speed focus,10,3,4,4,3,1,0.455093417,1.730842375,1,766
speed focus,10,4,4,4,4,1,0.825715583,0.282320917,0,766
speed focus,10,4,4,4,4,1,1.204975417,0.329113833,1,766
speed focus,10,5,4,4,4,1,0.569883458,0.143188333,0,766
speed focus,10,5,4,4,4,1,0.555877958,0.157438209,1,766
speed focus,10,6,4,4,4,1,0.72639925,0.172291875,0,766
speed focus,10,6,4,4,4,1,0.748137792,0.152387208,1,766
speed focus,10,7,4,4,4,1,0.615966542,0.165335542,0,766
speed focus,10,7,4,4,4,1,0.545234208,0.171345208,1,766
speed focus,10,8,4,4,4,1,0.6105485,0.21122625,0,766
speed focus,10,8,4,4,4,1,0.887889667,0.231075542,1,766
speed focus,10,9,4,4,4,1,0.756420417,0.252484417,0,766
speed focus,10,9,4,4,4,1,1.238498125,0.496144459,1,766
speed focus,10,10,4,4,4,1,0.72120525,0.455804333,0,766
speed focus,10,10,4,4,4,1,1.462165917,0.472930292,1,766
speed focus,11,1,4,4,3,1,1.513232042,1.6898565,0,803
speed focus,11,1,4,4,4,1,0.753511834,0.135795416,1,803
speed focus,11,2,4,4,4,1,0.697018875,0.154442375,0,803
speed focus,11,2,4,4,4,1,0.573030042,0.136437125,1,803
speed focus,11,3,4,3,4,0,0.616409958,0.249455959,0,803
speed focus,11,3,4,4,4,1,0.635919833,1.053343541,1,803
speed focus,11,4,4,4,4,1,0.74849675,0.330566166,0,803
speed focus,11,4,4,4,1,1,0.726015667,0.618644083,1,803
speed focus,11,5,4,4,4,1,0.683365875,0.176573917,0,803
speed focus,11,5,4,4,4,1,0.543101584,0.150260125,1,803
speed focus,11,6,4,4,4,1,0.5178785,0.201869083,0,803
speed focus,11,6,4,4,4,1,1.234077959,0.215567,1,803
speed focus,11,7,4,4,4,1,0.595681,0.18692325,0,803
speed focus,11,7,4,4,4,1,0.611980292,0.178088791,1,803
speed focus,11,8,4,4,4,1,0.861603,0.344874166,0,803
speed focus,11,8,4,4,4,1,0.637712666,0.287158125,1,803
speed focus,11,9,4,4,3,1,0.744097709,0.835658375,0,803
speed focus,11,9,4,4,4,1,0.753957708,0.6760715,1,803
speed focus,11,10,4,4,4,1,1.173734709,0.327776917,0,803
speed focus,11,10,4,4,4,1,0.689049834,0.201741417,1,803
speed focus,12,1,8,5,4,0,0.931258375,0.374508792,0,845
speed focus,12,1,8,8,4,1,0.834935791,0.203027958,1,845
speed focus,12,2,8,8,4,1,0.764722958,0.506279,0,845
speed focus,12,2,8,5,4,0,0.605838375,0.393418625,1,845
speed focus,12,3,8,8,2,1,0.848031208,0.907912667,0,845
speed focus,12,3,8,5,2,0,0.819336125,1.298826458,1,845
speed focus,12,4,8,6,2,0,0.296349125,0.2185405,0,845
speed focus,12,4,8,8,1,1,0.829307708,0.250894375,1,845
speed focus,12,5,8,6,4,0,0.753195042,0.335602292,0,845
speed focus,12,5,8,8,4,1,0.389544083,0.253205083,1,845
speed focus,12,6,8,8,4,1,0.656714917,0.168859291,0,845
speed focus,12,6,8,8,4,1,0.658503833,0.073620667,1,845
speed focus,12,7,8,8,4,1,1.140858917,0.170945834,0,845
speed focus,12,7,8,5,4,0,1.268007958,0.144280125,1,845
speed focus,12,8,8,8,2,1,0.933174292,0.584512666,0,845
speed focus,12,8,8,5,4,0,0.957294208,0.205751209,1,845
speed focus,12,9,8,5,3,0,1.213697542,1.238282958,0,845
speed focus,12,9,8,8,4,1,0.875087459,0.225592625,1,845
speed focus,12,10,8,5,4,0,2.230260666,1.146042125,0,845
speed focus,12,10,8,8,4,1,1.60125925,0.549973917,1,845
speed focus,13,1,7,7,2,1,1.547121542,2.3272635,0,942
speed focus,13,1,7,7,4,1,0.857600792,0.105844375,1,942
speed focus,13,2,7,7,4,1,0.639194916,0.122932291,0,942
speed focus,13,2,7,7,4,1,0.651497208,0.123282125,1,942
speed focus,13,3,7,6,2,0,0.688213167,0.975603125,0,942
speed focus,13,3,7,7,4,1,0.568897375,1.337438834,1,942
speed focus,13,4,7,7,2,1,1.649951375,0.151592708,0,942
speed focus,13,4,7,2,4,0,0.556649417,0.266093125,1,942
speed focus,13,5,7,7,4,1,0.83753475,0.178771,0,942
speed focus,13,5,7,7,4,1,0.720618708,0.170029834,1,942
speed focus,13,6,7,7,4,1,0.532370667,0.216992459,0,942
speed focus,13,6,7,7,4,1,0.534490375,0.12311325,1,942
speed focus,13,7,7,4,3,0,0.575913542,1.327011667,0,942
speed focus,13,7,7,7,4,1,0.748871458,0.097677,1,942
speed focus,13,8,7,7,4,1,0.729506916,0.359513542,0,942
speed focus,13,8,7,7,4,1,0.798715417,0.47278125,1,942
speed focus,13,9,7,7,4,1,0.836370875,0.459775625,0,942
speed focus,13,9,7,7,4,1,1.091190917,0.472871041,1,942
speed focus,13,10,7,7,4,1,0.92494,0.2970165,0,942
speed focus,13,10,7,7,4,1,0.902973125,0.218282917,1,942
speed focus,14,1,8,8,4,1,0.716986291,0.154500125,0,1008
speed focus,14,1,8,8,4,1,0.564989583,0.121808875,1,1008
speed focus,14,2,8,8,1,1,0.736891625,0.248042708,0,1008
speed focus,14,2,8,8,4,1,0.619031917,0.422776375,1,1008
speed focus,14,3,8,8,4,1,0.628148084,5.316626959,0,1008
speed focus,14,3,8,7,2,0,0.661767375,1.074284334,1,1008
speed focus,14,4,8,7,3,0,1.155632708,0.345092292,0,1008
speed focus,14,4,8,8,2,1,0.841214375,0.314661334,1,1008
speed focus,14,5,8,8,4,1,0.60135675,0.155556042,0,1008
speed focus,14,5,8,8,4,1,0.645640542,0.217053459,1,1008
speed focus,14,6,8,8,4,1,0.751192666,0.120478958,0,1008
speed focus,14,6,8,8,4,1,0.65413925,0.1061665,1,1008
speed focus,14,7,8,8,4,1,0.676794625,0.198431,0,1008
speed focus,14,7,8,8,4,1,0.549280084,0.150672583,1,1008
speed focus,14,8,8,8,4,1,0.602086792,0.238695667,0,1008
speed focus,14,8,8,8,4,1,0.6315205,0.31755075,1,1008
speed focus,14,9,8,8,4,1,0.810202125,0.341349542,0,1008
speed focus,14,9,8,8,4,1,0.8579415,0.40688375,1,1008
speed focus,14,10,8,8,4,1,0.665754583,0.409924042,0,1008
speed focus,14,10,8,8,4,1,0.946245834,0.202667459,1,1008
speed focus,15,1,4,5,1,0,0.679819541,0.9685645,0,1079
speed focus,15,1,4,4,4,1,0.773736084,0.124684417,1,1079
speed focus,15,2,4,4,4,1,0.623114916,0.169385083,0,1079
speed focus,15,2,4,4,4,1,0.572042083,0.139134541,1,1079
speed focus,15,3,4,4,1,1,0.823889875,0.124984334,0,1079
speed focus,15,3,4,4,4,1,0.547666083,1.13954275,1,1079
speed focus,15,4,4,4,3,1,0.711646041,0.377395666,0,1079
speed focus,15,4,4,4,4,1,0.943466292,0.265583209,1,1079
speed focus,15,5,4,4,4,1,0.554461292,0.142024708,0,1079
speed focus,15,5,4,4,4,1,0.716517041,0.176374833,1,1079
speed focus,15,6,4,4,4,1,0.85994625,0.16979625,0,1079
speed focus,15,6,4,4,4,1,0.878534875,0.152778542,1,1079
speed focus,15,7,4,4,4,1,0.588143125,0.184444375,0,1079
speed focus,15,7,4,4,4,1,0.544226667,0.184188375,1,1079
speed focus,15,8,4,4,4,1,0.880158291,0.341279375,0,1079
speed focus,15,8,4,4,3,1,1.192677959,0.38437675,1,1079
speed focus,15,9,4,4,4,1,0.72432725,0.245433833,0,1079
speed focus,15,9,4,4,4,1,0.649950709,0.419302416,1,1079
speed focus,15,10,4,4,4,1,0.740362625,0.361786208,0,1079
speed focus,15,10,4,4,4,1,0.708699917,0.504898583,1,1079
speed focus,16,1,5,5,4,1,1.157232792,0.361345458,0,1114
speed focus,16,1,5,5,4,1,0.970069334,0.796358041,1,1114
speed focus,16,2,5,5,4,1,0.868782083,0.426886292,0,1114
speed focus,16,2,5,5,4,1,0.569249833,0.41036075,1,1114
speed focus,16,3,5,4,2,0,0.58339675,1.093339875,0,1114
speed focus,16,3,5,5,4,1,0.594179167,1.238701792,1,1114
speed focus,16,4,5,5,4,1,0.937007917,0.204570416,0,1114
speed focus,16,4,5,5,3,1,0.845782041,0.12085825,1,1114
speed focus,16,5,5,4,4,0,0.601494375,0.290304042,0,1114
speed focus,16,5,5,5,4,1,0.71555225,0.190841375,1,1114
speed focus,16,6,5,5,4,1,0.712456459,0.123198709,0,1114
speed focus,16,6,5,5,4,1,0.723754916,0.138112166,1,1114
speed focus,16,7,5,6,4,0,0.744917916,0.50208225,0,1114
speed focus,16,7,5,5,4,1,0.916003625,1.013655125,1,1114
speed focus,16,8,5,5,4,1,0.65622125,0.511829292,0,1114
speed focus,16,8,5,5,4,1,0.590884417,0.12894,1,1114
speed focus,16,9,5,5,4,1,1.065146917,0.633039958,0,1114
speed focus,16,9,5,5,4,1,0.69124375,0.460855458,1,1114
speed focus,16,10,5,5,4,1,0.953677834,0.37672825,0,1114
speed focus,16,10,5,5,4,1,0.837498083,0.698125,1,1114
speed focus,17,1,5,5,2,1,1.275560709,0.298144667,0,1116
speed focus,17,1,5,5,2,1,0.815793834,0.362825875,1,1116
speed focus,17,2,5,5,4,1,0.828349208,0.09043725,0,1116
speed focus,17,2,5,5,4,1,0.654635083,0.10685625,1,1116
speed focus,17,3,5,5,4,1,0.588304875,1.426103709,0,1116
speed focus,17,3,5,5,4,1,0.566859916,0.787097834,1,1116
speed focus,17,4,5,5,4,1,0.936139042,0.2007445,0,1116
speed focus,17,4,5,5,4,1,0.845414416,0.29847325,1,1116
speed focus,17,5,5,4,1,0,0.526087583,0.850552833,0,1116
speed focus,17,5,5,5,4,1,0.628523041,0.229904667,1,1116
speed focus,17,6,5,5,4,1,0.6350065,0.188579333,0,1116
speed focus,17,6,5,4,4,0,0.829329875,0.634881875,1,1116
speed focus,17,7,5,5,4,1,0.841212959,0.79263425,0,1116
speed focus,17,7,5,5,4,1,0.659949625,0.104043916,1,1116
speed focus,17,8,5,5,3,1,0.689128166,0.218231208,0,1116
speed focus,17,8,5,5,3,1,0.868525292,0.451526916,1,1116
speed focus,17,9,5,5,4,1,0.917928333,0.271744459,0,1116
speed focus,17,9,5,5,4,1,0.926687834,0.46558875,1,1116
speed focus,17,10,5,5,4,1,1.334488417,0.695511792,0,1116
speed focus,17,10,5,4,1,0,0.713181542,1.130736292,1,1116
speed focus,18,1,4,4,4,1,0.64120325,0.138462209,0,1159
speed focus,18,1,4,4,4,1,0.707616916,0.088270333,1,1159
speed focus,18,2,4,4,4,1,0.566251458,0.155910334,0,1159
speed focus,18,2,4,4,4,1,0.567105708,0.172245416,1,1159
speed focus,18,3,4,4,4,1,0.472029583,1.532226583,0,1159
speed focus,18,3,4,4,2,1,0.595491875,1.119734334,1,1159
speed focus,18,4,4,4,4,1,0.605376,0.587989208,0,1159
speed focus,18,4,4,4,4,1,0.581454542,0.348242375,1,1159
speed focus,18,5,4,3,4,0,0.807588792,0.158317334,0,1159
speed focus,18,5,4,4,4,1,0.884078875,0.183439667,1,1159
speed focus,18,6,4,4,4,1,1.014057041,0.168734625,0,1159
speed focus,18,6,4,4,4,1,0.830457833,0.139180875,1,1159
speed focus,18,7,4,4,4,1,0.691815667,0.19926175,0,1159
speed focus,18,7,4,4,4,1,0.602165,0.197794125,1,1159
speed focus,18,8,4,4,4,1,1.020630333,0.311204333,0,1159
speed focus,18,8,4,4,4,1,0.581428584,0.230601375,1,1159
speed focus,18,9,4,4,4,1,0.685445125,0.191583208,0,1159
speed focus,18,9,4,4,4,1,0.555977,0.205828625,1,1159
speed focus,18,10,4,4,4,1,1.087224958,0.376834917,0,1159
speed focus,18,10,4,4,4,1,0.714623208,0.23303825,1,1159
speed focus,19,1,6,6,4,1,0.778258208,0.154622583,0,1200
speed focus,19,1,6,6,4,1,0.934856292,0.507996791,1,1200
speed focus,19,2,6,6,4,1,0.602585333,0.202241417,0,1200
speed focus,19,2,6,6,4,1,0.662075291,0.138986459,1,1200
speed focus,19,3,6,6,4,1,0.895873083,3.073114125,0,1200
speed focus,19,3,6,6,3,1,0.501469584,1.345895625,1,1200
speed focus,19,4,6,7,2,0,1.059546042,0.2182485,0,1200
speed focus,19,4,6,6,2,1,0.776423833,0.264421,1,1200
speed focus,19,5,6,6,4,1,0.563394792,0.143202167,0,1200
speed focus,19,5,6,6,4,1,0.470253625,0.230970958,1,1200
speed focus,19,6,6,6,4,1,1.206079417,0.361121375,0,1200
speed focus,19,6,6,6,4,1,0.711229042,0.140046458,1,1200
speed focus,19,7,6,6,4,1,1.237963417,0.152450375,0,1200
speed focus,19,7,6,6,4,1,0.798984291,0.191183958,1,1200
speed focus,19,8,6,6,4,1,0.835964625,0.250990916,0,1200
speed focus,19,8,6,6,3,1,1.04959575,0.41409075,1,1200
speed focus,19,9,6,6,4,1,1.186703667,0.307141833,0,1200
speed focus,19,9,6,6,4,1,1.74661625,1.11759775,1,1200
speed focus,19,10,6,5,1,0,0.696203917,4.679869542,0,1200
speed focus,19,10,6,6,4,1,1.064859458,0.234856709,1,1200
speed focus,20,1,4,4,4,1,0.866278542,0.121288875,0,1243
speed focus,20,1,4,4,4,1,0.726203125,0.137988833,1,1243
speed focus,20,2,4,4,4,1,0.533979292,0.139638583,0,1243
speed focus,20,2,4,4,4,1,0.636296416,0.140027792,1,1243
speed focus,20,3,4,4,4,1,0.5769635,0.369912959,0,1243
speed focus,20,3,4,4,2,1,0.528466584,1.657837208,1,1243
speed focus,20,4,4,3,1,0,1.066359916,0.234365625,0,1243
speed focus,20,4,4,4,4,1,1.015584625,0.618515167,1,1243
speed focus,20,5,4,4,4,1,0.693646875,0.15556475,0,1243
speed focus,20,5,4,4,4,1,0.534132458,0.163800416,1,1243
speed focus,20,6,4,4,4,1,0.635477083,0.152647625,0,1243
speed focus,20,6,4,4,4,1,0.669141792,0.15276525,1,1243
speed focus,20,7,4,1,4,0,0.715952209,0.220024958,0,1243
speed focus,20,7,4,4,4,1,0.824435292,0.114665083,1,1243
speed focus,20,8,4,4,2,1,1.59143025,0.682551917,0,1243
speed focus,20,8,4,8,4,0,0.81632475,0.170058459,1,1243
speed focus,20,9,4,4,3,1,0.842390541,0.727954208,0,1243
speed focus,20,9,4,4,2,1,0.708569792,1.028246417,1,1243
speed focus,20,10,4,4,4,1,0.807933125,0.730108625,0,1243
speed focus,20,10,4,4,4,1,1.108556,0.571746125,1,1243
speed focus,21,1,5,5,4,1,0.648246708,0.188374083,0,1377
speed focus,21,1,5,5,3,1,0.555822667,0.215698083,1,1377
speed focus,21,2,5,5,4,1,1.030289625,0.123047291,0,1377
speed focus,21,2,5,5,4,1,0.907371458,0.119383208,1,1377
speed focus,21,3,5,5,4,1,0.558686708,3.689893458,0,1377
speed focus,21,3,5,4,1,0,0.541350291,1.318957916,1,1377
speed focus,21,4,5,5,1,1,0.932215959,0.183957833,0,1377
speed focus,21,4,5,5,1,1,1.029463084,2.570369208,1,1377
speed focus,21,5,5,5,4,1,0.867673666,0.090605584,0,1377
speed focus,21,5,5,7,4,0,0.62222975,0.263843166,1,1377
speed focus,21,6,5,5,2,1,0.694786958,0.218456917,0,1377
speed focus,21,6,5,5,4,1,0.653900625,0.152300709,1,1377
speed focus,21,7,5,5,4,1,0.857062042,0.10728225,0,1377
speed focus,21,7,5,5,4,1,0.66870425,0.1443115,1,1377
speed focus,21,8,5,5,4,1,0.988702792,0.298202625,0,1377
speed focus,21,8,5,5,4,1,0.856791958,0.135573375,1,1377
speed focus,21,9,5,5,4,1,0.62156325,0.355471958,0,1377
speed focus,21,9,5,5,4,1,0.737659708,0.340637958,1,1377
speed focus,21,10,5,5,4,1,0.6428395,0.380259625,0,1377
speed focus,21,10,5,5,4,1,1.015119458,0.298473625,1,1377
speed focus,22,1,5,8,2,0,1.531979542,0.374154708,0,1394
speed focus,22,1,5,5,1,1,1.107710667,0.393622708,1,1394
speed focus,22,2,5,4,2,0,1.012570334,0.760217083,0,1394
speed focus,22,2,5,5,4,1,0.748114584,0.139382833,1,1394
speed focus,22,3,5,3,2,0,0.502948375,1.3598465,0,1394
speed focus,22,3,5,5,1,1,0.782923125,1.179428709,1,1394
speed focus,22,4,5,6,1,0,0.670408375,0.221316083,0,1394
speed focus,22,4,5,2,1,0,0.790266042,0.3779045,1,1394
speed focus,22,5,5,5,4,1,1.01375175,0.458174667,0,1394
speed focus,22,5,5,6,4,0,0.700120083,0.1280695,1,1394
speed focus,22,6,5,5,4,1,1.0630135,0.155773208,0,1394
speed focus,22,6,5,5,2,1,0.877265458,0.21875075,1,1394
speed focus,22,7,5,5,3,1,3.548289,0.952787541,0,1394
speed focus,22,7,5,5,4,1,0.733007542,0.143967792,1,1394
speed focus,22,8,5,5,3,1,0.982810417,0.574124125,0,1394
speed focus,22,8,5,5,3,1,0.911785541,0.270974292,1,1394
speed focus,22,9,5,8,2,0,1.762988833,0.767605833,0,1394
speed focus,22,9,5,8,2,0,1.762093542,0.806501209,1,1394
speed focus,22,10,5,6,2,0,2.920200083,0.985670375,0,1394
speed focus,22,10,5,8,4,0,0.779428,0.2017795,1,1394
speed focus,23,1,3,3,4,1,0.568378791,0.184512708,0,1504
speed focus,23,1,3,3,4,1,0.679267041,0.108076667,1,1504
speed focus,23,2,3,3,4,1,0.763487417,0.15269325,0,1504
speed focus,23,2,3,3,4,1,0.60822425,0.156311625,1,1504
speed focus,23,3,3,4,3,0,0.490240542,3.878951792,0,1504
speed focus,23,3,3,2,2,0,0.614031708,1.423882083,1,1504
speed focus,23,4,3,2,1,0,0.703177875,0.313815625,0,1504
speed focus,23,4,3,3,3,1,0.694999292,0.588035875,1,1504
speed focus,23,5,3,3,4,1,0.60187375,0.226463417,0,1504
speed focus,23,5,3,3,4,1,0.961862083,0.62705575,1,1504
speed focus,23,6,3,3,3,1,0.711857708,0.152495041,0,1504
speed focus,23,6,3,3,4,1,0.668168584,0.152469458,1,1504
speed focus,23,7,3,3,4,1,0.621944958,0.52344925,0,1504
speed focus,23,7,3,3,4,1,0.853122958,0.124496042,1,1504
speed focus,23,8,3,3,3,1,0.693990292,0.252049958,0,1504
speed focus,23,8,3,3,4,1,0.556079166,0.383134,1,1504
speed focus,23,9,3,3,4,1,0.838114458,0.273909833,0,1504
speed focus,23,9,3,3,4,1,0.73200525,0.400428291,1,1504
speed focus,23,10,3,3,4,1,1.623649166,1.062764583,0,1504
speed focus,23,10,3,3,4,1,0.8048545,0.234791583,1,1504
speed focus,24,1,4,4,4,1,0.978134208,0.138014333,0,1681
speed focus,24,1,4,8,2,0,0.737769084,0.505643083,1,1681
speed focus,24,2,4,4,4,1,0.746131833,0.122882042,0,1681
speed focus,24,2,4,4,4,1,0.5933835,0.106522,1,1681
speed focus,24,3,4,3,4,0,0.608066458,0.270334208,0,1681
speed focus,24,3,4,4,4,1,0.640321208,1.416437916,1,1681
speed focus,24,4,4,3,3,0,0.75758225,0.29796075,0,1681
speed focus,24,4,4,4,4,1,0.921973167,0.362934458,1,1681
speed focus,24,5,4,4,4,1,0.76434875,0.176544042,0,1681
speed focus,24,5,4,6,4,0,0.631094083,0.192002875,1,1681
speed focus,24,6,4,4,4,1,0.792824917,0.122639125,0,1681
speed focus,24,6,4,4,4,1,0.602432542,0.16941775,1,1681
speed focus,24,7,4,4,4,1,0.702385375,0.159271625,0,1681
speed focus,24,7,4,4,4,1,0.615822083,0.178004208,1,1681
speed focus,24,8,4,4,4,1,0.790935917,0.342408541,0,1681
speed focus,24,8,4,4,4,1,0.603314333,0.237944,1,1681
speed focus,24,9,4,4,3,1,0.904705125,1.782183042,0,1681
speed focus,24,9,4,4,3,1,0.773738042,0.719145833,1,1681
speed focus,24,10,4,4,4,1,0.705367625,0.280998709,0,1681
speed focus,24,10,4,4,4,1,0.976404292,0.2314745,1,1681
speed focus,25,1,3,3,4,1,0.668334,0.137638542,0,1805
speed focus,25,1,3,3,4,1,0.6148705,0.071465459,1,1805
speed focus,25,2,3,3,4,1,0.595336583,0.119329167,0,1805
speed focus,25,2,3,3,4,1,0.656103,0.423867625,1,1805
speed focus,25,3,3,3,1,1,0.626242583,1.359470166,0,1805
speed focus,25,3,3,3,4,1,0.535753417,1.220611958,1,1805
speed focus,25,4,3,3,4,1,0.724768209,0.33047425,0,1805
speed focus,25,4,3,3,2,1,0.601507875,0.536521042,1,1805
speed focus,25,5,3,2,4,0,0.69739075,0.190384791,0,1805
speed focus,25,5,3,3,4,1,0.6125895,0.189524375,1,1805
speed focus,25,6,3,3,4,1,0.566871417,0.152360125,0,1805
speed focus,25,6,3,3,2,1,0.61774625,0.328532166,1,1805
speed focus,25,7,3,3,4,1,1.032051625,0.141754459,0,1805
speed focus,25,7,3,3,4,1,0.664069541,0.144308625,1,1805
speed focus,25,8,3,3,4,1,0.590183583,0.2931785,0,1805
speed focus,25,8,3,3,4,1,0.676093333,0.66528525,1,1805
speed focus,25,9,3,3,4,1,0.6584955,0.326605958,0,1805
speed focus,25,9,3,3,4,1,0.584672041,0.213163625,1,1805
speed focus,25,10,3,3,4,1,0.862266875,0.232757667,0,1805
speed focus,25,10,3,3,4,1,0.852320708,0.202437708,1,1805
speed focus,26,1,7,7,4,1,0.946732042,0.19874125,0,1950
speed focus,26,1,7,7,2,1,0.698251667,0.235599292,1,1950
speed focus,26,2,7,7,4,1,0.760927083,0.104196375,0,1950
speed focus,26,2,7,7,4,1,0.81657525,0.136186417,1,1950
speed focus,26,3,7,5,3,0,0.598963709,0.230658584,0,1950
speed focus,26,3,7,7,2,1,1.372369041,1.006295917,1,1950
speed focus,26,4,7,2,1,0,0.898162959,0.201817709,0,1950
speed focus,26,4,7,2,1,0,0.803396208,0.219164041,1,1950
speed focus,26,5,7,2,4,0,0.527914583,0.162640042,0,1950
speed focus,26,5,7,7,4,1,0.660010292,0.155808541,1,1950
speed focus,26,6,7,7,4,1,0.539063459,0.156005042,0,1950
speed focus,26,6,7,7,4,1,0.708465458,0.215524875,1,1950
speed focus,26,7,7,2,3,0,1.066860584,0.835584708,0,1950
speed focus,26,7,7,2,2,0,0.783701541,0.286123084,1,1950
speed focus,26,8,7,7,4,1,0.966269,0.45199,0,1950
speed focus,26,8,7,7,1,1,1.148722708,1.048037792,1,1950
speed focus,26,9,7,7,2,1,1.903881458,1.416687209,0,1950
speed focus,26,9,7,7,4,1,1.212379708,0.526556125,1,1950
speed focus,26,10,7,7,4,1,1.557269042,1.018306791,0,1950
speed focus,26,10,7,2,4,0,0.695150083,0.185768625,1,1950
speed focus,27,1,4,4,4,1,0.575240041,0.091345375,0,1986
speed focus,27,1,4,4,4,1,0.736498959,0.105457708,1,1986
speed focus,27,2,4,4,4,1,0.595911416,0.168757292,0,1986
speed focus,27,2,4,4,4,1,0.533601209,0.13587075,1,1986
speed focus,27,3,4,4,4,1,0.548658709,0.143993625,0,1986
speed focus,27,3,4,2,4,0,0.307200958,0.3027135,1,1986
speed focus,27,4,4,4,4,1,0.782631667,0.377387417,0,1986
speed focus,27,4,4,4,4,1,0.947893334,0.218521666,1,1986
speed focus,27,5,4,4,4,1,1.025180959,0.264212208,0,1986
speed focus,27,5,4,4,4,1,0.711598292,0.169656375,1,1986
speed focus,27,6,4,4,4,1,0.671496083,0.135386917,0,1986
speed focus,27,6,4,4,4,1,0.558536709,0.155624166,1,1986
speed focus,27,7,4,4,4,1,0.827445209,0.248893333,0,1986
speed focus,27,7,4,4,4,1,0.702562792,0.177809459,1,1986
speed focus,27,8,4,4,4,1,1.107286375,0.298097417,0,1986
speed focus,27,8,4,4,4,1,0.665992583,0.278025334,1,1986
speed focus,27,9,4,4,4,1,0.943646292,0.37879725,0,1986
speed focus,27,9,4,7,4,0,0.992819542,1.310080917,1,1986
speed focus,27,10,4,4,4,1,0.639653,0.376367167,0,1986
speed focus,27,10,4,4,4,1,1.154968667,0.168327875,1,1986
speed focus,28,1,8,8,4,1,0.692445,0.488871416,0,2220
speed focus,28,1,8,8,4,1,0.592218458,0.154954042,1,2220
speed focus,28,2,8,8,4,1,0.56912325,0.1719925,0,2220
speed focus,28,2,8,8,4,1,0.631951083,0.181970166,1,2220
speed focus,28,3,8,7,4,0,0.567524458,1.143298166,0,2220
speed focus,28,3,8,8,4,1,0.609453166,1.086278666,1,2220
speed focus,28,4,8,8,4,1,0.736405625,0.360386333,0,2220
speed focus,28,4,8,8,4,1,0.5456575,0.568656334,1,2220
speed focus,28,5,8,8,4,1,0.748027292,0.136981416,0,2220
speed focus,28,5,8,7,4,0,0.39531025,0.210333417,1,2220
speed focus,28,6,8,8,3,1,0.502883459,0.201673041,0,2220
speed focus,28,6,8,8,4,1,0.655569083,0.122488458,1,2220
speed focus,28,7,8,8,4,1,0.614505042,0.172258667,0,2220
speed focus,28,7,8,8,4,1,0.623488416,0.198341209,1,2220
speed focus,28,8,8,8,2,1,0.604766792,0.524071208,0,2220
speed focus,28,8,8,8,4,1,0.555743625,0.144302083,1,2220
speed focus,28,9,8,8,4,1,0.724771458,0.345061958,0,2220
speed focus,28,9,8,8,4,1,1.455735708,0.486838625,1,2220
speed focus,28,10,8,8,4,1,0.582294333,0.523530667,0,2220
speed focus,28,10,8,7,1,0,0.854566167,1.051892125,1,2220
speed focus,29,1,7,6,1,0,1.142727291,0.745682208,0,2235
speed focus,29,1,7,7,2,1,1.125697542,0.647443125,1,2235
speed focus,29,2,7,8,1,0,0.59508875,0.713974125,0,2235
speed focus,29,2,7,7,4,1,0.56347475,0.168285666,1,2235
speed focus,29,3,7,8,3,0,0.614879833,0.368675,0,2235
speed focus,29,3,7,5,3,0,0.64753875,1.238898208,1,2235
speed focus,29,4,7,7,4,1,0.776713541,0.138683417,0,2235
speed focus,29,4,7,2,1,0,0.628671334,0.58793725,1,2235
speed focus,29,5,7,6,4,0,0.916963584,0.110411541,0,2235
speed focus,29,5,7,7,4,1,0.668431292,0.189862959,1,2235
speed focus,29,6,7,7,4,1,0.733795417,0.139375583,0,2235
speed focus,29,6,7,7,4,1,0.674698833,0.10705075,1,2235
speed focus,29,7,7,7,4,1,0.717555833,0.372665541,0,2235
speed focus,29,7,7,6,3,0,1.515230625,0.738370292,1,2235
speed focus,29,8,7,7,4,1,0.624606125,0.342757167,0,2235
speed focus,29,8,7,7,4,1,0.646076917,0.244928791,1,2235
speed focus,29,9,7,7,4,1,0.830675208,0.477319584,0,2235
speed focus,29,9,7,7,4,1,0.811634083,0.5443685,1,2235
speed focus,29,10,7,7,4,1,3.430091541,0.7436015,0,2235
speed focus,29,10,7,7,4,1,1.150735916,0.460326459,1,2235
speed focus,30,1,3,3,4,1,0.649512958,0.104756166,0,2289
speed focus,30,1,3,3,4,1,0.686897584,0.104799542,1,2289
speed focus,30,2,3,3,4,1,0.720867792,0.123268292,0,2289
speed focus,30,2,3,3,4,1,0.667413959,0.169017209,1,2289
speed focus,30,3,3,4,3,0,0.635757542,0.290319583,0,2289
speed focus,30,3,3,3,1,1,0.701558125,0.915051,1,2289
speed focus,30,4,3,3,2,1,1.098086208,0.297732083,0,2289
speed focus,30,4,3,3,1,1,0.707209417,0.264336041,1,2289
speed focus,30,5,3,3,4,1,0.620327625,0.214866667,0,2289
speed focus,30,5,3,3,4,1,0.719520208,0.183788209,1,2289
speed focus,30,6,3,3,4,1,0.75978675,0.267924834,0,2289
speed focus,30,6,3,3,4,1,0.718350708,0.185366375,1,2289
speed focus,30,7,3,3,4,1,1.043943917,0.268135459,0,2289
speed focus,30,7,3,3,4,1,0.701323125,0.23853675,1,2289
speed focus,30,8,3,3,4,1,0.695636333,0.564037459,0,2289
speed focus,30,8,3,3,4,1,0.568978334,0.271228292,1,2289
speed focus,30,9,3,3,4,1,0.62663475,0.245322583,0,2289
speed focus,30,9,3,3,4,1,0.657482625,0.259611792,1,2289
speed focus,30,10,3,3,4,1,1.16461025,0.697134292,0,2289
speed focus,30,10,3,3,4,1,1.060782375,0.214935625,1,2289
speed focus,31,1,5,5,4,1,0.703155916,0.489725375,0,2323
speed focus,31,1,5,5,4,1,0.585991292,0.235553958,1,2323
speed focus,31,2,5,5,4,1,1.019706167,0.247580959,0,2323
speed focus,31,2,5,5,4,1,0.7211925,0.347968542,1,2323
speed focus,31,3,5,5,2,1,0.647094375,1.219215625,0,2323
speed focus,31,3,5,5,4,1,1.071578791,0.057685542,1,2323
speed focus,31,4,5,5,3,1,0.892163667,0.297503167,0,2323
speed focus,31,4,5,5,1,1,1.173227167,0.283831875,1,2323
speed focus,31,5,5,5,4,1,0.718461875,0.070928333,0,2323
speed focus,31,5,5,6,4,0,1.2869945,0.264460208,1,2323
speed focus,31,6,5,5,4,1,0.621260084,0.198852334,0,2323
speed focus,31,6,5,5,4,1,0.710456417,0.138822875,1,2323
speed focus,31,7,5,5,4,1,0.685676375,0.150036292,0,2323
speed focus,31,7,5,5,4,1,0.517994584,0.097837375,1,2323
speed focus,31,8,5,5,4,1,1.021771583,0.292911083,0,2323
speed focus,31,8,5,5,1,1,1.098621667,0.258101417,1,2323
speed focus,31,9,5,8,4,0,1.005730875,0.547680583,0,2323
speed focus,31,9,5,5,4,1,0.933050042,0.427502083,1,2323
speed focus,31,10,5,5,4,1,0.78550375,0.376609417,0,2323
speed focus,31,10,5,5,4,1,1.785646625,0.359665375,1,2323
speed focus,32,1,3,3,4,1,0.511150583,0.107644208,0,2348
speed focus,32,1,3,3,4,1,0.644318208,0.09122475,1,2348
speed focus,32,2,3,3,4,1,0.658387917,0.152125209,0,2348
speed focus,32,2,3,3,1,1,0.590907791,0.152388833,1,2348
speed focus,32,3,3,3,4,1,0.562546666,1.001001833,0,2348
speed focus,32,3,3,3,1,1,0.509179917,1.366820041,1,2348
speed focus,32,4,3,3,4,1,0.813862709,0.220353125,0,2348
speed focus,32,4,3,2,1,0,0.701024416,0.42510275,1,2348
speed focus,32,5,3,4,4,0,0.576108959,0.518605833,0,2348
speed focus,32,5,3,3,4,1,0.408576791,0.58193525,1,2348
speed focus,32,6,3,3,3,1,0.638354125,0.234327167,0,2348
speed focus,32,6,3,3,4,1,0.554893166,0.136198875,1,2348
speed focus,32,7,3,3,4,1,0.742521959,0.165955833,0,2348
speed focus,32,7,3,3,4,1,0.674326041,1.429562792,1,2348
speed focus,32,8,3,3,1,1,0.675961083,1.237583292,0,2348
speed focus,32,8,3,3,4,1,0.61037275,0.218351583,1,2348
speed focus,32,9,3,3,4,1,0.801988167,0.252281,0,2348
speed focus,32,9,3,3,4,1,0.630782625,0.278340125,1,2348
speed focus,32,10,3,3,4,1,1.272222,1.051436708,0,2348
speed focus,32,10,3,3,4,1,0.854077375,0.231682334,1,2348
speed focus,33,1,4,4,4,1,0.52190825,0.121709834,0,2395
speed focus,33,1,4,4,4,1,0.539915583,0.104292208,1,2395
speed focus,33,2,4,4,4,1,0.644273083,0.169215584,0,2395
speed focus,33,2,4,4,4,1,0.545698958,0.135960458,1,2395
speed focus,33,3,4,4,4,1,0.647925417,1.338020708,0,2395
speed focus,33,3,4,4,4,1,0.588516584,1.592505875,1,2395
speed focus,33,4,4,4,2,1,0.763459834,0.32723475,0,2395
speed focus,33,4,4,4,4,1,0.700378958,0.5247045,1,2395
speed focus,33,5,4,4,4,1,0.554996875,0.210463459,0,2395
speed focus,33,5,4,3,1,0,0.436277041,0.54726075,1,2395
speed focus,33,6,4,4,4,1,0.593111291,0.201772208,0,2395
speed focus,33,6,4,4,4,1,0.611792,0.18507025,1,2395
speed focus,33,7,4,4,4,1,0.563096875,0.153075333,0,2395
speed focus,33,7,4,4,4,1,0.655581541,0.165032333,1,2395
speed focus,33,8,4,4,4,1,0.678971708,0.464609625,0,2395
speed focus,33,8,4,4,4,1,0.649100541,0.264912792,1,2395
speed focus,33,9,4,4,4,1,0.6630775,0.392075125,0,2395
speed focus,33,9,4,4,4,1,1.039854834,0.226666833,1,2395
speed focus,33,10,4,4,4,1,0.833322583,0.314039083,0,2395
speed focus,33,10,4,4,4,1,0.653417708,0.376410917,1,2395
speed focus,34,1,2,2,4,1,0.624369875,0.247748917,0,2501
speed focus,34,1,2,8,4,0,0.736742375,0.12136125,1,2501
speed focus,34,2,2,2,4,1,0.592386417,0.12308725,0,2501
speed focus,34,2,2,2,4,1,0.6020335,0.440089416,1,2501
speed focus,34,3,2,6,2,0,0.518641125,1.183826125,0,2501
speed focus,34,3,2,3,4,0,0.562162709,1.344908792,1,2501
speed focus,34,4,2,2,3,1,0.788507292,0.377479083,0,2501
speed focus,34,4,2,2,4,1,0.750286083,0.266781292,1,2501
speed focus,34,5,2,2,3,1,0.679261125,0.164007083,0,2501
speed focus,34,5,2,2,4,1,0.443427417,0.2368695,1,2501
speed focus,34,6,2,2,4,1,0.607329375,0.218796875,0,2501
speed focus,34,6,2,2,4,1,0.68008075,0.136060833,1,2501
speed focus,34,7,2,2,4,1,0.86199575,0.246028458,0,2501
speed focus,34,7,2,2,4,1,1.007776167,0.143906375,1,2501
speed focus,34,8,2,2,4,1,1.189009167,0.339518209,0,2501
speed focus,34,8,2,7,3,0,1.275541167,0.845805375,1,2501
speed focus,34,9,2,2,2,1,1.570511458,0.612939459,0,2501
speed focus,34,9,2,8,1,0,1.561590959,0.789190209,1,2501
speed focus,34,10,2,7,4,0,1.918169583,0.489813291,0,2501
speed focus,34,10,2,2,4,1,0.724442041,0.232062208,1,2501
speed focus,35,1,7,8,2,0,1.680960041,0.698839083,0,2522
speed focus,35,1,7,8,1,0,0.945935,0.45664575,1,2522
speed focus,35,2,7,7,4,1,1.019778875,0.139367334,0,2522
speed focus,35,2,7,7,4,1,0.879148,0.168558958,1,2522
speed focus,35,3,7,6,2,0,0.732754375,0.755859917,0,2522
speed focus,35,3,7,6,1,0,0.648967875,0.960728333,1,2522
speed focus,35,4,7,2,3,0,0.489078416,0.582347625,0,2522
speed focus,35,4,7,8,2,0,1.29898475,0.167977375,1,2522
speed focus,35,5,7,6,4,0,0.692535667,0.183648875,0,2522
speed focus,35,5,7,8,4,0,0.681423667,0.168646791,1,2522
speed focus,35,6,7,7,4,1,1.11428525,0.089847959,0,2522
speed focus,35,6,7,7,4,1,0.773438583,0.122738375,1,2522
speed focus,35,7,7,7,4,1,0.809639667,0.372752209,0,2522
speed focus,35,7,7,2,4,0,0.815561834,0.21785075,1,2522
speed focus,35,8,7,7,3,1,0.670052208,0.338639541,0,2522
speed focus,35,8,7,2,3,0,1.53047475,0.501301708,1,2522
speed focus,35,9,7,7,3,1,1.682908833,0.6496535,0,2522
speed focus,35,9,7,7,3,1,1.282869958,0.439801666,1,2522
speed focus,35,10,7,2,4,0,0.80738425,0.519896416,0,2522
speed focus,35,10,7,7,4,1,0.592605416,0.234824209,1,2522
speed focus,36,1,4,4,4,1,0.65774525,0.1213695,0,2531
speed focus,36,1,4,4,4,1,0.851350875,0.089058792,1,2531
speed focus,36,2,4,4,4,1,0.69449375,0.155826417,0,2531
speed focus,36,2,4,4,4,1,0.740932,0.139399958,1,2531
speed focus,36,3,4,4,4,1,0.615255583,0.149976375,0,2531
speed focus,36,3,4,4,4,1,0.536844958,1.286578,1,2531
speed focus,36,4,4,4,4,1,1.1154665,0.233772333,0,2531
speed focus,36,4,4,4,4,1,0.646367792,0.586858,1,2531
speed focus,36,5,4,4,4,1,0.612719958,0.191807458,0,2531
speed focus,36,5,4,4,4,1,0.578250875,0.183278458,1,2531
speed focus,36,6,4,4,4,1,0.639856417,0.252163042,0,2531
speed focus,36,6,4,5,4,0,0.682726542,0.089879417,1,2531
speed focus,36,7,4,4,4,1,0.836415584,0.461021292,0,2531
speed focus,36,7,4,4,4,1,0.583955958,0.211363708,1,2531
speed focus,36,8,4,4,4,1,0.695579541,0.321211,0,2531
speed focus,36,8,4,4,4,1,0.713665,0.385724875,1,2531
speed focus,36,9,4,4,4,1,0.805560166,0.392067042,0,2531
speed focus,36,9,4,4,4,1,0.732480208,0.272284458,1,2531
speed focus,36,10,4,4,4,1,1.174394959,2.503915917,0,2531
speed focus,36,10,4,4,4,1,0.962492417,0.281185208,1,2531
speed focus,37,1,6,6,4,1,1.395815375,0.134308833,0,2536
speed focus,37,1,6,6,4,1,0.846105334,0.409302791,1,2536
speed focus,37,2,6,6,4,1,0.743542083,0.106453167,0,2536
speed focus,37,2,6,6,4,1,0.611792667,0.168546167,1,2536
speed focus,37,3,6,6,1,1,1.145323084,0.622519417,0,2536
speed focus,37,3,6,4,2,0,0.660980083,1.260974334,1,2536
speed focus,37,4,6,6,2,1,1.217306208,0.170813,0,2536
speed focus,37,4,6,6,3,1,0.623658667,0.375125458,1,2536
speed focus,37,5,6,6,4,1,0.940860833,0.223014208,0,2536
speed focus,37,5,6,6,4,1,0.655938625,0.15344925,1,2536
speed focus,37,6,6,6,4,1,0.876006583,0.168342542,0,2536
speed focus,37,6,6,6,4,1,0.700863667,0.139239833,1,2536
speed focus,37,7,6,6,4,1,0.842277333,0.166073667,0,2536
speed focus,37,7,6,6,4,1,0.842562166,0.164656417,1,2536
speed focus,37,8,6,6,2,1,0.810316333,0.491068125,0,2536
speed focus,37,8,6,6,4,1,0.722185417,0.137597375,1,2536
speed focus,37,9,6,6,4,1,1.018736375,0.471729,0,2536
speed focus,37,9,6,6,4,1,0.95124075,0.278655833,1,2536
speed focus,37,10,6,6,4,1,1.473113875,0.42355875,0,2536
speed focus,37,10,6,6,4,1,1.337844459,0.792191625,1,2536
speed focus,38,1,8,8,3,1,0.640219292,0.665927208,0,2544
speed focus,38,1,8,8,4,1,0.783931542,0.155761875,1,2544
speed focus,38,2,8,8,4,1,0.625939791,0.139786208,0,2544
speed focus,38,2,8,8,4,1,0.601659042,0.201569625,1,2544
speed focus,38,3,8,7,4,0,0.667392834,1.092577209,0,2544
speed focus,38,3,8,3,4,0,0.637519208,1.17390075,1,2544
speed focus,38,4,8,8,4,1,1.005593333,0.2504735,0,2544
speed focus,38,4,8,8,4,1,0.917890917,0.18743225,1,2544
speed focus,38,5,8,8,4,1,0.715184917,0.183832959,0,2544
speed focus,38,5,8,8,4,1,0.6787905,0.184374792,1,2544
speed focus,38,6,8,8,4,1,0.642209208,0.118945583,0,2544
speed focus,38,6,8,8,4,1,0.598470417,0.139370209,1,2544
speed focus,38,7,8,8,4,1,0.530072792,0.145556541,0,2544
speed focus,38,7,8,8,4,1,0.578226708,0.613052291,1,2544
speed focus,38,8,8,8,4,1,1.1267075,0.738061542,0,2544
speed focus,38,8,8,7,1,0,0.900806917,0.30616775,1,2544
speed focus,38,9,8,8,4,1,1.072608708,0.379120583,0,2544
speed focus,38,9,8,8,4,1,0.982489792,0.580761542,1,2544
speed focus,38,10,8,8,3,1,1.206299,1.803501125,0,2544
speed focus,38,10,8,8,3,1,0.856282791,0.426041167,1,2544
speed focus,39,1,6,7,1,0,1.134178917,1.064771916,0,2655
speed focus,39,1,6,6,4,1,1.028722083,0.283042458,1,2655
speed focus,39,2,6,6,4,1,0.834846667,0.168965917,0,2655
speed focus,39,2,6,6,4,1,0.896976458,0.283737333,1,2655
speed focus,39,3,6,6,2,1,0.604063625,1.293938917,0,2655
speed focus,39,3,6,6,4,1,0.681325208,1.109468958,1,2655
speed focus,39,4,6,6,3,1,0.896987375,0.280689709,0,2655
speed focus,39,4,6,4,1,0,0.812008792,0.406320458,1,2655
speed focus,39,5,6,6,4,1,0.841780084,0.156590458,0,2655
speed focus,39,5,6,8,4,0,0.627896917,0.332114625,1,2655
speed focus,39,6,6,8,3,0,2.789720292,0.330129792,0,2655
speed focus,39,6,6,2,2,0,1.440596,0.280317084,1,2655
speed focus,39,7,6,6,4,1,0.98134575,0.158674625,0,2655
speed focus,39,7,6,6,4,1,0.954501875,0.130868333,1,2655
speed focus,39,8,6,6,3,1,1.055987,0.764501458,0,2655
speed focus,39,8,6,2,4,0,1.414094042,0.334032708,1,2655
speed focus,39,9,6,6,1,1,2.631677208,1.641361833,0,2655
speed focus,39,9,6,6,4,1,1.415200625,0.861021875,1,2655
speed focus,39,10,6,6,4,1,2.000965666,0.423996,0,2655
speed focus,39,10,6,5,2,0,0.86785325,1.22561925,1,2655
speed focus,40,1,4,4,4,1,0.6019325,0.150824583,0,2890
speed focus,40,1,4,4,4,1,0.649055209,0.122168167,1,2890
speed focus,40,2,4,4,4,1,0.669267667,0.136138166,0,2890
speed focus,40,2,4,7,1,0,0.753912292,0.522531666,1,2890
speed focus,40,3,4,3,4,0,0.307740333,0.229129042,0,2890
speed focus,40,3,4,3,1,0,0.534384958,1.039570208,1,2890
speed focus,40,4,4,4,4,1,0.997259875,0.170892416,0,2890
speed focus,40,4,4,4,4,1,0.679421667,0.380529542,1,2890
speed focus,40,5,4,4,4,1,0.695114583,0.211100375,0,2890
speed focus,40,5,4,5,4,0,0.733420292,0.142304666,1,2890
speed focus,40,6,4,4,4,1,0.902725917,0.139467667,0,2890
speed focus,40,6,4,4,4,1,0.674842333,0.137028709,1,2890
speed focus,40,7,4,4,4,1,0.705795416,0.205660708,0,2890
speed focus,40,7,4,4,4,1,0.705816584,0.164550583,1,2890
speed focus,40,8,4,4,4,1,0.65741825,0.251816125,0,2890
speed focus,40,8,4,4,4,1,0.677542709,0.20419325,1,2890
speed focus,40,9,4,4,4,1,0.831480875,1.315522917,0,2890
speed focus,40,9,4,4,3,1,0.897642792,0.955721459,1,2890
speed focus,40,10,4,4,4,1,1.346942209,0.360541375,0,2890
speed focus,40,10,4,4,4,1,0.934416875,0.232290583,1,2890
speed focus,41,1,3,3,4,1,0.620263333,0.204737042,0,2992
speed focus,41,1,3,3,4,1,0.570055375,0.086619292,1,2992
speed focus,41,2,3,3,4,1,0.694147667,0.119809541,0,2992
speed focus,41,2,3,3,4,1,0.697299,0.584022,1,2992
speed focus,41,3,3,3,4,1,0.614258708,1.444280584,0,2992
speed focus,41,3,3,4,3,0,0.3090015,0.186151875,1,2992
speed focus,41,4,3,3,3,1,0.565531625,0.281133458,0,2992
speed focus,41,4,3,3,4,1,0.889453333,0.266519959,1,2992
speed focus,41,5,3,3,4,1,0.687770041,0.285781834,0,2992
speed focus,41,5,3,3,4,1,0.469638292,0.134507875,1,2992
speed focus,41,6,3,3,3,1,0.915580792,0.139347416,0,2992
speed focus,41,6,3,3,4,1,0.769914042,0.11925675,1,2992
speed focus,41,7,3,3,4,1,1.398091125,0.172749708,0,2992
speed focus,41,7,3,3,4,1,0.756205625,0.446433958,1,2992
speed focus,41,8,3,3,3,1,0.615497125,0.278773792,0,2992
speed focus,41,8,3,3,4,1,0.575962375,0.47802175,1,2992
speed focus,41,9,3,3,4,1,1.138532166,0.379630333,0,2992
speed focus,41,9,3,3,4,1,0.80026575,0.338242042,1,2992
speed focus,41,10,3,3,4,1,1.413230833,0.409342459,0,2992
speed focus,41,10,3,3,4,1,0.873596791,1.194430833,1,2992
speed focus,42,1,2,2,4,1,0.505411917,0.747406333,0,3048
speed focus,42,1,2,2,4,1,0.6185375,0.137897208,1,3048
speed focus,42,2,2,2,4,1,0.499897917,0.123489583,0,3048
speed focus,42,2,2,2,4,1,0.496133167,0.410116375,1,3048
speed focus,42,3,2,2,4,1,0.547579416,2.586163875,0,3048
speed focus,42,3,2,2,3,1,0.555312875,1.384695833,1,3048
speed focus,42,4,2,2,2,1,0.615273583,0.296832083,0,3048
speed focus,42,4,2,2,1,1,0.538349625,0.795806416,1,3048
speed focus,42,5,2,2,4,1,0.641007209,0.143669542,0,3048
speed focus,42,5,2,2,4,1,0.552630833,0.210665834,1,3048
speed focus,42,6,2,2,4,1,0.702192625,0.202398625,0,3048
speed focus,42,6,2,2,4,1,0.666243208,0.202341791,1,3048
speed focus,42,7,2,1,2,0,0.949911208,0.337258333,0,3048
speed focus,42,7,2,2,4,1,0.565799,0.137151291,1,3048
speed focus,42,8,2,2,4,1,0.740325875,0.230760167,0,3048
speed focus,42,8,2,2,4,1,0.663269542,0.197560708,1,3048
speed focus,42,9,2,2,4,1,0.645375667,0.305797584,0,3048
speed focus,42,9,2,2,4,1,0.731220708,0.29301575,1,3048
speed focus,42,10,2,2,4,1,0.742228625,0.4886965,0,3048
speed focus,42,10,2,2,4,1,0.729002667,0.456516125,1,3048
speed focus,43,1,1,3,3,0,0.640489375,0.134684083,0,3074
speed focus,43,1,1,3,4,0,0.646842291,0.347871916,1,3074
speed focus,43,2,1,1,4,1,0.899621459,0.152427875,0,3074
speed focus,43,2,1,1,4,1,0.576293833,0.123246333,1,3074
speed focus,43,3,1,3,3,0,0.580808834,3.591286417,0,3074
speed focus,43,3,1,2,2,0,0.461374334,1.432399959,1,3074
speed focus,43,4,1,2,4,0,1.041140708,0.280728833,0,3074
speed focus,43,4,1,2,1,0,0.713169458,0.3948785,1,3074
speed focus,43,5,1,1,4,1,0.556043,0.199723416,0,3074
speed focus,43,5,1,2,4,0,0.5001485,0.365268167,1,3074
speed focus,43,6,1,1,2,1,0.729289833,0.857180334,0,3074
speed focus,43,6,1,1,4,1,0.726438958,0.251202334,1,3074
speed focus,43,7,1,1,4,1,0.714735416,0.167449292,0,3074
speed focus,43,7,1,1,4,1,0.551544375,0.164913333,1,3074
speed focus,43,8,1,1,4,1,0.638574125,0.305734042,0,3074
speed focus,43,8,1,1,4,1,0.7051715,0.19760425,1,3074
speed focus,43,9,1,2,3,0,0.883629417,0.452217666,0,3074
speed focus,43,9,1,3,4,0,0.76509575,0.588279166,1,3074
speed focus,43,10,1,7,4,0,1.067333417,0.377186916,0,3074
speed focus,43,10,1,2,1,0,0.691517041,0.937164542,1,3074
speed focus,44,1,5,5,4,1,0.87062425,0.66597575,0,3116
speed focus,44,1,5,5,3,1,0.723650167,0.32944975,1,3116
speed focus,44,2,5,5,4,1,0.780233291,0.13601025,0,3116
speed focus,44,2,5,5,4,1,0.622092375,0.120171125,1,3116
speed focus,44,3,5,5,2,1,1.079456958,2.46091425,0,3116
speed focus,44,3,5,2,1,0,0.594411375,0.927031208,1,3116
speed focus,44,4,5,1,2,0,11.79580925,0.568123959,0,3116
speed focus,44,4,5,2,1,0,0.821483375,0.264483709,1,3116
speed focus,44,5,5,4,4,0,1.289455083,0.258037875,0,3116
speed focus,44,5,5,8,4,0,0.826632375,0.183609959,1,3116
speed focus,44,6,5,5,4,1,0.875884416,0.185613083,0,3116
speed focus,44,6,5,5,4,1,0.840632,0.12286675,1,3116
speed focus,44,7,5,5,4,1,0.892662542,0.198567417,0,3116
speed focus,44,7,5,5,4,1,1.009222,0.124273792,1,3116
speed focus,44,8,5,5,2,1,2.023887875,0.401968917,0,3116
speed focus,44,8,5,5,3,1,1.155144667,0.217410917,1,3116
speed focus,44,9,5,2,2,0,1.145037417,0.681584792,0,3116
speed focus,44,9,5,2,3,0,0.906103333,1.095570208,1,3116
speed focus,44,10,5,5,4,1,0.792357708,0.442234,0,3116
speed focus,44,10,5,7,4,0,1.0152225,0.2809135,1,3116
speed focus,45,1,2,2,3,1,0.568822417,0.394017125,0,3177
speed focus,45,1,2,2,2,1,0.825242166,0.648539208,1,3177
speed focus,45,2,2,2,4,1,0.572706292,0.136311791,0,3177
speed focus,45,2,2,2,4,1,0.598613875,0.106222166,1,3177
speed focus,45,3,2,2,1,1,0.455834,1.887675333,0,3177
speed focus,45,3,2,2,1,1,0.476003916,0.998593167,1,3177
speed focus,45,4,2,2,2,1,0.885446375,0.778149,0,3177
speed focus,45,4,2,2,4,1,0.768963541,0.167813375,1,3177
speed focus,45,5,2,2,4,1,0.514936166,0.243746792,0,3177
speed focus,45,5,2,2,4,1,0.435870041,0.465596792,1,3177
speed focus,45,6,2,2,2,1,0.473426666,0.776276125,0,3177
speed focus,45,6,2,2,4,1,0.517170875,0.152326208,1,3177
speed focus,45,7,2,2,4,1,0.8021175,0.185860083,0,3177
speed focus,45,7,2,2,2,1,0.742361,0.601399958,1,3177
speed focus,45,8,2,2,4,1,0.718236208,0.244683958,0,3177
speed focus,45,8,2,2,2,1,0.650156875,0.231345917,1,3177
speed focus,45,9,2,2,4,1,1.015987834,1.362224083,0,3177
speed focus,45,9,2,2,3,1,0.76751975,1.091790125,1,3177
speed focus,45,10,2,2,4,1,0.820562125,1.098542042,0,3177
speed focus,45,10,2,7,4,0,0.731035875,0.219828334,1,3177
speed focus,46,1,7,7,4,1,0.912584875,0.475909041,0,3310
speed focus,46,1,7,7,4,1,1.250834834,0.137326167,1,3310
speed focus,46,2,7,7,4,1,0.64796525,0.139248542,0,3310
speed focus,46,2,7,6,4,0,0.684400125,0.155523042,1,3310
speed focus,46,3,7,6,4,0,0.599995042,0.927564083,0,3310
speed focus,46,3,7,6,2,0,0.614145041,1.14229375,1,3310
speed focus,46,4,7,7,2,1,0.84458925,0.217533375,0,3310
speed focus,46,4,7,7,2,1,0.806600333,0.17128875,1,3310
speed focus,46,5,7,6,4,0,1.04770075,0.210318458,0,3310
speed focus,46,5,7,7,4,1,0.621585042,0.176193959,1,3310
speed focus,46,6,7,7,4,1,0.698911833,0.18532475,0,3310
speed focus,46,6,7,7,4,1,0.64947825,0.185066333,1,3310
speed focus,46,7,7,7,4,1,0.8988715,0.122994875,0,3310
speed focus,46,7,7,7,4,1,0.742844167,0.137851125,1,3310
speed focus,46,8,7,7,4,1,1.703050458,0.515481541,0,3310
speed focus,46,8,7,7,4,1,0.5684485,0.244775458,1,3310
speed focus,46,9,7,7,4,1,0.762971083,0.391949791,0,3310
speed focus,46,9,7,7,4,1,0.8713055,0.381686083,1,3310
speed focus,46,10,7,7,4,1,2.010037416,0.52069225,0,3310
speed focus,46,10,7,7,4,1,0.809612625,0.268492333,1,3310
speed focus,47,1,2,2,4,1,0.575885417,0.217867375,0,3331
speed focus,47,1,2,2,4,1,0.575648792,0.477295625,1,3331
speed focus,47,2,2,2,4,1,0.75551175,0.122831,0,3331
speed focus,47,2,2,2,4,1,0.497023333,0.139274667,1,3331
speed focus,47,3,2,2,4,1,0.461381125,2.448752083,0,3331
speed focus,47,3,2,3,1,0,0.587527083,1.371611875,1,3331
speed focus,47,4,2,2,1,1,0.536549417,0.377886167,0,3331
speed focus,47,4,2,2,4,1,0.621741917,0.201231208,1,3331
speed focus,47,5,2,2,3,1,0.585590458,0.250851875,0,3331
speed focus,47,5,2,2,4,1,0.547915,0.207844208,1,3331
speed focus,47,6,2,2,4,1,0.7603315,0.218260125,0,3331
speed focus,47,6,2,2,4,1,0.592732209,0.503620208,1,3331
speed focus,47,7,2,2,4,1,0.776406709,0.329272792,0,3331
speed focus,47,7,2,2,4,1,0.650357542,0.152890459,1,3331
speed focus,47,8,2,2,2,1,0.626326125,0.239248625,0,3331
speed focus,47,8,2,2,4,1,0.556694208,0.210468333,1,3331
speed focus,47,9,2,2,4,1,0.796808125,1.07646125,0,3331
speed focus,47,9,2,2,4,1,0.942382958,0.218583708,1,3331
speed focus,47,10,2,2,4,1,0.682519458,0.363268291,0,3331
speed focus,47,10,2,2,4,1,0.686639334,0.247525541,1,3331
speed focus,48,1,5,5,4,1,0.786173458,0.536894,0,3337
speed focus,48,1,5,5,3,1,0.805863208,0.154762875,1,3337
speed focus,48,2,5,5,4,1,0.711659,0.106652167,0,3337
speed focus,48,2,5,8,4,0,0.743935959,0.139237583,1,3337
speed focus,48,3,5,5,4,1,0.666899292,0.117569125,0,3337
speed focus,48,3,5,3,2,0,0.774941209,1.100143625,1,3337
speed focus,48,4,5,6,2,0,0.886037834,0.171195375,0,3337
speed focus,48,4,5,5,4,1,0.614294208,0.8591615,1,3337
speed focus,48,5,5,1,4,0,0.986834209,0.176615875,0,3337
speed focus,48,5,5,5,4,1,0.730028333,0.30729975,1,3337
speed focus,48,6,5,5,4,1,0.765997583,0.168571583,0,3337
speed focus,48,6,5,8,3,0,0.736148875,0.152690125,1,3337
speed focus,48,7,5,5,4,1,0.849297667,0.136472875,0,3337
speed focus,48,7,5,3,4,0,0.975759208,0.131277292,1,3337
speed focus,48,8,5,5,4,1,0.801772916,0.41069075,0,3337
speed focus,48,8,5,4,3,0,0.747987583,0.614593416,1,3337
speed focus,48,9,5,7,1,0,2.364515709,1.591195917,0,3337
speed focus,48,9,5,5,2,1,1.545451375,0.659994417,1,3337
speed focus,48,10,5,3,3,0,1.46763975,1.977114333,0,3337
speed focus,48,10,5,3,4,0,1.115537166,0.219910625,1,3337
speed focus,49,1,7,7,2,1,1.646906334,0.471805291,0,3377
speed focus,49,1,7,3,1,0,1.213228958,0.332730875,1,3377
speed focus,49,2,7,3,4,0,0.711483625,0.422425583,0,3377
speed focus,49,2,7,7,4,1,0.678533792,0.122897667,1,3377
speed focus,49,3,7,7,3,1,0.541011834,1.580504166,0,3377
speed focus,49,3,7,1,1,0,0.708027542,1.506171459,1,3377
speed focus,49,4,7,7,2,1,0.939405625,0.296952334,0,3377
speed focus,49,4,7,7,1,1,0.749699291,0.377639375,1,3377
speed focus,49,5,7,1,4,0,0.568434333,0.204282375,0,3377
speed focus,49,5,7,2,4,0,0.307376709,0.091742833,1,3377
speed focus,49,6,7,7,4,1,0.626654625,0.218389791,0,3377
speed focus,49,6,7,7,4,1,0.715237875,0.122492667,1,3377
speed focus,49,7,7,1,1,0,0.881901,0.289595458,0,3377
speed focus,49,7,7,4,4,0,0.849085292,0.164635291,1,3377
speed focus,49,8,7,7,4,1,0.6891005,0.25076625,0,3377
speed focus,49,8,7,7,4,1,0.990222042,0.350548416,1,3377
speed focus,49,9,7,7,3,1,0.846869167,0.42578,0,3377
speed focus,49,9,7,7,3,1,0.804638917,2.670083291,1,3377
speed focus,49,10,7,1,4,0,1.022336166,0.284318042,0,3377
speed focus,49,10,7,7,4,1,0.953886209,0.267857625,1,3377
speed focus,50,1,2,2,4,1,0.569756291,0.168334792,0,3656
speed focus,50,1,2,2,4,1,0.533523166,0.152143583,1,3656
speed focus,50,2,2,2,4,1,0.635970792,0.119598125,0,3656
speed focus,50,2,2,2,4,1,0.513449,0.119512167,1,3656
speed focus,50,3,2,2,4,1,0.589020167,0.364394167,0,3656
speed focus,50,3,2,2,3,1,0.541079959,1.490051292,1,3656
speed focus,50,4,2,2,1,1,4.932223333,0.181196458,0,3656
speed focus,50,4,2,2,1,1,0.515896875,0.502816,1,3656
speed focus,50,5,2,2,4,1,0.54813975,0.140096917,0,3656
speed focus,50,5,2,2,4,1,0.538232208,0.176730584,1,3656
speed focus,50,6,2,2,4,1,0.580110417,0.169112375,0,3656
speed focus,50,6,2,2,4,1,0.68196475,0.233305167,1,3656
speed focus,50,7,2,2,4,1,0.574834417,0.16419625,0,3656
speed focus,50,7,2,2,4,1,0.56401125,2.40810075,1,3656
speed focus,50,8,2,2,4,1,0.623725,0.298218416,0,3656
speed focus,50,8,2,2,4,1,0.609321834,0.192268,1,3656
speed focus,50,9,2,2,4,1,0.736340291,0.665199792,0,3656
speed focus,50,9,2,2,4,1,0.721150667,0.366878792,1,3656
speed focus,50,10,2,2,4,1,0.775851834,0.459271166,0,3656
speed focus,50,10,2,2,4,1,0.907275958,0.169867583,1,3656
speed focus,51,1,7,7,4,1,1.1310975,0.216672208,0,3720
speed focus,51,1,7,7,4,1,1.076344833,0.266293666,1,3720
speed focus,51,2,7,7,4,1,0.727859583,0.106314166,0,3720
speed focus,51,2,7,7,4,1,0.704703041,0.152708792,1,3720
speed focus,51,3,7,4,2,0,0.30924825,4.139425209,0,3720
speed focus,51,3,7,7,2,1,0.590280375,1.371632458,1,3720
speed focus,51,4,7,7,4,1,1.05961625,0.154030708,0,3720
speed focus,51,4,7,7,1,1,0.678563959,0.395115875,1,3720
speed focus,51,5,7,7,4,1,0.579455791,0.160665042,0,3720
speed focus,51,5,7,7,4,1,0.629722417,0.148760708,1,3720
speed focus,51,6,7,7,4,1,0.650369708,0.103444792,0,3720
speed focus,51,6,7,7,4,1,0.629282334,0.124952209,1,3720
speed focus,51,7,7,7,4,1,0.736971792,0.09428625,0,3720
speed focus,51,7,7,7,4,1,0.949628,0.238902375,1,3720
speed focus,51,8,7,7,4,1,0.755098292,0.417175708,0,3720
speed focus,51,8,7,7,4,1,0.590732042,0.238872042,1,3720
speed focus,51,9,7,7,4,1,1.286532416,0.184867292,0,3720
speed focus,51,9,7,7,4,1,0.933163708,0.358827375,1,3720
speed focus,51,10,7,7,4,1,0.746082709,0.25156475,0,3720
speed focus,51,10,7,7,4,1,0.777909042,0.267882792,1,3720
speed focus,52,1,4,4,4,1,0.983492958,0.648934417,0,3759
speed focus,52,1,4,4,4,1,0.562984125,0.108315208,1,3759
speed focus,52,2,4,4,4,1,0.833876542,0.409266625,0,3759
speed focus,52,2,4,4,4,1,0.638869,0.120933541,1,3759
speed focus,52,3,4,4,1,1,0.561973542,0.721515791,0,3759
speed focus,52,3,4,4,4,1,0.538501125,1.259427167,1,3759
speed focus,52,4,4,4,1,1,0.953431,0.234331625,0,3759
speed focus,52,4,4,4,4,1,0.744195375,0.285019125,1,3759
speed focus,52,5,4,7,4,0,0.569353666,0.229541084,0,3759
speed focus,52,5,4,4,4,1,0.620801208,0.190141041,1,3759
speed focus,52,6,4,4,4,1,0.95854325,0.1523965,0,3759
speed focus,52,6,4,4,4,1,0.53879325,0.136168417,1,3759
speed focus,52,7,4,4,4,1,0.701317291,0.185591292,0,3759
speed focus,52,7,4,4,4,1,0.654136541,0.210868958,1,3759
speed focus,52,8,4,4,4,1,0.628452208,0.257778208,0,3759
speed focus,52,8,4,4,4,1,0.691705542,0.373475167,1,3759
speed focus,52,9,4,4,4,1,0.7511905,0.534095791,0,3759
speed focus,52,9,4,4,4,1,0.783943333,0.573834125,1,3759
speed focus,52,10,4,4,4,1,0.713908583,0.699887833,0,3759
speed focus,52,10,4,4,4,1,1.407488584,0.455626292,1,3759
speed focus,53,1,1,1,4,1,0.510546041,0.104507125,0,6635
speed focus,53,1,1,7,1,0,1.323768708,0.4252525,1,6635
speed focus,53,2,1,1,1,1,0.933423167,0.2181575,0,6635
speed focus,53,2,1,1,4,1,0.785268375,0.185728958,1,6635
speed focus,53,3,1,1,2,1,0.654635709,1.266608167,0,6635
speed focus,53,3,1,7,1,0,0.654451292,1.185885208,1,6635
speed focus,53,4,1,2,4,0,0.863288125,0.361699417,0,6635
speed focus,53,4,1,2,4,0,0.645569667,0.586982458,1,6635
speed focus,53,5,1,1,4,1,0.528791458,0.244628541,0,6635
speed focus,53,5,1,6,4,0,0.402334625,0.1106035,1,6635
speed focus,53,6,1,1,4,1,0.5483665,0.139479042,0,6635
speed focus,53,6,1,1,4,1,0.675614958,0.168788,1,6635
speed focus,53,7,1,1,4,1,0.657661584,0.171876708,0,6635
speed focus,53,7,1,1,1,1,0.549112208,0.501115459,1,6635
speed focus,53,8,1,7,4,0,0.696011459,0.237714833,0,6635
speed focus,53,8,1,7,2,0,0.821764125,0.293875416,1,6635
speed focus,53,9,1,1,4,1,0.9580405,0.700167875,0,6635
speed focus,53,9,1,7,2,0,0.764081667,1.28389,1,6635
speed focus,53,10,1,7,4,0,1.237776667,1.499627125,0,6635
speed focus,53,10,1,1,4,1,1.415046917,0.248226208,1,6635
speed focus,54,1,1,1,4,1,0.519010041,0.939357625,0,3920
speed focus,54,1,1,5,1,0,1.175683917,0.586405834,1,3920
speed focus,54,2,1,1,4,1,0.637892583,0.182697291,0,3920
speed focus,54,2,1,1,4,1,0.572368208,0.152812292,1,3920
speed focus,54,3,1,2,2,0,0.615097584,3.129064666,0,3920
speed focus,54,3,1,1,2,1,0.615637708,1.293841041,1,3920
speed focus,54,4,1,7,2,0,0.297404959,0.352426,0,3920
speed focus,54,4,1,1,2,1,0.711404084,0.730735791,1,3920
speed focus,54,5,1,1,4,1,0.826096708,0.880999541,0,3920
speed focus,54,5,1,1,4,1,0.540953167,0.182269708,1,3920
speed focus,54,6,1,1,4,1,0.563328708,0.186159042,0,3920
speed focus,54,6,1,1,4,1,0.437267917,0.284577792,1,3920
speed focus,54,7,1,1,4,1,0.686676792,0.220305458,0,3920
speed focus,54,7,1,1,4,1,0.590758833,0.164186292,1,3920
speed focus,54,8,1,1,3,1,0.936627959,0.505049083,0,3920
speed focus,54,8,1,1,4,1,0.702284417,0.439786208,1,3920
speed focus,54,9,1,1,4,1,0.783514,1.127365083,0,3920
speed focus,54,9,1,1,4,1,0.831346875,1.160992958,1,3920
speed focus,54,10,1,1,4,1,1.108712583,0.297784541,0,3920
speed focus,54,10,1,1,4,1,0.641440708,0.216353208,1,3920
speed focus,55,1,1,1,4,1,0.719506208,0.121328833,0,4014
speed focus,55,1,1,3,2,0,0.688988084,0.24818425,1,4014
speed focus,55,2,1,1,3,1,0.762985458,0.920404916,0,4014
speed focus,55,2,1,1,4,1,0.855823041,0.152520792,1,4014
speed focus,55,3,1,2,1,0,0.623245625,1.676961333,0,4014
speed focus,55,3,1,2,1,0,0.882690959,1.052812333,1,4014
speed focus,55,4,1,2,3,0,0.324889875,0.337954166,0,4014
speed focus,55,4,1,2,1,0,0.556272375,0.297478625,1,4014
speed focus,55,5,1,1,4,1,0.614358709,0.170763625,0,4014
speed focus,55,5,1,1,4,1,0.570470583,0.18295275,1,4014
speed focus,55,6,1,1,4,1,0.831049333,0.153423583,0,4014
speed focus,55,6,1,1,1,1,1.074303833,0.202280916,1,4014
speed focus,55,7,1,1,4,1,0.592943041,0.198180292,0,4014
speed focus,55,7,1,3,4,0,0.849221625,0.49878475,1,4014
speed focus,55,8,1,1,4,1,1.300528042,0.7244835,0,4014
speed focus,55,8,1,1,2,1,0.87238075,0.29521275,1,4014
speed focus,55,9,1,1,3,1,0.797217709,0.987796083,0,4014
speed focus,55,9,1,2,4,0,1.29687975,0.49516875,1,4014
speed focus,55,10,1,4,3,0,1.01148975,0.508762416,0,4014
speed focus,55,10,1,2,4,0,0.717673209,0.201758334,1,4014
speed focus,56,1,6,6,2,1,0.825801167,0.281071459,0,4020
speed focus,56,1,6,6,4,1,0.845757208,0.4244355,1,4020
speed focus,56,2,6,6,4,1,0.816972459,0.13934825,0,4020
speed focus,56,2,6,6,4,1,0.5437345,0.42704375,1,4020
speed focus,56,3,6,7,1,0,0.72530675,4.405365042,0,4020
speed focus,56,3,6,7,1,0,0.648449583,1.134351625,1,4020
speed focus,56,4,6,6,3,1,0.835206417,0.220977292,0,4020
speed focus,56,4,6,5,2,0,0.811947125,0.570291042,1,4020
speed focus,56,5,6,6,4,1,0.65675975,0.257776167,0,4020
speed focus,56,5,6,7,4,0,0.59598925,0.150389542,1,4020
speed focus,56,6,6,6,4,1,0.65468075,0.122958041,0,4020
speed focus,56,6,6,6,4,1,0.852261666,0.135501792,1,4020
speed focus,56,7,6,6,4,1,0.92417075,0.163491875,0,4020
speed focus,56,7,6,6,4,1,0.865239042,0.5298095,1,4020
speed focus,56,8,6,6,3,1,1.188560375,0.4858495,0,4020
speed focus,56,8,6,6,4,1,0.891056792,0.298077042,1,4020
speed focus,56,9,6,6,4,1,0.97765425,0.251718875,0,4020
speed focus,56,9,6,6,4,1,0.951992708,1.347537625,1,4020
speed focus,56,10,6,6,4,1,1.336612875,0.696811,0,4020
speed focus,56,10,6,6,4,1,1.042212667,0.586598,1,4020
speed focus,57,1,3,3,4,1,0.608385042,0.15464425,0,4027
speed focus,57,1,3,3,4,1,0.622183291,0.137469708,1,4027
speed focus,57,2,3,3,4,1,0.58903175,0.169050125,0,4027
speed focus,57,2,3,3,4,1,0.567263959,0.377591333,1,4027
speed focus,57,3,3,3,1,1,0.7149325,0.317562458,0,4027
speed focus,57,3,3,2,3,0,0.449872584,0.0641575,1,4027
speed focus,57,4,3,6,3,0,0.3087775,0.307779125,0,4027
speed focus,57,4,3,3,1,1,0.519086917,0.823566584,1,4027
speed focus,57,5,3,3,4,1,0.935324666,0.263398125,0,4027
speed focus,57,5,3,3,4,1,0.7867685,0.12143275,1,4027
speed focus,57,6,3,3,4,1,0.596103959,0.248618333,0,4027
speed focus,57,6,3,3,4,1,0.543268708,0.124701791,1,4027
speed focus,57,7,3,3,4,1,0.886992625,0.544751208,0,4027
speed focus,57,7,3,3,4,1,0.742344042,0.660696,1,4027
speed focus,57,8,3,3,4,1,0.636075291,0.223606542,0,4027
speed focus,57,8,3,3,4,1,0.543023583,0.164811958,1,4027
speed focus,57,9,3,3,4,1,0.703868417,0.324713459,0,4027
speed focus,57,9,3,3,4,1,0.657644333,0.319071625,1,4027
speed focus,57,10,3,3,4,1,1.279602084,0.872192833,0,4027
speed focus,57,10,3,3,4,1,0.89521575,0.218496083,1,4027
speed focus,58,1,5,5,4,1,0.672939542,0.118221791,0,4032
speed focus,58,1,5,5,4,1,1.169191583,0.15221725,1,4032
speed focus,58,2,5,5,4,1,0.851746209,0.106334959,0,4032
speed focus,58,2,5,8,4,0,0.791703417,0.410122916,1,4032
speed focus,58,3,5,5,4,1,0.683683,1.11390475,0,4032
speed focus,58,3,5,6,2,0,0.847372042,1.054061042,1,4032
speed focus,58,4,5,5,2,1,0.92451625,0.171010417,0,4032
speed focus,58,4,5,5,3,1,0.784258125,0.842438917,1,4032
speed focus,58,5,5,5,4,1,0.680315459,0.217202208,0,4032
speed focus,58,5,5,5,4,1,0.993725834,0.167411375,1,4032
speed focus,58,6,5,5,4,1,0.650018958,0.185713375,0,4032
speed focus,58,6,5,5,4,1,0.628592708,0.122750709,1,4032
speed focus,58,7,5,4,3,0,0.653500333,0.983414,0,4032
speed focus,58,7,5,5,4,1,0.77582675,0.091117541,1,4032
speed focus,58,8,5,5,3,1,0.967636667,0.410891125,0,4032
speed focus,58,8,5,4,3,0,0.848699791,0.866029083,1,4032
speed focus,58,9,5,5,2,1,0.960560583,0.515210833,0,4032
speed focus,58,9,5,3,4,0,0.745201959,0.607678292,1,4032
speed focus,58,10,5,5,4,1,0.730537167,0.455566417,0,4032
speed focus,58,10,5,5,4,1,1.018649375,0.280209958,1,4032
speed focus,59,1,5,5,4,1,1.030469041,0.171332375,0,4055
speed focus,59,1,5,5,4,1,0.760006041,0.362978292,1,4055
speed focus,59,2,5,5,4,1,0.763487959,0.4399895,0,4055
speed focus,59,2,5,5,4,1,0.650035791,0.380464833,1,4055
speed focus,59,3,5,5,2,1,0.974654833,2.237926583,0,4055
speed focus,59,3,5,4,2,0,0.669239417,1.195704625,1,4055
speed focus,59,4,5,6,3,0,0.768255792,0.348401208,0,4055
speed focus,59,4,5,5,4,1,0.839981167,0.3619415,1,4055
speed focus,59,5,5,6,4,0,0.885919416,0.1193195,0,4055
speed focus,59,5,5,4,1,0,0.543891042,0.554335,1,4055
speed focus,59,6,5,5,4,1,0.664616083,0.107895917,0,4055
speed focus,59,6,5,5,4,1,0.701922625,0.122890167,1,4055
speed focus,59,7,5,5,4,1,0.74586925,0.146089,0,4055
speed focus,59,7,5,4,4,0,0.591223542,0.177794417,1,4055
speed focus,59,8,5,4,1,0,0.801748833,1.155134,0,4055
speed focus,59,8,5,5,4,1,0.644326041,0.217934959,1,4055
speed focus,59,9,5,3,3,0,0.919140208,1.446749875,0,4055
speed focus,59,9,5,5,4,1,1.0602695,0.358542083,1,4055
speed focus,59,10,5,5,4,1,1.047309416,0.4735935,0,4055
speed focus,59,10,5,5,4,1,0.823034667,0.426961166,1,4055
speed focus,60,1,6,6,4,1,1.133065958,0.458568709,0,4240
speed focus,60,1,6,6,4,1,0.898131417,0.172804458,1,4240
speed focus,60,2,6,6,4,1,0.6219235,0.13972425,0,4240
speed focus,60,2,6,6,4,1,0.739646959,0.172445167,1,4240
speed focus,60,3,6,6,4,1,0.607996291,1.565126875,0,4240
speed focus,60,3,6,6,3,1,0.74058875,1.145488375,1,4240
speed focus,60,4,6,6,2,1,0.966612125,0.204038875,0,4240
speed focus,60,4,6,6,4,1,0.485652041,0.874182459,1,4240
speed focus,60,5,6,7,4,0,0.555300917,0.210042166,0,4240
speed focus,60,5,6,7,4,0,0.720567583,0.158492458,1,4240
speed focus,60,6,6,5,2,0,0.973531125,0.715307667,0,4240
speed focus,60,6,6,6,4,1,0.575153458,0.15295125,1,4240
speed focus,60,7,6,5,3,0,0.755326667,0.60080775,0,4240
speed focus,60,7,6,5,3,0,0.693554,0.61231025,1,4240
speed focus,60,8,6,6,2,1,1.185355083,0.324521542,0,4240
speed focus,60,8,6,6,4,1,0.80274025,0.177944875,1,4240
speed focus,60,9,6,6,4,1,0.978307959,1.425940584,0,4240
speed focus,60,9,6,6,4,1,0.892347334,0.325149542,1,4240
speed focus,60,10,6,6,4,1,1.836287083,0.664887208,0,4240
speed focus,60,10,6,6,4,1,0.824005792,0.219293292,1,4240
speed focus,61,1,7,7,4,1,0.6853875,0.185563667,0,4298
speed focus,61,1,7,7,4,1,0.652247708,0.1724735,1,4298
speed focus,61,2,7,7,4,1,0.740623,0.106613708,0,4298
speed focus,61,2,7,7,4,1,0.677818584,0.152787667,1,4298
speed focus,61,3,7,7,1,1,0.523027083,1.865789583,0,4298
speed focus,61,3,7,4,2,0,0.768314583,0.906195416,1,4298
speed focus,61,4,7,7,2,1,1.046405666,0.457693625,0,4298
speed focus,61,4,7,6,1,0,0.806891125,0.26792275,1,4298
speed focus,61,5,7,7,4,1,0.814576917,0.190043041,0,4298
speed focus,61,5,7,6,4,0,0.73071175,0.2380935,1,4298
speed focus,61,6,7,7,4,1,0.644334833,0.106355584,0,4298
speed focus,61,6,7,7,4,1,0.733362792,0.153511166,1,4298
speed focus,61,7,7,1,4,0,0.66761575,0.334063208,0,4298
speed focus,61,7,7,7,4,1,0.569676958,0.190992667,1,4298
speed focus,61,8,7,7,4,1,0.644079458,0.271508916,0,4298
speed focus,61,8,7,7,2,1,1.498129459,0.391310042,1,4298
speed focus,61,9,7,7,4,1,1.084983291,0.359226583,0,4298
speed focus,61,9,7,7,4,1,0.786073625,0.225205459,1,4298
speed focus,61,10,7,7,4,1,1.112744167,0.360631291,0,4298
speed focus,61,10,7,7,4,1,0.777072,0.376713,1,4298
speed focus,62,1,8,8,2,1,0.815972291,0.924527333,0,4306
speed focus,62,1,8,8,3,1,0.719334292,0.489425,1,4306
speed focus,62,2,8,8,4,1,0.661205916,0.172014875,0,4306
speed focus,62,2,8,8,4,1,0.733555917,0.168754833,1,4306
speed focus,62,3,8,8,4,1,0.516534166,1.631585583,0,4306
speed focus,62,3,8,8,1,1,0.74016475,1.105749958,1,4306
speed focus,62,4,8,8,4,1,0.690139625,0.16765125,0,4306
speed focus,62,4,8,8,3,1,0.791940125,1.04984875,1,4306
speed focus,62,5,8,7,4,0,0.665197833,0.329604791,0,4306
speed focus,62,5,8,4,4,0,0.583659417,0.6141775,1,4306
speed focus,62,6,8,8,4,1,0.725055667,0.216707625,0,4306
speed focus,62,6,8,8,4,1,0.668155083,0.123126042,1,4306
speed focus,62,7,8,8,4,1,0.691418042,0.192437709,0,4306
speed focus,62,7,8,8,4,1,0.694494125,0.438894417,1,4306
speed focus,62,8,8,8,4,1,0.789810375,0.658403791,0,4306
speed focus,62,8,8,7,4,0,0.569227625,0.158317333,1,4306
speed focus,62,9,8,8,4,1,0.939333417,0.604962833,0,4306
speed focus,62,9,8,8,4,1,0.776097291,0.32509575,1,4306
speed focus,62,10,8,8,4,1,0.947076,0.777854542,0,4306
speed focus,62,10,8,8,4,1,0.615305,0.264429959,1,4306
speed focus,63,1,2,2,4,1,0.602145042,0.151033625,0,4511
speed focus,63,1,2,2,4,1,0.513864459,0.103875833,1,4511
speed focus,63,2,2,2,4,1,0.539244583,0.123215625,0,4511
speed focus,63,2,2,2,4,1,0.52582475,0.123078584,1,4511
speed focus,63,3,2,2,4,1,0.713661084,0.104764084,0,4511
speed focus,63,3,2,2,3,1,0.507301625,1.452556541,1,4511
speed focus,63,4,2,2,4,1,0.67401425,0.347720042,0,4511
speed focus,63,4,2,2,2,1,0.473458833,0.554946,1,4511
speed focus,63,5,2,2,4,1,0.590855958,0.263958084,0,4511
speed focus,63,5,2,2,4,1,0.586846333,0.127357458,1,4511
speed focus,63,6,2,2,4,1,0.551726125,0.122647417,0,4511
speed focus,63,6,2,2,4,1,0.524978167,0.172110125,1,4511
speed focus,63,7,2,2,4,1,0.879474791,0.924059375,0,4511
speed focus,63,7,2,2,4,1,0.661632792,0.1642775,1,4511
speed focus,63,8,2,2,4,1,0.751304125,0.357371042,0,4511
speed focus,63,8,2,2,4,1,0.608651417,0.34347725,1,4511
speed focus,63,9,2,2,4,1,0.847308709,0.48611375,0,4511
speed focus,63,9,2,2,4,1,0.532225709,0.2719565,1,4511
speed focus,63,10,2,2,4,1,0.927825334,0.314380875,0,4511
speed focus,63,10,2,7,4,0,1.070999875,0.745690041,1,4511
speed focus,64,1,8,8,4,1,0.742440791,0.120952,0,4732
speed focus,64,1,8,8,4,1,0.597436041,0.105766041,1,4732
speed focus,64,2,8,8,4,1,0.598862542,0.139274708,0,4732
speed focus,64,2,8,8,4,1,0.579108792,0.122837375,1,4732
speed focus,64,3,8,8,3,1,0.753491875,0.84182875,0,4732
speed focus,64,3,8,7,2,0,0.606683958,1.274307041,1,4732
speed focus,64,4,8,8,4,1,1.005082042,0.330644542,0,4732
speed focus,64,4,8,8,4,1,0.486448667,0.82884475,1,4732
speed focus,64,5,8,8,4,1,1.005814458,0.50379175,0,4732
speed focus,64,5,8,8,4,1,0.721327291,0.184535417,1,4732
speed focus,64,6,8,8,4,1,0.659977958,0.138714,0,4732
speed focus,64,6,8,8,4,1,0.770618542,0.202863917,1,4732
speed focus,64,7,8,8,4,1,0.942502792,0.782923125,0,4732
speed focus,64,7,8,8,4,1,0.664987125,0.157908083,1,4732
speed focus,64,8,8,8,4,1,0.588364583,0.191304666,0,4732
speed focus,64,8,8,8,4,1,0.608581542,0.233172584,1,4732
speed focus,64,9,8,8,4,1,0.869078042,0.184408,0,4732
speed focus,64,9,8,8,4,1,0.928547833,0.533070042,1,4732
speed focus,64,10,8,8,4,1,1.366280417,0.809838208,0,4732
speed focus,64,10,8,8,4,1,0.727297042,0.234687167,1,4732
speed focus,65,1,1,1,4,1,0.476115416,0.168741167,0,4734
speed focus,65,1,1,1,2,1,0.815993709,0.535899208,1,4734
speed focus,65,2,1,1,4,1,0.485435125,0.156108625,0,4734
speed focus,65,2,1,7,4,0,0.635477958,0.10652775,1,4734
speed focus,65,3,1,2,2,0,0.307722042,1.6411825,0,4734
speed focus,65,3,1,6,1,0,0.798604042,1.13854275,1,4734
speed focus,65,4,1,7,2,0,0.902843166,0.170453667,0,4734
speed focus,65,4,1,7,1,0,0.8224155,0.665970084,1,4734
speed focus,65,5,1,1,4,1,0.634488,0.118002542,0,4734
speed focus,65,5,1,1,4,1,0.379145833,0.158102375,1,4734
speed focus,65,6,1,1,4,1,0.5331225,0.168912375,0,4734
speed focus,65,6,1,1,4,1,0.629436167,0.1358335,1,4734
speed focus,65,7,1,1,4,1,0.584180334,0.187531,0,4734
speed focus,65,7,1,2,1,0,0.5645895,0.311320583,1,4734
speed focus,65,8,1,1,2,1,1.10896725,0.567649042,0,4734
speed focus,65,8,1,7,3,0,0.841659375,0.351576458,1,4734
speed focus,65,9,1,1,3,1,1.125801917,0.73975975,0,4734
speed focus,65,9,1,1,3,1,1.126375958,1.389509791,1,4734
speed focus,65,10,1,1,4,1,0.625995084,0.284722166,0,4734
speed focus,65,10,1,1,4,1,0.757527583,0.201524375,1,4734
speed focus,66,1,2,2,4,1,0.554434209,0.121095708,0,4802
speed focus,66,1,2,2,4,1,0.528125375,0.122097166,1,4802
speed focus,66,2,2,2,4,1,0.589569792,0.139055583,0,4802
speed focus,66,2,2,2,4,1,0.557352042,0.123087625,1,4802
speed focus,66,3,2,2,1,1,0.569676292,1.450377375,0,4802
speed focus,66,3,2,2,2,1,0.641863417,1.480825959,1,4802
speed focus,66,4,2,2,4,1,0.572241125,0.9535225,0,4802
speed focus,66,4,2,2,4,1,0.628424584,0.201816875,1,4802
speed focus,66,5,2,2,4,1,0.561476167,0.176784292,0,4802
speed focus,66,5,2,2,4,1,0.621957792,0.106256833,1,4802
speed focus,66,6,2,2,3,1,0.673582791,0.313546959,0,4802
speed focus,66,6,2,2,4,1,0.607396542,0.1694275,1,4802
speed focus,66,7,2,2,4,1,0.97925175,0.139087917,0,4802
speed focus,66,7,2,2,4,1,0.595365959,0.2530315,1,4802
speed focus,66,8,2,2,4,1,0.73583025,0.367325458,0,4802
speed focus,66,8,2,2,4,1,0.768998625,0.219202792,1,4802
speed focus,66,9,2,2,4,1,0.836961584,0.533913666,0,4802
speed focus,66,9,2,2,3,1,0.844131708,0.875083375,1,4802
speed focus,66,10,2,2,4,1,0.82323175,0.36216375,0,4802
speed focus,66,10,2,2,4,1,0.930927042,0.745848792,1,4802
speed focus,67,1,7,7,4,1,0.829664708,0.185241791,0,4956
speed focus,67,1,7,7,4,1,0.756238334,0.266029292,1,4956
speed focus,67,2,7,7,4,1,0.63481025,0.409957375,0,4956
speed focus,67,2,7,7,4,1,0.807359958,0.119797375,1,4956
speed focus,67,3,7,6,2,0,0.628994958,1.693701833,0,4956
speed focus,67,3,7,7,4,1,0.517512958,1.373253875,1,4956
speed focus,67,4,7,6,2,0,0.901561542,0.167530959,0,4956
speed focus,67,4,7,7,4,1,0.826552167,0.137985875,1,4956
speed focus,67,5,7,5,4,0,0.786683959,0.204219958,0,4956
speed focus,67,5,7,7,4,1,0.59398775,0.210393792,1,4956
speed focus,67,6,7,7,4,1,0.585152917,0.281067834,0,4956
speed focus,67,6,7,7,4,1,0.719549917,0.090339666,1,4956
speed focus,67,7,7,7,4,1,1.069332667,0.232557917,0,4956
speed focus,67,7,7,7,4,1,0.8034925,0.171549959,1,4956
speed focus,67,8,7,7,4,1,0.630773375,0.279915792,0,4956
speed focus,67,8,7,7,4,1,0.682814417,0.250965125,1,4956
speed focus,67,9,7,7,4,1,0.716565083,0.620269917,0,4956
speed focus,67,9,7,7,4,1,0.700382459,0.156702917,1,4956
speed focus,67,10,7,7,4,1,1.142913666,0.442356291,0,4956
speed focus,67,10,7,7,4,1,1.24599175,0.235145958,1,4956
speed focus,68,1,3,3,4,1,0.647982958,0.247915583,0,4974
speed focus,68,1,3,3,4,1,0.568912083,0.135612458,1,4974
speed focus,68,2,3,3,4,1,0.549036333,0.106584834,0,4974
speed focus,68,2,3,3,4,1,0.631384458,0.139304084,1,4974
speed focus,68,3,3,2,3,0,0.729540583,0.542712041,0,4974
speed focus,68,3,3,3,1,1,0.502722875,1.0466945,1,4974
speed focus,68,4,3,3,3,1,0.575728125,0.394261125,0,4974
speed focus,68,4,3,3,4,1,0.739311542,0.298335791,1,4974
speed focus,68,5,3,4,4,0,0.733426959,0.437236459,0,4974
speed focus,68,5,3,2,4,0,0.620029333,0.209642958,1,4974
speed focus,68,6,3,3,4,1,0.6773815,0.135719667,0,4974
speed focus,68,6,3,3,4,1,0.726469084,0.235484125,1,4974
speed focus,68,7,3,3,4,1,0.759019583,0.151959666,0,4974
speed focus,68,7,3,4,3,0,0.690158625,0.233263417,1,4974
speed focus,68,8,3,3,4,1,0.748763917,0.295686375,0,4974
speed focus,68,8,3,3,3,1,0.544177417,0.199803917,1,4974
speed focus,68,9,3,3,4,1,0.684090291,0.3592735,0,4974
speed focus,68,9,3,3,4,1,0.675499083,0.252089083,1,4974
speed focus,68,10,3,3,4,1,0.6967415,0.347369084,0,4974
speed focus,68,10,3,2,1,0,0.744341542,1.530482792,1,4974
speed focus,69,1,7,7,4,1,1.061428958,5.562222625,0,4992
speed focus,69,1,7,7,4,1,0.92844175,0.50419125,1,4992
speed focus,69,2,7,7,4,1,0.7707965,0.139633833,0,4992
speed focus,69,2,7,7,4,1,0.662366792,0.119803041,1,4992
speed focus,69,3,7,6,2,0,0.508502083,2.915660875,0,4992
speed focus,69,3,7,7,4,1,0.739893125,1.305298709,1,4992
speed focus,69,4,7,7,2,1,1.089239,0.204391792,0,4992
speed focus,69,4,7,7,2,1,0.568410292,0.266482792,1,4992
speed focus,69,5,7,7,4,1,0.533560917,0.171411041,0,4992
speed focus,69,5,7,7,3,1,0.780034125,0.139565417,1,4992
speed focus,69,6,7,7,4,1,0.714017708,0.139200375,0,4992
speed focus,69,6,7,7,4,1,0.57066375,0.139367583,1,4992
speed focus,69,7,7,7,4,1,0.938572834,0.111769,0,4992
speed focus,69,7,7,6,4,0,1.589938417,0.205514,1,4992
speed focus,69,8,7,7,4,1,0.9207365,0.38025375,0,4992
speed focus,69,8,7,7,1,1,1.034967917,0.304953,1,4992
speed focus,69,9,7,7,4,1,0.850897917,0.479645542,0,4992
speed focus,69,9,7,7,4,1,0.817919917,0.385873334,1,4992
speed focus,69,10,7,7,4,1,0.726353042,0.443237833,0,4992
speed focus,69,10,7,7,4,1,0.8927145,0.620340125,1,4992
speed focus,70,1,1,1,4,1,0.542370333,0.171035459,0,5082
speed focus,70,1,1,1,2,1,0.79215775,0.714704208,1,5082
speed focus,70,2,1,1,4,1,0.718202458,0.21855425,0,5082
speed focus,70,2,1,7,4,0,0.594657916,0.267002,1,5082
speed focus,70,3,1,1,1,1,0.979431584,0.343158542,0,5082
speed focus,70,3,1,7,2,0,0.474130833,1.114501708,1,5082
speed focus,70,4,1,7,2,0,0.673764416,0.235459083,0,5082
speed focus,70,4,1,1,4,1,0.628614375,0.887184292,1,5082
speed focus,70,5,1,1,4,1,0.524971917,0.153483917,0,5082
speed focus,70,5,1,1,4,1,0.515399042,0.197133709,1,5082
speed focus,70,6,1,1,4,1,0.757276666,0.761844834,0,5082
speed focus,70,6,1,1,4,1,0.506462708,0.135705083,1,5082
speed focus,70,7,1,1,4,1,0.989051334,0.254819,0,5082
speed focus,70,7,1,1,4,1,0.6441035,0.131035917,1,5082
speed focus,70,8,1,1,4,1,0.62823225,0.324536167,0,5082
speed focus,70,8,1,1,2,1,1.569180833,0.405221334,1,5082
speed focus,70,9,1,1,4,1,0.609973375,1.197528541,0,5082
speed focus,70,9,1,1,4,1,0.697646,0.711169625,1,5082
speed focus,70,10,1,1,4,1,0.771769208,0.330449541,0,5082
speed focus,70,10,1,1,4,1,0.665867709,0.315263041,1,5082
speed focus,71,1,8,8,4,1,0.726812375,0.408522916,0,5185
speed focus,71,1,8,8,4,1,1.027279334,0.105253917,1,5185
speed focus,71,2,8,8,4,1,0.661635959,0.409962375,0,5185
speed focus,71,2,8,8,4,1,0.736904666,0.135890584,1,5185
speed focus,71,3,8,7,2,0,0.756677458,1.725438417,0,5185
speed focus,71,3,8,3,2,0,0.620555625,1.360486167,1,5185
speed focus,71,4,8,4,2,0,0.838326708,0.730409458,0,5185
speed focus,71,4,8,7,4,0,1.085261666,0.298181583,1,5185
speed focus,71,5,8,7,4,0,0.693720666,0.22392475,0,5185
speed focus,71,5,8,8,4,1,0.469810041,0.197044917,1,5185
speed focus,71,6,8,8,4,1,0.97764325,0.139302791,0,5185
speed focus,71,6,8,8,4,1,0.6886935,0.122826375,1,5185
speed focus,71,7,8,8,4,1,1.046671583,0.141642875,0,5185
speed focus,71,7,8,8,4,1,0.569122875,0.110940958,1,5185
speed focus,71,8,8,7,4,0,0.884431291,0.480652042,0,5185
speed focus,71,8,8,8,3,1,0.648824125,0.286455333,1,5185
speed focus,71,9,8,8,4,1,1.875582708,0.553850292,0,5185
speed focus,71,9,8,8,4,1,0.894994708,0.439171583,1,5185
speed focus,71,10,8,8,4,1,0.831882291,0.4756645,0,5185
speed focus,71,10,8,8,4,1,1.336287541,0.248849875,1,5185
speed focus,72,1,3,3,4,1,0.583974875,0.134921791,0,5419
speed focus,72,1,3,3,4,1,0.574020833,0.125344667,1,5419
speed focus,72,2,3,3,4,1,0.60994825,0.136069375,0,5419
speed focus,72,2,3,3,4,1,0.558853167,0.218900625,1,5419
speed focus,72,3,3,3,4,1,0.600394667,1.244452833,0,5419
speed focus,72,3,3,3,3,1,0.641684042,1.392288375,1,5419
speed focus,72,4,3,3,1,1,0.814766833,0.234127958,0,5419
speed focus,72,4,3,3,4,1,0.637688292,0.2964305,1,5419
speed focus,72,5,3,2,1,0,0.461987667,0.703725708,0,5419
speed focus,72,5,3,3,4,1,0.55306275,0.169641333,1,5419
speed focus,72,6,3,3,4,1,0.548753667,0.139171291,0,5419
speed focus,72,6,3,3,4,1,0.606420209,0.137373625,1,5419
speed focus,72,7,3,3,4,1,1.263381541,0.350402375,0,5419
speed focus,72,7,3,3,4,1,0.676490167,0.1244735,1,5419
speed focus,72,8,3,3,4,1,2.063193875,0.5374925,0,5419
speed focus,72,8,3,3,4,1,0.778520709,0.480179167,1,5419
speed focus,72,9,3,3,4,1,0.7999145,0.352031959,0,5419
speed focus,72,9,3,3,4,1,0.75273275,0.19915125,1,5419
speed focus,72,10,3,3,4,1,0.873051917,0.489721167,0,5419
speed focus,72,10,3,3,4,1,0.933681417,0.282221167,1,5419
speed focus,73,1,5,5,4,1,0.992946792,0.34577475,0,5446
speed focus,73,1,5,5,4,1,0.69643625,0.169796167,1,5446
speed focus,73,2,5,5,4,1,0.710668834,0.0740885,0,5446
speed focus,73,2,5,5,4,1,0.714590667,0.26784975,1,5446
speed focus,73,3,5,6,2,0,0.753914,0.117076042,0,5446
speed focus,73,3,5,5,1,1,0.628811834,0.954804625,1,5446
speed focus,73,4,5,5,1,1,0.945076833,0.154304125,0,5446
speed focus,73,4,5,3,1,0,0.366711542,1.576878875,1,5446
speed focus,73,5,5,5,4,1,0.75153,0.059324208,0,5446
speed focus,73,5,5,5,4,1,0.728825709,0.155418417,1,5446
speed focus,73,6,5,5,4,1,0.609667334,0.233153,0,5446
speed focus,73,6,5,5,4,1,0.625419041,0.106517667,1,5446
speed focus,73,7,5,5,4,1,0.655682208,0.078910042,0,5446
speed focus,73,7,5,5,4,1,0.5885525,0.1242605,1,5446
speed focus,73,8,5,5,4,1,0.829624834,0.361814958,0,5446
speed focus,73,8,5,5,4,1,0.746343292,0.185069833,1,5446
speed focus,73,9,5,5,4,1,1.045195875,0.418945166,0,5446
speed focus,73,9,5,5,4,1,0.824621834,0.366275417,1,5446
speed focus,73,10,5,5,4,1,1.077703667,0.649541708,0,5446
speed focus,73,10,5,6,2,0,0.711570209,1.240553292,1,5446
speed focus,74,1,5,5,2,1,0.969191542,0.394524167,0,5489
speed focus,74,1,5,4,1,0,0.624384583,0.824836625,1,5489
speed focus,74,2,5,5,4,1,0.918193792,0.090357375,0,5489
speed focus,74,2,5,5,4,1,0.582448458,0.106339542,1,5489
speed focus,74,3,5,6,4,0,0.799785917,0.157948875,0,5489
speed focus,74,3,5,7,3,0,0.662257708,1.152406375,1,5489
speed focus,74,4,5,5,3,1,0.615591292,0.314107166,0,5489
speed focus,74,4,5,5,1,1,0.986707916,0.124436833,1,5489
speed focus,74,5,5,6,4,0,0.854538083,0.20375125,0,5489
speed focus,74,5,5,5,4,1,0.407351208,0.1169695,1,5489
speed focus,74,6,5,4,4,0,0.562381542,0.203215875,0,5489
speed focus,74,6,5,5,4,1,0.746515417,0.457800459,1,5489
speed focus,74,7,5,5,4,1,1.072844541,0.214603916,0,5489
speed focus,74,7,5,5,4,1,0.510481167,0.098036,1,5489
speed focus,74,8,5,5,4,1,0.717078708,0.291126583,0,5489
speed focus,74,8,5,5,4,1,0.675799917,0.298030209,1,5489
speed focus,74,9,5,5,4,1,0.764033708,0.686702583,0,5489
speed focus,74,9,5,6,4,0,1.440091875,0.339409292,1,5489
speed focus,74,10,5,5,4,1,1.564124,0.293060417,0,5489
speed focus,74,10,5,5,4,1,1.396176,0.21945725,1,5489
speed focus,75,1,1,1,1,1,0.637974125,0.810032541,0,5500
speed focus,75,1,1,7,4,0,0.935017417,0.087855209,1,5500
speed focus,75,2,1,1,4,1,0.739138,0.156595916,0,5500
speed focus,75,2,1,1,4,1,0.64875525,0.169959167,1,5500
speed focus,75,3,1,7,4,0,0.563629625,1.278934834,0,5500
speed focus,75,3,1,7,2,0,0.914526208,0.960249625,1,5500
speed focus,75,4,1,7,2,0,0.745561709,0.29743525,0,5500
speed focus,75,4,1,7,2,0,0.707448583,0.265060208,1,5500
speed focus,75,5,1,1,4,1,0.568694,0.1707925,0,5500
speed focus,75,5,1,1,4,1,0.525049083,0.189552041,1,5500
speed focus,75,6,1,1,4,1,0.57832625,0.15555775,0,5500
speed focus,75,6,1,4,4,0,0.715365083,0.1556455,1,5500
speed focus,75,7,1,1,4,1,0.625545542,0.232215292,0,5500
speed focus,75,7,1,1,4,1,0.569555083,0.398676209,1,5500
speed focus,75,8,1,1,4,1,1.174722292,0.266278708,0,5500
speed focus,75,8,1,7,3,0,0.778270625,0.333684875,1,5500
speed focus,75,9,1,7,2,0,0.789441292,1.0207565,0,5500
speed focus,75,9,1,7,3,0,1.139009708,2.039189541,1,5500
speed focus,75,10,1,1,3,1,1.062675417,0.650498541,0,5500
speed focus,75,10,1,4,1,0,0.296592667,1.541122458,1,5500
speed focus,76,1,3,5,4,0,1.382632292,0.376924917,0,5636
speed focus,76,1,3,3,4,1,0.652972209,0.105057,1,5636
speed focus,76,2,3,3,4,1,0.530509167,0.104866083,0,5636
speed focus,76,2,3,3,4,1,0.650182958,0.122700542,1,5636
speed focus,76,3,3,3,4,1,0.562823542,2.455971,0,5636
speed focus,76,3,3,2,3,0,0.483013,0.124483,1,5636
speed focus,76,4,3,3,1,1,0.878919958,0.457239292,0,5636
speed focus,76,4,3,3,1,1,0.519382792,0.393894541,1,5636
speed focus,76,5,3,3,4,1,0.745179542,0.113330542,0,5636
speed focus,76,5,3,2,4,0,0.340128916,0.768703791,1,5636
speed focus,76,6,3,2,4,0,0.559183667,0.394016125,0,5636
speed focus,76,6,3,2,4,0,0.491808916,0.3468595,1,5636
speed focus,76,7,3,3,4,1,0.68589425,0.211838333,0,5636
speed focus,76,7,3,3,4,1,0.74228375,0.157272708,1,5636
speed focus,76,8,3,3,4,1,0.575961,0.24456525,0,5636
speed focus,76,8,3,3,4,1,0.646203209,0.191658208,1,5636
speed focus,76,9,3,3,4,1,0.623569458,0.271590167,0,5636
speed focus,76,9,3,3,4,1,1.051440083,0.351407208,1,5636
speed focus,76,10,3,3,4,1,0.871318875,0.571622208,0,5636
speed focus,76,10,3,6,1,0,0.724539417,0.904650458,1,5636
speed focus,77,1,8,8,4,1,0.732478875,0.458843291,0,5750
speed focus,77,1,8,8,4,1,0.563650542,0.215370833,1,5750
speed focus,77,2,8,8,4,1,0.904486917,0.155822167,0,5750
speed focus,77,2,8,8,4,1,0.7110945,0.185200959,1,5750
speed focus,77,3,8,4,3,0,0.436083166,0.131816625,0,5750
speed focus,77,3,8,8,2,1,0.6924255,1.086401875,1,5750
speed focus,77,4,8,2,1,0,1.012062084,0.251867208,0,5750
speed focus,77,4,8,8,4,1,0.902130083,0.264826,1,5750
speed focus,77,5,8,8,4,1,0.767774292,0.203506125,0,5750
speed focus,77,5,8,7,4,0,0.621476334,0.168953666,1,5750
speed focus,77,6,8,8,4,1,0.671023625,0.234622125,0,5750
speed focus,77,6,8,8,4,1,0.681176167,0.185378042,1,5750
speed focus,77,7,8,8,2,1,1.263849875,0.351779334,0,5750
speed focus,77,7,8,8,4,1,0.648444375,0.123917167,1,5750
speed focus,77,8,8,8,4,1,0.718674917,0.285153083,0,5750
speed focus,77,8,8,8,4,1,0.6595865,0.1376095,1,5750
speed focus,77,9,8,8,4,1,0.844824583,0.487134583,0,5750
speed focus,77,9,8,8,4,1,1.001007917,1.061130791,1,5750
speed focus,77,10,8,8,3,1,1.331457375,0.553569875,0,5750
speed focus,77,10,8,8,4,1,0.657638709,0.247800917,1,5750
speed focus,78,1,2,2,4,1,0.539175541,0.184610667,0,5764
speed focus,78,1,2,2,4,1,0.5212235,0.410484042,1,5764
speed focus,78,2,2,2,4,1,0.692556583,0.122931792,0,5764
speed focus,78,2,2,2,4,1,0.577338375,0.152103875,1,5764
speed focus,78,3,2,3,2,0,0.564438458,1.354271917,0,5764
speed focus,78,3,2,3,1,0,0.555284209,1.054392875,1,5764
speed focus,78,4,2,2,4,1,0.682568167,0.154318708,0,5764
speed focus,78,4,2,6,2,0,0.631297917,0.91936025,1,5764
speed focus,78,5,2,2,4,1,0.682873459,0.263629417,0,5764
speed focus,78,5,2,4,3,0,0.478520917,0.241527875,1,5764
speed focus,78,6,2,2,4,1,0.667725959,0.231613667,0,5764
speed focus,78,6,2,2,4,1,0.950381959,0.218488125,1,5764
speed focus,78,7,2,2,4,1,0.636104625,0.179112625,0,5764
speed focus,78,7,2,2,4,1,0.648982625,0.1511675,1,5764
speed focus,78,8,2,2,4,1,1.304250625,0.284672625,0,5764
speed focus,78,8,2,2,4,1,0.733110041,0.349694833,1,5764
speed focus,78,9,2,2,4,1,0.649911958,0.251533125,0,5764
speed focus,78,9,2,2,4,1,1.05569325,0.339040417,1,5764
speed focus,78,10,2,2,4,1,0.885610208,0.651074125,0,5764
speed focus,78,10,2,2,4,1,0.754018375,0.231280041,1,5764
speed focus,79,1,6,6,2,1,1.042504792,0.395582833,0,5794
speed focus,79,1,6,6,4,1,1.372257,0.119191875,1,5794
speed focus,79,2,6,6,4,1,0.838240416,0.169411291,0,5794
speed focus,79,2,6,6,4,1,0.579115,0.1360685,1,5794
speed focus,79,3,6,7,2,0,0.548137667,1.484511125,0,5794
speed focus,79,3,6,5,1,0,0.654929667,1.26692675,1,5794
speed focus,79,4,6,6,1,1,1.209378,0.2969825,0,5794
speed focus,79,4,6,6,3,1,0.530311916,0.265678083,1,5794
speed focus,79,5,6,7,4,0,0.633600458,0.238868375,0,5794
speed focus,79,5,6,6,4,1,0.51858775,0.210165875,1,5794
speed focus,79,6,6,6,4,1,0.506916125,0.284059375,0,5794
speed focus,79,6,6,6,4,1,0.563227125,0.103242375,1,5794
speed focus,79,7,6,6,4,1,0.944916667,0.205302834,0,5794
speed focus,79,7,6,5,4,0,0.588308,0.224475125,1,5794
speed focus,79,8,6,6,4,1,1.123972042,0.453810667,0,5794
speed focus,79,8,6,6,3,1,1.091867333,0.311265291,1,5794
speed focus,79,9,6,6,4,1,1.112523917,0.607240917,0,5794
speed focus,79,9,6,6,4,1,0.826106917,0.466209792,1,5794
speed focus,79,10,6,6,4,1,1.600100083,0.378337916,0,5794
speed focus,79,10,6,6,4,1,1.118866625,0.313975125,1,5794
speed focus,80,1,8,8,4,1,0.709463792,0.251783166,0,5858
speed focus,80,1,8,8,3,1,0.742686583,0.568646917,1,5858
speed focus,80,2,8,8,4,1,0.664425834,0.155996666,0,5858
speed focus,80,2,8,8,4,1,0.49384625,0.123157958,1,5858
speed focus,80,3,8,8,4,1,0.703724875,0.264456375,0,5858
speed focus,80,3,8,8,4,1,0.680471166,1.085366,1,5858
speed focus,80,4,8,8,4,1,0.598792292,0.187733875,0,5858
speed focus,80,4,8,8,4,1,0.644347042,0.761363,1,5858
speed focus,80,5,8,8,4,1,0.7990235,0.136850042,0,5858
speed focus,80,5,8,8,4,1,0.369128791,0.155928542,1,5858
speed focus,80,6,8,8,4,1,0.591371375,0.172051125,0,5858
speed focus,80,6,8,8,4,1,0.643159167,0.090055459,1,5858
speed focus,80,7,8,8,4,1,0.781178541,0.253255334,0,5858
speed focus,80,7,8,8,4,1,0.629604666,0.164198833,1,5858
speed focus,80,8,8,8,4,1,0.743660333,0.257775125,0,5858
speed focus,80,8,8,8,4,1,0.53755875,0.239360333,1,5858
speed focus,80,9,8,8,4,1,0.789474208,1.161575,0,5858
speed focus,80,9,8,8,4,1,0.761138167,0.2193265,1,5858
speed focus,80,10,8,8,4,1,1.237812708,0.890653791,0,5858
speed focus,80,10,8,8,4,1,0.616100042,0.2514185,1,5858
speed focus,81,1,8,8,4,1,0.858062167,0.218363084,0,5906
speed focus,81,1,8,8,4,1,0.545293,0.282133625,1,5906
speed focus,81,2,8,4,1,0,0.760151792,0.666012125,0,5906
speed focus,81,2,8,8,4,1,0.5304605,0.411219875,1,5906
speed focus,81,3,8,7,2,0,0.615966625,1.128658875,0,5906
speed focus,81,3,8,8,4,1,0.554585667,0.967974958,1,5906
speed focus,81,4,8,8,4,1,0.998573209,0.394161375,0,5906
speed focus,81,4,8,8,4,1,0.833963208,0.2477115,1,5906
speed focus,81,5,8,8,4,1,0.714238209,0.191119166,0,5906
speed focus,81,5,8,7,4,0,1.0553335,0.363306583,1,5906
speed focus,81,6,8,8,4,1,0.6821015,0.122722833,0,5906
speed focus,81,6,8,8,4,1,0.750437583,0.202134833,1,5906
speed focus,81,7,8,8,4,1,0.705882291,0.328002875,0,5906
speed focus,81,7,8,8,4,1,0.507079916,0.118336625,1,5906
speed focus,81,8,8,8,4,1,0.649284375,0.398220209,0,5906
speed focus,81,8,8,8,2,1,0.550155583,0.411165459,1,5906
speed focus,81,9,8,8,4,1,0.657639417,0.620499792,0,5906
speed focus,81,9,8,8,4,1,0.604517208,0.2460375,1,5906
speed focus,81,10,8,8,4,1,0.694205167,0.508658125,0,5906
speed focus,81,10,8,8,4,1,0.803429167,0.281172,1,5906
speed focus,82,1,3,3,4,1,0.594430209,0.55590125,0,5946
speed focus,82,1,3,3,4,1,0.585345292,0.091782041,1,5946
speed focus,82,2,3,3,4,1,0.948929042,0.119753125,0,5946
speed focus,82,2,3,3,4,1,0.68454725,0.425899708,1,5946
speed focus,82,3,3,3,4,1,0.568349583,1.298916208,0,5946
speed focus,82,3,3,3,4,1,0.641616709,1.185498209,1,5946
speed focus,82,4,3,3,2,1,0.856605417,0.486830375,0,5946
speed focus,82,4,3,3,3,1,0.675202875,0.313331917,1,5946
speed focus,82,5,3,3,4,1,0.608136292,0.224102375,0,5946
speed focus,82,5,3,4,3,0,0.742511042,0.2300815,1,5946
speed focus,82,6,3,3,4,1,0.791999125,0.16857475,0,5946
speed focus,82,6,3,3,4,1,0.697500791,0.172265292,1,5946
speed focus,82,7,3,3,4,1,0.787079458,0.296290333,0,5946
speed focus,82,7,3,3,4,1,0.721139583,0.15771175,1,5946
speed focus,82,8,3,3,4,1,0.927775666,0.47846175,0,5946
speed focus,82,8,3,3,3,1,0.582860834,0.333041541,1,5946
speed focus,82,9,3,3,4,1,0.777808959,0.232891709,0,5946
speed focus,82,9,3,3,4,1,0.569343167,0.251445208,1,5946
speed focus,82,10,3,3,4,1,1.012436708,0.248331792,0,5946
speed focus,82,10,3,3,4,1,0.958219291,0.215436875,1,5946
speed focus,83,1,4,4,4,1,0.906270291,2.188070958,0,6077
speed focus,83,1,4,4,4,1,0.683653208,0.108717917,1,6077
speed focus,83,2,4,4,4,1,0.642915292,0.156110333,0,6077
speed focus,83,2,4,4,4,1,0.625429875,0.123130916,1,6077
speed focus,83,3,4,4,4,1,0.61564175,0.263662333,0,6077
speed focus,83,3,4,4,4,1,0.563371958,1.332406667,1,6077
speed focus,83,4,4,4,1,1,1.142872791,0.843613458,0,6077
speed focus,83,4,4,4,4,1,0.843205458,0.425409083,1,6077
speed focus,83,5,4,4,4,1,0.691073416,0.170365791,0,6077
speed focus,83,5,4,4,4,1,0.594531583,0.1461375,1,6077
speed focus,83,6,4,4,4,1,0.408164542,0.330024959,0,6077
speed focus,83,6,4,4,4,1,0.638568708,0.152436625,1,6077
speed focus,83,7,4,4,4,1,0.731076166,0.24119275,0,6077
speed focus,83,7,4,4,4,1,0.629434792,0.177812958,1,6077
speed focus,83,8,4,4,3,1,1.029173042,0.2782025,0,6077
speed focus,83,8,4,4,4,1,0.881378167,0.732084417,1,6077
speed focus,83,9,4,4,4,1,0.74590925,0.371983542,0,6077
speed focus,83,9,4,4,4,1,0.655959583,0.320597125,1,6077
speed focus,83,10,4,4,4,1,0.734557542,0.347412084,0,6077
speed focus,83,10,4,4,4,1,0.836561459,0.331036292,1,6077
speed focus,84,1,6,6,4,1,0.885578167,0.681110709,0,6208
speed focus,84,1,6,6,4,1,0.862986292,0.125323166,1,6208
speed focus,84,2,6,6,4,1,1.002298958,0.10736325,0,6208
speed focus,84,2,6,6,4,1,0.826253041,0.102998334,1,6208
speed focus,84,3,6,6,4,1,0.603560375,2.054498,0,6208
speed focus,84,3,6,6,4,1,0.600801791,1.267595,1,6208
speed focus,84,4,6,5,1,0,0.8335075,0.922246542,0,6208
speed focus,84,4,6,6,3,1,0.818938042,0.363006125,1,6208
speed focus,84,5,6,8,4,0,0.90790075,0.278768042,0,6208
speed focus,84,5,6,5,4,0,0.695642208,0.189815042,1,6208
speed focus,84,6,6,6,4,1,0.639104583,0.089923666,0,6208
speed focus,84,6,6,6,4,1,0.749845417,0.555688334,1,6208
speed focus,84,7,6,6,4,1,0.929153042,0.233338417,0,6208
speed focus,84,7,6,6,4,1,0.702693125,0.139844959,1,6208
speed focus,84,8,6,6,4,1,1.170460666,0.74482775,0,6208
speed focus,84,8,6,6,4,1,0.912291792,0.131336584,1,6208
speed focus,84,9,6,7,1,0,1.110725458,1.42827775,0,6208
speed focus,84,9,6,6,4,1,1.047104833,0.626846542,1,6208
speed focus,84,10,6,6,4,1,1.176135792,0.490250542,0,6208
speed focus,84,10,6,5,1,0,0.707548917,0.779987667,1,6208
speed focus,85,1,4,4,4,1,0.574521125,0.104657375,0,6221
speed focus,85,1,4,4,4,1,0.778289417,0.105008833,1,6221
speed focus,85,2,4,4,4,1,0.657911834,0.119436083,0,6221
speed focus,85,2,4,4,4,1,0.480004791,0.139404667,1,6221
speed focus,85,3,4,5,1,0,0.548348667,1.306921625,0,6221
speed focus,85,3,4,4,4,1,0.608397791,1.286723792,1,6221
speed focus,85,4,4,4,4,1,0.862871209,0.347679083,0,6221
speed focus,85,4,4,3,4,0,0.739671042,0.440985417,1,6221
speed focus,85,5,4,4,4,1,0.686992333,0.216602458,0,6221
speed focus,85,5,4,4,4,1,0.789477583,0.18980675,1,6221
speed focus,85,6,4,5,4,0,0.555057333,0.378423666,0,6221
speed focus,85,6,4,4,4,1,0.548460584,0.154270208,1,6221
speed focus,85,7,4,4,4,1,0.499584958,0.240577,0,6221
speed focus,85,7,4,4,4,1,0.747362875,0.184401959,1,6221
speed focus,85,8,4,4,4,1,0.625854375,0.23174775,0,6221
speed focus,85,8,4,4,4,1,0.644339,0.224124417,1,6221
speed focus,85,9,4,4,4,1,0.81101875,0.472113833,0,6221
speed focus,85,9,4,4,4,1,0.877930834,0.251998208,1,6221
speed focus,85,10,4,4,4,1,0.655649291,0.327636709,0,6221
speed focus,85,10,4,4,4,1,0.8168655,0.172319625,1,6221
speed focus,86,1,7,7,4,1,1.915777916,1.351279292,0,6362
speed focus,86,1,7,7,4,1,0.766556334,0.377300792,1,6362
speed focus,86,2,7,7,4,1,0.792602208,0.152578167,0,6362
speed focus,86,2,7,5,1,0,0.623598042,0.412621875,1,6362
speed focus,86,3,7,5,1,0,0.607995291,1.040844208,0,6362
speed focus,86,3,7,7,4,1,0.488294083,1.943182042,1,6362
speed focus,86,4,7,7,1,1,1.294053459,0.233859833,0,6362
speed focus,86,4,7,7,1,1,0.616326417,0.315559791,1,6362
speed focus,86,5,7,7,4,1,0.713075,0.184145084,0,6362
speed focus,86,5,7,6,4,0,0.777522667,0.209381916,1,6362
speed focus,86,6,7,7,4,1,0.490031583,0.218286459,0,6362
speed focus,86,6,7,7,4,1,0.575405541,0.122866458,1,6362
speed focus,86,7,7,7,4,1,0.77738,0.145527375,0,6362
speed focus,86,7,7,7,4,1,0.892275875,0.1218045,1,6362
speed focus,86,8,7,7,4,1,0.66385875,0.291596917,0,6362
speed focus,86,8,7,7,4,1,0.609385,0.318530333,1,6362
speed focus,86,9,7,7,4,1,0.811543625,0.419478083,0,6362
speed focus,86,9,7,7,4,1,0.711282583,0.246236417,1,6362
speed focus,86,10,7,7,4,1,0.589152709,0.361648458,0,6362
speed focus,86,10,7,7,4,1,0.885355333,0.200035208,1,6362
speed focus,87,1,1,1,4,1,0.651831166,0.137746583,0,6398
speed focus,87,1,1,1,4,1,0.5350745,0.215918333,1,6398
speed focus,87,2,1,1,4,1,0.590154,0.155692667,0,6398
speed focus,87,2,1,1,4,1,0.586654542,0.215271959,1,6398
speed focus,87,3,1,1,4,1,0.536301791,0.184454125,0,6398
speed focus,87,3,1,1,4,1,0.508929167,1.092571416,1,6398
speed focus,87,4,1,1,4,1,0.6590735,0.347769459,0,6398
speed focus,87,4,1,1,1,1,0.5941245,0.37933275,1,6398
speed focus,87,5,1,1,4,1,0.494221667,0.218449791,0,6398
speed focus,87,5,1,1,4,1,0.543603875,0.23799575,1,6398
speed focus,87,6,1,1,4,1,0.647427667,0.218152459,0,6398
speed focus,87,6,1,1,4,1,0.606466625,0.265029875,1,6398
speed focus,87,7,1,1,4,1,0.68330325,0.245439584,0,6398
speed focus,87,7,1,1,4,1,0.615707,0.191176041,1,6398
speed focus,87,8,1,7,2,0,1.886030083,0.417377875,0,6398
speed focus,87,8,1,1,4,1,0.495107208,0.439926167,1,6398
speed focus,87,9,1,1,4,1,0.694763458,0.30608,0,6398
speed focus,87,9,1,1,4,1,1.010465792,0.345386666,1,6398
speed focus,87,10,1,1,4,1,0.6934495,0.4099905,0,6398
speed focus,87,10,1,1,4,1,0.82162,0.249954125,1,6398
speed focus,88,1,4,4,4,1,0.981876125,0.137880667,0,6461
speed focus,88,1,4,4,4,1,0.638744917,0.138159333,1,6461
speed focus,88,2,4,4,4,1,0.714151708,0.154388167,0,6461
speed focus,88,2,4,4,4,1,0.76738075,0.123318875,1,6461
speed focus,88,3,4,4,4,1,0.596447792,0.14371675,0,6461
speed focus,88,3,4,4,1,1,0.703645625,1.238752875,1,6461
speed focus,88,4,4,8,4,0,0.722218834,0.810907667,0,6461
speed focus,88,4,4,8,3,0,0.901669834,0.266991125,1,6461
speed focus,88,5,4,4,4,1,0.86037025,0.157135583,0,6461
speed focus,88,5,4,4,4,1,0.583857042,0.176498291,1,6461
speed focus,88,6,4,4,4,1,0.845720125,0.202518708,0,6461
speed focus,88,6,4,4,4,1,1.1174615,0.21588525,1,6461
speed focus,88,7,4,4,4,1,0.832426042,0.181509833,0,6461
speed focus,88,7,4,4,4,1,0.596373083,0.157621208,1,6461
speed focus,88,8,4,4,4,1,1.518285875,0.404822875,0,6461
speed focus,88,8,4,4,3,1,0.837849416,0.493012166,1,6461
speed focus,88,9,4,4,4,1,0.736695958,0.278188042,0,6461
speed focus,88,9,4,4,4,1,0.903905708,0.552796625,1,6461
speed focus,88,10,4,4,4,1,1.382282458,0.29754475,0,6461
speed focus,88,10,4,4,4,1,1.227961667,0.185219375,1,6461
speed focus,89,1,8,8,4,1,0.808528666,0.217026083,0,6604
speed focus,89,1,8,8,4,1,0.902660542,0.138086583,1,6604
speed focus,89,2,8,8,4,1,0.585323708,0.124462625,0,6604
speed focus,89,2,8,8,4,1,0.549295834,0.33249825,1,6604
speed focus,89,3,8,7,1,0,0.856595333,4.615972708,0,6604
speed focus,89,3,8,8,3,1,0.830910458,1.079536542,1,6604
speed focus,89,4,8,8,4,1,0.723981291,0.329701792,0,6604
speed focus,89,4,8,8,4,1,0.67577,0.682343958,1,6604
speed focus,89,5,8,6,4,0,0.887313125,0.413153083,0,6604
speed focus,89,5,8,2,4,0,0.516606709,0.7060765,1,6604
speed focus,89,6,8,8,4,1,0.616343666,0.15217025,0,6604
speed focus,89,6,8,8,4,1,0.65861275,0.556023,1,6604
speed focus,89,7,8,7,4,0,0.7183685,0.12124025,0,6604
speed focus,89,7,8,8,4,1,0.863305834,1.013317292,1,6604
speed focus,89,8,8,8,4,1,0.848878833,0.27123625,0,6604
speed focus,89,8,8,8,4,1,0.515651708,0.238726542,1,6604
speed focus,89,9,8,8,4,1,0.708376791,0.312279791,0,6604
speed focus,89,9,8,8,4,1,0.9060955,0.225720333,1,6604
speed focus,89,10,8,8,4,1,0.791918209,0.568817667,0,6604
speed focus,89,10,8,8,4,1,0.654326917,0.297746708,1,6604
speed focus,90,1,2,2,4,1,0.569448292,0.1712255,0,7002
speed focus,90,1,2,2,4,1,0.602359167,0.138018625,1,7002
speed focus,90,2,2,2,4,1,0.707410458,0.120796625,0,7002
speed focus,90,2,2,2,4,1,0.575671375,0.122794417,1,7002
speed focus,90,3,2,1,3,0,0.306926166,0.182149917,0,7002
speed focus,90,3,2,2,1,1,0.507918583,1.178285959,1,7002
speed focus,90,4,2,2,1,1,0.788409458,0.267950583,0,7002
speed focus,90,4,2,2,4,1,0.767631917,0.374828792,1,7002
speed focus,90,5,2,2,4,1,0.595382375,0.244329167,0,7002
speed focus,90,5,2,3,4,0,0.622252208,0.367255917,1,7002
speed focus,90,6,2,2,4,1,0.617039209,0.20208525,0,7002
speed focus,90,6,2,2,2,1,0.746430667,0.156521708,1,7002
speed focus,90,7,2,2,4,1,0.671576667,0.194061875,0,7002
speed focus,90,7,2,2,4,1,0.736539834,0.27998775,1,7002
speed focus,90,8,2,2,4,1,0.649726166,0.513605875,0,7002
speed focus,90,8,2,2,4,1,0.672658792,0.518743416,1,7002
speed focus,90,9,2,2,4,1,0.600415542,0.385359875,0,7002
speed focus,90,9,2,2,4,1,0.772089292,1.088937417,1,7002
speed focus,90,10,2,2,4,1,0.895698833,0.185647541,0,7002
speed focus,90,10,2,2,4,1,0.774177209,0.218214667,1,7002
speed focus,91,1,3,3,4,1,0.610790792,0.137761292,0,7131
speed focus,91,1,3,3,4,1,0.586792709,0.311913917,1,7131
speed focus,91,2,3,3,4,1,1.048850584,0.119645459,0,7131
speed focus,91,2,3,3,4,1,0.608248083,0.360522625,1,7131
speed focus,91,3,3,3,2,1,0.559545458,1.459288542,0,7131
speed focus,91,3,3,3,1,1,0.5758425,1.539302375,1,7131
speed focus,91,4,3,3,1,1,0.841366125,0.167499542,0,7131
speed focus,91,4,3,3,3,1,0.806943416,0.2811295,1,7131
speed focus,91,5,3,3,4,1,0.641308208,0.150459,0,7131
speed focus,91,5,3,2,4,0,1.135163708,0.229300917,1,7131
speed focus,91,6,3,3,4,1,0.681713167,0.122402459,0,7131
speed focus,91,6,3,3,4,1,0.577571958,0.139754458,1,7131
speed focus,91,7,3,3,4,1,0.753112333,0.152157125,0,7131
speed focus,91,7,3,3,4,1,0.734400958,0.171467792,1,7131
speed focus,91,8,3,3,4,1,0.6268945,0.346344125,0,7131
speed focus,91,8,3,3,4,1,0.570575834,0.238172167,1,7131
speed focus,91,9,3,3,4,1,0.733919625,0.559888625,0,7131
speed focus,91,9,3,3,4,1,0.650770083,0.600252625,1,7131
speed focus,91,10,3,3,4,1,0.881062875,0.347720625,0,7131
speed focus,91,10,3,3,4,1,0.997185334,0.185179458,1,7131
speed focus,92,1,7,7,4,1,1.088114084,0.2183575,0,7190
speed focus,92,1,7,7,4,1,0.966076042,0.122333292,1,7190
speed focus,92,2,7,7,4,1,0.886713834,0.106381791,0,7190
speed focus,92,2,7,7,4,1,0.555495542,0.139422,1,7190
speed focus,92,3,7,7,3,1,0.76121425,0.943020083,0,7190
speed focus,92,3,7,7,4,1,0.527740542,1.280260167,1,7190
speed focus,92,4,7,2,1,0,0.877730375,0.170633084,0,7190
speed focus,92,4,7,3,2,0,0.645394334,0.5859245,1,7190
speed focus,92,5,7,7,4,1,0.595245417,0.2241365,0,7190
speed focus,92,5,7,7,4,1,0.490650666,0.218493334,1,7190
speed focus,92,6,7,7,4,1,0.585955375,0.188814083,0,7190
speed focus,92,6,7,7,4,1,0.754838334,0.122909041,1,7190
speed focus,92,7,7,4,4,0,0.567389666,0.575465959,0,7190
speed focus,92,7,7,7,4,1,0.811615125,0.137381333,1,7190
speed focus,92,8,7,7,4,1,0.697552833,0.337432417,0,7190
speed focus,92,8,7,7,4,1,0.575846084,0.293697375,1,7190
speed focus,92,9,7,7,4,1,0.71720075,0.802017083,0,7190
speed focus,92,9,7,7,2,1,0.905866041,0.6003745,1,7190
speed focus,92,10,7,7,4,1,1.83188275,0.580896209,0,7190
speed focus,92,10,7,7,4,1,0.729835,0.264611791,1,7190
speed focus,93,1,2,2,4,1,0.595028041,0.122006333,0,7360
speed focus,93,1,2,2,4,1,0.571926625,0.0917825,1,7360
speed focus,93,2,2,2,4,1,0.6114165,0.123187542,0,7360
speed focus,93,2,2,2,4,1,0.535865334,0.139241875,1,7360
speed focus,93,3,2,2,2,1,0.306849209,0.202879792,0,7360
speed focus,93,3,2,2,4,1,0.588552542,1.4767175,1,7360
speed focus,93,4,2,2,4,1,0.628129167,0.409793709,0,7360
speed focus,93,4,2,2,4,1,0.863638333,0.250329458,1,7360
speed focus,93,5,2,2,4,1,0.51533725,0.250586625,0,7360
speed focus,93,5,2,3,4,0,0.627588792,0.309342125,1,7360
speed focus,93,6,2,2,4,1,0.671695375,0.172227042,0,7360
speed focus,93,6,2,2,4,1,0.651704333,0.585742625,1,7360
speed focus,93,7,2,2,4,1,0.955776459,0.172178083,0,7360
speed focus,93,7,2,3,4,0,0.675178875,0.171424375,1,7360
speed focus,93,8,2,2,4,1,0.706198209,0.344046041,0,7360
speed focus,93,8,2,2,4,1,0.660276083,0.346409916,1,7360
speed focus,93,9,2,2,4,1,0.673815625,0.245266709,0,7360
speed focus,93,9,2,2,4,1,0.898426958,0.300973709,1,7360
speed focus,93,10,2,2,4,1,0.953055083,0.730289041,0,7360
speed focus,93,10,2,2,4,1,0.6741825,0.169695584,1,7360
speed focus,94,1,6,6,4,1,0.834600125,0.217733417,0,7762
speed focus,94,1,6,6,2,1,1.01621775,0.218411041,1,7762
speed focus,94,2,6,6,2,1,0.935383041,0.218165292,0,7762
speed focus,94,2,6,6,4,1,0.849967917,0.139591,1,7762
speed focus,94,3,6,7,3,0,0.621603917,1.034543125,0,7762
speed focus,94,3,6,6,4,1,0.641086791,1.185292208,1,7762
speed focus,94,4,6,6,2,1,1.289778708,0.284121375,0,7762
speed focus,94,4,6,6,2,1,1.756474459,0.342868166,1,7762
speed focus,94,5,6,5,4,0,0.709806791,0.16276775,0,7762
speed focus,94,5,6,6,4,1,0.634479334,0.153799458,1,7762
speed focus,94,6,6,6,4,1,0.756456208,0.200224375,0,7762
speed focus,94,6,6,6,4,1,0.739065916,0.140076666,1,7762
speed focus,94,7,6,7,4,0,0.717994708,0.243384541,0,7762
speed focus,94,7,6,6,4,1,0.984005084,0.184883208,1,7762
speed focus,94,8,6,6,3,1,0.8356695,0.879841042,0,7762
speed focus,94,8,6,7,2,0,0.618860375,0.513077792,1,7762
speed focus,94,9,6,6,4,1,1.0396675,2.003114458,0,7762
speed focus,94,9,6,6,4,1,0.770718958,0.386914583,1,7762
speed focus,94,10,6,6,4,1,1.446010167,0.281172791,0,7762
speed focus,94,10,6,6,4,1,1.083140209,0.214772833,1,7762
speed focus,95,1,5,5,4,1,0.605633167,0.375594417,0,7798
speed focus,95,1,5,5,4,1,0.620750292,0.138303542,1,7798
speed focus,95,2,5,7,4,0,0.5814475,0.219592,0,7798
speed focus,95,2,5,5,4,1,0.686983917,0.393395542,1,7798
speed focus,95,3,5,4,2,0,0.867114792,0.82192475,0,7798
speed focus,95,3,5,4,2,0,0.615259583,1.299511042,1,7798
speed focus,95,4,5,5,3,1,0.528895166,0.394074834,0,7798
speed focus,95,4,5,5,1,1,0.553541416,0.215064458,1,7798
speed focus,95,5,5,5,4,1,0.913935291,0.155315708,0,7798
speed focus,95,5,5,4,1,0,0.454990417,0.545772208,1,7798
speed focus,95,6,5,5,4,1,0.782936542,0.233502708,0,7798
speed focus,95,6,5,5,4,1,0.889566792,0.172451417,1,7798
speed focus,95,7,5,5,4,1,1.364619458,0.209944541,0,7798
speed focus,95,7,5,5,4,1,0.742964708,0.104089666,1,7798
speed focus,95,8,5,5,4,1,0.721456958,0.359040083,0,7798
speed focus,95,8,5,5,4,1,0.62882825,0.231114834,1,7798
speed focus,95,9,5,5,4,1,1.107837583,0.251307625,0,7798
speed focus,95,9,5,5,4,1,0.974237334,0.545293875,1,7798
speed focus,95,10,5,5,4,1,0.819168334,0.297922,0,7798
speed focus,95,10,5,3,4,0,1.055700334,0.30114925,1,7798
speed focus,96,1,8,8,4,1,0.63738075,0.138650459,0,7920
speed focus,96,1,8,8,3,1,0.719409542,0.409752583,1,7920
speed focus,96,2,8,8,4,1,0.609529417,0.119296584,0,7920
speed focus,96,2,8,8,4,1,0.684790167,0.409919167,1,7920
speed focus,96,3,8,8,2,1,0.673973083,0.138158416,0,7920
speed focus,96,3,8,8,4,1,0.53445425,0.834388334,1,7920
speed focus,96,4,8,3,1,0,1.092762416,0.344426375,0,7920
speed focus,96,4,8,8,4,1,0.817798958,0.184645208,1,7920
speed focus,96,5,8,7,4,0,0.924236917,0.224441208,0,7920
speed focus,96,5,8,7,4,0,0.429571667,0.398427834,1,7920
speed focus,96,6,8,8,4,1,0.575623875,0.169024833,0,7920
speed focus,96,6,8,8,4,1,0.634501625,0.122406375,1,7920
speed focus,96,7,8,8,4,1,0.870092208,0.873665875,0,7920
speed focus,96,7,8,8,4,1,0.416077209,0.178085875,1,7920
speed focus,96,8,8,8,4,1,0.638100792,0.237449292,0,7920
speed focus,96,8,8,8,4,1,0.536335792,0.198162208,1,7920
speed focus,96,9,8,8,3,1,0.70946425,0.546355875,0,7920
speed focus,96,9,8,8,4,1,0.669961,0.252037083,1,7920
speed focus,96,10,8,8,4,1,0.5897445,0.474837125,0,7920
speed focus,96,10,8,8,4,1,0.681687833,0.234637292,1,7920
speed focus,97,1,6,6,4,1,1.161768875,0.154169583,0,8104
speed focus,97,1,6,6,4,1,0.853097042,0.105106125,1,8104
speed focus,97,2,6,6,4,1,0.766637166,0.136307625,0,8104
speed focus,97,2,6,6,4,1,0.815733583,0.123009541,1,8104
speed focus,97,3,6,6,4,1,0.534790334,1.597159292,0,8104
speed focus,97,3,6,6,3,1,0.840166125,1.31271375,1,8104
speed focus,97,4,6,6,4,1,1.233005833,0.154206334,0,8104
speed focus,97,4,6,5,1,0,0.799090417,0.154665542,1,8104
speed focus,97,5,6,6,4,1,0.682082875,0.169785542,0,8104
speed focus,97,5,6,7,4,0,0.615942917,0.186946375,1,8104
speed focus,97,6,6,6,4,1,0.717503667,0.15563925,0,8104
speed focus,97,6,6,6,4,1,0.700412083,0.185278125,1,8104
speed focus,97,7,6,6,4,1,1.486756459,0.539477667,0,8104
speed focus,97,7,6,6,4,1,1.055624708,0.111396958,1,8104
speed focus,97,8,6,6,4,1,0.854015583,0.496996958,0,8104
speed focus,97,8,6,6,4,1,0.919509458,0.198272167,1,8104
speed focus,97,9,6,6,4,1,0.971329375,1.148069041,0,8104
speed focus,97,9,6,6,4,1,0.920072334,0.487079541,1,8104
speed focus,97,10,6,6,4,1,1.465300292,0.553199333,0,8104
speed focus,97,10,6,6,4,1,1.042147333,0.24969875,1,8104
speed focus,98,1,6,6,2,1,0.882533458,0.185154875,0,8105
speed focus,98,1,6,6,4,1,0.969499792,0.121989708,1,8105
speed focus,98,2,6,6,4,1,0.950416458,0.122866541,0,8105
speed focus,98,2,6,6,4,1,0.918263125,0.106418917,1,8105
speed focus,98,3,6,8,4,0,0.747322542,0.436159709,0,8105
speed focus,98,3,6,6,4,1,0.602277375,1.657840667,1,8105
speed focus,98,4,6,5,2,0,0.968470542,0.217639875,0,8105
speed focus,98,4,6,6,4,1,0.806723375,0.297818375,1,8105
speed focus,98,5,6,6,4,1,0.625129583,0.296185042,0,8105
speed focus,98,5,6,6,4,1,0.581949333,0.224731291,1,8105
speed focus,98,6,6,5,4,0,0.781004833,0.375377167,0,8105
speed focus,98,6,6,6,4,1,1.093325125,0.106392542,1,8105
speed focus,98,7,6,7,2,0,0.877241292,0.601612959,0,8105
speed focus,98,7,6,6,4,1,0.861671959,0.125036,1,8105
speed focus,98,8,6,6,4,1,0.832924459,0.288302625,0,8105
speed focus,98,8,6,6,4,1,1.288274916,0.5650185,1,8105
speed focus,98,9,6,6,3,1,1.167199083,2.242790583,0,8105
speed focus,98,9,6,6,2,1,2.366054375,0.797127333,1,8105
speed focus,98,10,6,6,4,1,1.84592425,0.570371667,0,8105
speed focus,98,10,6,6,4,1,1.175455416,0.284594167,1,8105
speed focus,99,1,2,2,4,1,0.520065334,0.201706,0,8354
speed focus,99,1,2,2,4,1,0.642306708,0.155902667,1,8354
speed focus,99,2,2,4,4,0,0.779827167,0.123051291,0,8354
speed focus,99,2,2,2,4,1,0.700529625,0.090275042,1,8354
speed focus,99,3,2,2,2,1,0.613882417,1.213935583,0,8354
speed focus,99,3,2,4,3,0,0.647459166,1.477980167,1,8354
speed focus,99,4,2,2,3,1,0.58917925,0.204559667,0,8354
speed focus,99,4,2,2,4,1,0.594584458,0.842177958,1,8354
speed focus,99,5,2,5,4,0,0.717339584,0.143227625,0,8354
speed focus,99,5,2,2,4,1,0.675577917,0.21614625,1,8354
speed focus,99,6,2,4,4,0,0.924601875,0.168845208,0,8354
speed focus,99,6,2,2,4,1,0.650857083,0.185458042,1,8354
speed focus,99,7,2,2,2,1,0.78940075,0.198091708,0,8354
speed focus,99,7,2,2,4,1,0.623186541,0.144677042,1,8354
speed focus,99,8,2,2,4,1,0.805049083,0.32470575,0,8354
speed focus,99,8,2,2,4,1,1.018874458,0.164497292,1,8354
speed focus,99,9,2,4,2,0,0.937007917,0.326422667,0,8354
speed focus,99,9,2,2,3,1,0.718216166,0.35971625,1,8354
speed focus,99,10,2,4,4,0,0.986883917,0.360780833,0,8354
speed focus,99,10,2,2,4,1,0.821920125,0.202278375,1,8354
speed focus,100,1,8,8,3,1,1.344535917,2.666421583,0,8531
speed focus,100,1,8,8,3,1,0.616233584,0.758319917,1,8531
speed focus,100,2,8,8,4,1,0.675269042,0.138893083,0,8531
speed focus,100,2,8,8,4,1,0.645829833,0.136535958,1,8531
speed focus,100,3,8,8,4,1,0.6355635,0.077144041,0,8531
speed focus,100,3,8,7,3,0,0.622871833,1.379872625,1,8531
speed focus,100,4,8,8,3,1,0.8425755,0.393787333,0,8531
speed focus,100,4,8,8,2,1,0.632691333,0.361798458,1,8531
speed focus,100,5,8,7,4,0,0.699917417,0.258562,0,8531
speed focus,100,5,8,4,4,0,0.545012458,0.271860375,1,8531
speed focus,100,6,8,6,4,0,0.814447375,0.233463,0,8531
speed focus,100,6,8,8,4,1,0.645393791,0.106662708,1,8531
speed focus,100,7,8,8,4,1,0.8120125,0.3073425,0,8531
speed focus,100,7,8,8,4,1,0.570805917,0.15808525,1,8531
speed focus,100,8,8,8,4,1,0.69321825,0.31155725,0,8531
speed focus,100,8,8,8,4,1,0.761981375,0.152182875,1,8531
speed focus,100,9,8,8,4,1,0.677105041,0.239197625,0,8531
speed focus,100,9,8,8,4,1,0.803991625,0.540313333,1,8531
speed focus,100,10,8,8,4,1,1.887458583,0.662382084,0,8531
speed focus,100,10,8,8,4,1,0.77935425,0.279326083,1,8531
speed focus,101,1,1,1,4,1,0.495754416,0.167933542,0,8560
speed focus,101,1,1,7,2,0,0.832625917,0.345727208,1,8560
speed focus,101,2,1,1,4,1,0.703732375,0.185364292,0,8560
speed focus,101,2,1,1,4,1,0.570197042,0.122593583,1,8560
speed focus,101,3,1,1,4,1,0.667818125,0.117291834,0,8560
speed focus,101,3,1,7,3,0,0.562065875,1.120856584,1,8560
speed focus,101,4,1,1,2,1,0.988745958,0.489934542,0,8560
speed focus,101,4,1,1,4,1,0.893014875,0.40906225,1,8560
speed focus,101,5,1,1,4,1,0.562213625,0.319423333,0,8560
speed focus,101,5,1,1,4,1,0.518186125,0.191173625,1,8560
speed focus,101,6,1,1,1,1,0.5530145,0.168483875,0,8560
speed focus,101,6,1,1,4,1,0.514732167,0.171899334,1,8560
speed focus,101,7,1,1,4,1,1.179983,0.172698875,0,8560
speed focus,101,7,1,2,4,0,0.562230541,0.438118416,1,8560
speed focus,101,8,1,7,4,0,0.69507625,0.318513667,0,8560
speed focus,101,8,1,7,3,0,0.665180917,0.284172916,1,8560
speed focus,101,9,1,7,3,0,1.195778375,0.855946625,0,8560
speed focus,101,9,1,1,2,1,1.106353625,0.927330916,1,8560
speed focus,101,10,1,1,4,1,0.692990166,0.473290208,0,8560
speed focus,101,10,1,1,4,1,0.618679625,0.231635458,1,8560
speed focus,102,1,1,1,4,1,0.561991,0.121334792,0,8810
speed focus,102,1,1,7,4,0,1.145020708,0.23641625,1,8810
speed focus,102,2,1,1,4,1,0.720305625,0.172209875,0,8810
speed focus,102,2,1,7,4,0,0.621790541,0.267191292,1,8810
speed focus,102,3,1,1,4,1,0.495316208,0.084365875,0,8810
speed focus,102,3,1,3,1,0,0.653773542,1.292804792,1,8810
speed focus,102,4,1,6,4,0,1.3110625,0.342725542,0,8810
speed focus,102,4,1,7,3,0,0.763249625,1.047803375,1,8810
speed focus,102,5,1,1,4,1,0.52882675,0.453424916,0,8810
speed focus,102,5,1,1,4,1,0.572869416,0.175563125,1,8810
speed focus,102,6,1,1,1,1,0.576813167,0.264776375,0,8810
speed focus,102,6,1,1,4,1,0.60277175,0.154061667,1,8810
speed focus,102,7,1,1,4,1,0.765699625,0.770233125,0,8810
speed focus,102,7,1,1,4,1,0.557342584,0.491823708,1,8810
speed focus,102,8,1,7,4,0,1.262247459,0.390885,0,8810
speed focus,102,8,1,7,4,0,0.812258209,0.344121334,1,8810
speed focus,102,9,1,1,3,1,1.2712345,1.013595708,0,8810
speed focus,102,9,1,1,2,1,1.36337425,1.335405166,1,8810
speed focus,102,10,1,1,4,1,0.587677334,0.266137292,0,8810
speed focus,102,10,1,6,4,0,0.930007,0.16974475,1,8810
speed focus,103,1,5,4,1,0,0.67587025,0.728538,0,8814
speed focus,103,1,5,4,1,0,0.548693042,2.07269025,1,8814
speed focus,103,2,5,6,4,0,0.949115084,0.202179,0,8814
speed focus,103,2,5,4,1,0,0.574373042,0.491468083,1,8814
speed focus,103,3,5,5,1,1,0.771070958,7.450490292,0,8814
speed focus,103,3,5,7,1,0,0.71505175,1.172686875,1,8814
speed focus,103,4,5,5,2,1,0.993017833,0.2979995,0,8814
speed focus,103,4,5,5,3,1,0.774536833,0.344741834,1,8814
speed focus,103,5,5,4,4,0,0.547092084,0.162629459,0,8814
speed focus,103,5,5,5,4,1,0.916197833,0.141755667,1,8814
speed focus,103,6,5,5,4,1,0.737348541,0.138940625,0,8814
speed focus,103,6,5,5,4,1,0.638675458,0.135508792,1,8814
speed focus,103,7,5,3,3,0,1.531352542,0.302800708,0,8814
speed focus,103,7,5,5,4,1,0.601911,0.090977917,1,8814
speed focus,103,8,5,5,4,1,0.74921625,0.318437791,0,8814
speed focus,103,8,5,5,4,1,0.630602417,0.143321375,1,8814
speed focus,103,9,5,5,4,1,0.843189584,0.694505,0,8814
speed focus,103,9,5,5,4,1,0.991986209,0.380062,1,8814
speed focus,103,10,5,5,4,1,0.756725167,0.313430208,0,8814
speed focus,103,10,5,5,4,1,0.924150542,0.77984625,1,8814
speed focus,104,1,7,7,4,1,0.668869541,0.36077875,0,8985
speed focus,104,1,7,8,3,0,0.837086458,0.492188458,1,8985
speed focus,104,2,7,7,4,1,0.733304333,0.123112292,0,8985
speed focus,104,2,7,7,4,1,0.753616,0.122884875,1,8985
speed focus,104,3,7,5,1,0,0.821427708,0.848388667,0,8985
speed focus,104,3,7,7,4,1,0.475930541,0.907255875,1,8985
speed focus,104,4,7,7,2,1,0.620983791,0.347208166,0,8985
speed focus,104,4,7,7,2,1,1.020914,0.154347917,1,8985
speed focus,104,5,7,2,4,0,0.356692791,0.265891625,0,8985
speed focus,104,5,7,7,4,1,0.620343833,0.159008292,1,8985
speed focus,104,6,7,7,2,1,0.552499292,0.234695792,0,8985
speed focus,104,6,7,7,3,1,0.72710975,0.168557167,1,8985
speed focus,104,7,7,7,4,1,0.968806083,0.268122625,0,8985
speed focus,104,7,7,7,4,1,0.691368208,0.159482917,1,8985
speed focus,104,8,7,7,4,1,0.8856585,0.317574208,0,8985
speed focus,104,8,7,7,3,1,0.636412625,0.25718075,1,8985
speed focus,104,9,7,7,4,1,0.831649459,0.291169375,0,8985
speed focus,104,9,7,7,4,1,0.806770167,0.853721958,1,8985
speed focus,104,10,7,7,4,1,0.978424959,0.249665458,0,8985
speed focus,104,10,7,7,4,1,0.69340775,0.2978155,1,8985
speed focus,105,1,7,2,4,0,0.514897791,0.23411175,0,9016
speed focus,105,1,7,2,4,0,0.694155209,0.16913575,1,9016
speed focus,105,2,7,2,4,0,0.632180041,0.139081959,0,9016
speed focus,105,2,7,2,1,0,0.611409,0.362550125,1,9016
speed focus,105,3,7,2,4,0,0.4892435,1.572358584,0,9016
speed focus,105,3,7,7,4,1,0.620730959,1.117335917,1,9016
speed focus,105,4,7,2,3,0,0.620778625,0.281340125,0,9016
speed focus,105,4,7,2,4,0,0.652020583,0.235612833,1,9016
speed focus,105,5,7,7,4,1,0.907527625,0.149962209,0,9016
speed focus,105,5,7,2,4,0,0.572466666,0.210976,1,9016
speed focus,105,6,7,2,2,0,0.641885,0.186194333,0,9016
speed focus,105,6,7,1,4,0,0.887171375,0.504762209,1,9016
speed focus,105,7,7,3,4,0,0.8771255,0.666804042,0,9016
speed focus,105,7,7,2,4,0,0.666972375,0.965326042,1,9016
speed focus,105,8,7,2,3,0,1.099438541,0.491216125,0,9016
speed focus,105,8,7,7,4,1,0.840379667,0.718666792,1,9016
speed focus,105,9,7,3,4,0,1.030596125,0.565010708,0,9016
speed focus,105,9,7,7,4,1,0.734655708,0.26609325,1,9016
speed focus,105,10,7,7,4,1,1.244015583,0.282112584,0,9016
speed focus,105,10,7,7,4,1,0.9853115,0.15274975,1,9016
speed focus,106,1,2,2,4,1,0.628688375,0.151532666,0,9019
speed focus,106,1,2,2,4,1,0.657773125,0.188334875,1,9019
speed focus,106,2,2,2,4,1,0.638531417,0.297680167,0,9019
speed focus,106,2,2,2,4,1,0.604112125,0.135873958,1,9019
speed focus,106,3,2,2,4,1,0.517491125,2.872691291,0,9019
speed focus,106,3,2,1,2,0,0.305213167,0.211174709,1,9019
speed focus,106,4,2,2,4,1,0.61690775,0.20084375,0,9019
speed focus,106,4,2,2,4,1,0.706995916,0.297866791,1,9019
speed focus,106,5,2,2,4,1,0.558872125,0.207889333,0,9019
speed focus,106,5,2,3,4,0,0.505548625,0.24555175,1,9019
speed focus,106,6,2,3,2,0,0.6316335,0.139522792,0,9019
speed focus,106,6,2,2,2,1,0.621223458,0.169168334,1,9019
speed focus,106,7,2,2,4,1,0.675125416,0.198918792,0,9019
speed focus,106,7,2,2,4,1,0.548923084,0.164686,1,9019
speed focus,106,8,2,2,4,1,0.618099417,0.284572042,0,9019
speed focus,106,8,2,2,4,1,0.522338875,0.3445765,1,9019
speed focus,106,9,2,2,4,1,0.665355792,0.293816,0,9019
speed focus,106,9,2,2,4,1,0.584439375,0.219912333,1,9019
speed focus,106,10,2,2,4,1,0.687707333,0.266913375,0,9019
speed focus,106,10,2,2,4,1,0.805935708,0.202526375,1,9019
speed focus,107,1,2,2,4,1,0.495472666,0.090978792,0,9047
speed focus,107,1,2,2,4,1,0.575732375,0.298858334,1,9047
speed focus,107,2,2,2,4,1,0.63242875,0.168732667,0,9047
speed focus,107,2,2,2,4,1,0.595000833,0.1065025,1,9047
speed focus,107,3,2,2,4,1,0.640315959,0.16376625,0,9047
speed focus,107,3,2,7,2,0,0.562403834,1.291567875,1,9047
speed focus,107,4,2,6,2,0,0.85977225,0.17062975,0,9047
speed focus,107,4,2,2,3,1,0.564926,0.26849125,1,9047
speed focus,107,5,2,2,4,1,0.625378417,0.250011625,0,9047
speed focus,107,5,2,2,4,1,0.628125208,0.196996416,1,9047
speed focus,107,6,2,2,4,1,0.683506458,0.266596625,0,9047
speed focus,107,6,2,2,4,1,0.586717416,0.199038833,1,9047
speed focus,107,7,2,2,4,1,0.638030583,0.165603333,0,9047
speed focus,107,7,2,3,3,0,0.630824209,0.231472292,1,9047
speed focus,107,8,2,2,2,1,0.824064875,0.320064125,0,9047
speed focus,107,8,2,2,4,1,0.84259225,0.28529825,1,9047
speed focus,107,9,2,7,2,0,1.801800375,0.826249959,0,9047
speed focus,107,9,2,2,4,1,0.630382959,0.247282,1,9047
speed focus,107,10,2,2,4,1,1.126869916,1.0183165,0,9047
speed focus,107,10,2,2,4,1,0.744142708,0.199048875,1,9047
speed focus,108,1,4,4,4,1,0.692875042,0.091685959,0,9104
speed focus,108,1,4,4,4,1,0.666922166,0.172422,1,9104
speed focus,108,2,4,4,4,1,0.629204875,0.15556825,0,9104
speed focus,108,2,4,4,4,1,0.541852083,0.172110542,1,9104
speed focus,108,3,4,4,1,1,0.60862125,1.073985875,0,9104
speed focus,108,3,4,4,4,1,0.614323666,1.389427,1,9104
speed focus,108,4,4,4,4,1,1.031870708,0.425612333,0,9104
speed focus,108,4,4,3,1,0,0.736254083,0.280448792,1,9104
speed focus,108,5,4,4,4,1,0.462109542,0.141876,0,9104
speed focus,108,5,4,4,4,1,0.461357125,0.17053525,1,9104
speed focus,108,6,4,4,4,1,0.792516291,0.155685,0,9104
speed focus,108,6,4,4,4,1,0.657760791,0.169802625,1,9104
speed focus,108,7,4,4,4,1,0.632824542,0.20411875,0,9104
speed focus,108,7,4,4,4,1,0.730598375,0.171281,1,9104
speed focus,108,8,4,4,4,1,0.747548041,0.251934083,0,9104
speed focus,108,8,4,4,4,1,0.592486084,0.211546334,1,9104
speed focus,108,9,4,4,4,1,0.675843583,0.246349708,0,9104
speed focus,108,9,4,4,4,1,0.789693375,0.198635584,1,9104
speed focus,108,10,4,4,4,1,0.67348125,0.297591166,0,9104
speed focus,108,10,4,4,4,1,0.877635208,0.217238875,1,9104
speed focus,109,1,8,8,4,1,0.61547475,0.362052917,0,9127
speed focus,109,1,8,8,4,1,0.663187333,0.171298167,1,9127
speed focus,109,2,8,8,4,1,0.704438167,0.442975083,0,9127
speed focus,109,2,8,8,4,1,0.519726292,0.119530333,1,9127
speed focus,109,3,8,8,1,1,3.350406334,1.0714305,0,9127
speed focus,109,3,8,7,1,0,0.622739375,1.358218375,1,9127
speed focus,109,4,8,7,1,0,0.429103542,0.283826375,0,9127
speed focus,109,4,8,8,4,1,0.550725792,0.87566775,1,9127
speed focus,109,5,8,8,4,1,0.862725416,0.148509167,0,9127
speed focus,109,5,8,8,4,1,0.788877292,0.163572834,1,9127
speed focus,109,6,8,8,4,1,0.677827916,0.185831792,0,9127
speed focus,109,6,8,8,4,1,0.7373855,0.13908475,1,9127
speed focus,109,7,8,8,1,1,0.826346458,0.329364125,0,9127
speed focus,109,7,8,8,4,1,0.611549791,0.144117167,1,9127
speed focus,109,8,8,7,1,0,0.569751458,0.824760208,0,9127
speed focus,109,8,8,8,4,1,0.666355708,1.812152,1,9127
speed focus,109,9,8,8,4,1,0.697023917,0.440350125,0,9127
speed focus,109,9,8,8,4,1,0.657928375,0.178130458,1,9127
speed focus,109,10,8,8,4,1,1.0147835,0.343495041,0,9127
speed focus,109,10,8,8,4,1,0.656529416,0.215637583,1,9127
speed focus,110,1,5,5,4,1,1.34710025,0.151796375,0,9290
speed focus,110,1,5,5,4,1,0.665518042,0.125097917,1,9290
speed focus,110,2,5,5,4,1,0.635204792,0.139580333,0,9290
speed focus,110,2,5,6,1,0,0.632902667,0.538704917,1,9290
speed focus,110,3,5,5,4,1,0.550595875,0.070951917,0,9290
speed focus,110,3,5,4,2,0,0.586508167,1.126535208,1,9290
speed focus,110,4,5,4,4,0,0.671816084,0.616455917,0,9290
speed focus,110,4,5,5,4,1,0.757556833,0.715191333,1,9290
speed focus,110,5,5,5,4,1,0.761264542,0.143753791,0,9290
speed focus,110,5,5,5,4,1,0.6618395,0.196360375,1,9290
speed focus,110,6,5,4,4,0,0.562301166,1.128187666,0,9290
speed focus,110,6,5,5,4,1,0.646490917,0.136243791,1,9290
speed focus,110,7,5,5,4,1,1.03640775,0.14270825,0,9290
speed focus,110,7,5,4,4,0,0.541519292,0.4026525,1,9290
speed focus,110,8,5,5,1,1,0.682286042,0.365169916,0,9290
speed focus,110,8,5,5,4,1,0.490324291,0.403887583,1,9290
speed focus,110,9,5,5,4,1,0.863515916,0.519703042,0,9290
speed focus,110,9,5,5,4,1,0.963941625,0.693996042,1,9290
speed focus,110,10,5,5,4,1,1.001888791,0.297926375,0,9290
speed focus,110,10,5,5,4,1,1.173212958,0.235983542,1,9290
speed focus,111,1,2,2,4,1,0.578310375,0.167439625,0,9380
speed focus,111,1,2,2,4,1,0.488308542,0.121743833,1,9380
speed focus,111,2,2,2,4,1,0.576176416,0.153020125,0,9380
speed focus,111,2,2,2,4,1,0.506794709,0.12293125,1,9380
speed focus,111,3,2,2,4,1,0.775367125,0.237010125,0,9380
speed focus,111,3,2,2,4,1,0.515321458,1.191658875,1,9380
speed focus,111,4,2,2,4,1,0.564908291,0.250704542,0,9380
speed focus,111,4,2,2,3,1,0.535017792,0.281185375,1,9380
speed focus,111,5,2,2,4,1,0.868124416,0.159944125,0,9380
speed focus,111,5,2,2,4,1,0.581787334,0.182381792,1,9380
speed focus,111,6,2,3,2,0,0.731246917,0.123066375,0,9380
speed focus,111,6,2,2,4,1,0.544402667,0.119405458,1,9380
speed focus,111,7,2,2,4,1,0.609858209,0.238541375,0,9380
speed focus,111,7,2,2,4,1,0.757658875,0.488102875,1,9380
speed focus,111,8,2,2,4,1,0.668136,0.237692625,0,9380
speed focus,111,8,2,2,4,1,0.709776208,0.747217667,1,9380
speed focus,111,9,2,2,4,1,0.704987666,0.351725792,0,9380
speed focus,111,9,2,2,4,1,0.738080875,0.286017334,1,9380
speed focus,111,10,2,2,4,1,0.8367075,0.424524583,0,9380
speed focus,111,10,2,2,4,1,0.717278417,0.231575875,1,9380
speed focus,112,1,6,6,4,1,2.90922575,0.1678605,0,9618
speed focus,112,1,6,6,4,1,1.129207042,0.205195208,1,9618
speed focus,112,2,6,6,4,1,0.743382875,0.201986667,0,9618
speed focus,112,2,6,6,4,1,0.866158375,0.15249775,1,9618
speed focus,112,3,6,6,4,1,0.5428195,1.557913334,0,9618
speed focus,112,3,6,6,2,1,0.674919792,1.366012125,1,9618
speed focus,112,4,6,6,2,1,0.715389833,0.361338542,0,9618
speed focus,112,4,6,8,3,0,1.058884625,0.345385041,1,9618
speed focus,112,5,6,6,4,1,0.601215334,0.176694042,0,9618
speed focus,112,5,6,7,4,0,0.64161975,0.158215125,1,9618
speed focus,112,6,6,2,4,0,0.681214209,0.188910625,0,9618
speed focus,112,6,6,6,4,1,0.941854417,0.155666416,1,9618
speed focus,112,7,6,6,4,1,0.697217666,0.18513875,0,9618
speed focus,112,7,6,6,3,1,1.262697917,0.177893791,1,9618
speed focus,112,8,6,6,4,1,1.038581416,0.21131075,0,9618
speed focus,112,8,6,6,4,1,0.68515425,0.110625416,1,9618
speed focus,112,9,6,6,4,1,0.938424792,0.633408208,0,9618
speed focus,112,9,6,6,4,1,1.221127042,0.459307542,1,9618
speed focus,112,10,6,6,4,1,1.191377,0.264918791,0,9618
speed focus,112,10,6,6,4,1,1.015395208,0.458470708,1,9618
speed focus,113,1,1,1,4,1,0.550384958,0.201874459,0,9623
speed focus,113,1,1,7,1,0,0.826867084,0.5396295,1,9623
speed focus,113,2,1,1,4,1,0.675532375,0.106747708,0,9623
speed focus,113,2,1,1,4,1,0.741674958,0.185043708,1,9623
speed focus,113,3,1,1,3,1,0.614515083,0.581109333,0,9623
speed focus,113,3,1,7,2,0,0.593254042,1.112440417,1,9623
speed focus,113,4,1,6,1,0,0.518052125,0.391081084,0,9623
speed focus,113,4,1,4,1,0,0.933037167,0.219128375,1,9623
speed focus,113,5,1,2,1,0,0.913921541,0.223784208,0,9623
speed focus,113,5,1,1,4,1,0.500491333,0.277995125,1,9623
speed focus,113,6,1,1,1,1,0.567284916,0.218771292,0,9623
speed focus,113,6,1,1,4,1,0.54357175,0.139406041,1,9623
speed focus,113,7,1,1,4,1,0.831082,0.206783833,0,9623
speed focus,113,7,1,4,1,0,0.496388375,0.620633625,1,9623
speed focus,113,8,1,1,4,1,0.803150875,0.265710042,0,9623
speed focus,113,8,1,7,4,0,1.266375166,0.33280625,1,9623
speed focus,113,9,1,7,2,0,0.891666,1.256481792,0,9623
speed focus,113,9,1,7,3,0,0.986326333,0.465642959,1,9623
speed focus,113,10,1,1,4,1,0.685205375,0.363842459,0,9623
speed focus,113,10,1,1,4,1,0.95211975,1.383920958,1,9623
speed focus,114,1,6,6,3,1,1.179211625,0.667219958,0,9628
speed focus,114,1,6,5,4,0,0.796488416,0.522184583,1,9628
speed focus,114,2,6,6,4,1,0.754654584,0.136121916,0,9628
speed focus,114,2,6,6,4,1,0.526669083,0.15248075,1,9628
speed focus,114,3,6,5,3,0,0.689807417,0.343891541,0,9628
speed focus,114,3,6,6,3,1,0.775061042,1.311136667,1,9628
speed focus,114,4,6,6,1,1,0.317062625,0.444734083,0,9628
speed focus,114,4,6,6,1,1,0.658282708,0.283689875,1,9628
speed focus,114,5,6,7,4,0,0.936179041,0.157348125,0,9628
speed focus,114,5,6,7,4,0,0.788424333,0.16521375,1,9628
speed focus,114,6,6,3,3,0,1.02222625,0.233333416,0,9628
speed focus,114,6,6,4,4,0,1.109928042,1.099400083,1,9628
speed focus,114,7,6,5,4,0,1.054711333,0.231808083,0,9628
speed focus,114,7,6,5,4,0,0.91975075,0.111151542,1,9628
speed focus,114,8,6,5,4,0,0.842925375,0.485738458,0,9628
speed focus,114,8,6,5,3,0,1.062622958,0.41841225,1,9628
speed focus,114,9,6,3,4,0,1.004333125,1.516164417,0,9628
speed focus,114,9,6,3,4,0,0.6572325,0.218938959,1,9628
speed focus,114,10,6,6,4,1,1.670718583,0.344195791,0,9628
speed focus,114,10,6,7,4,0,1.28027025,0.218561709,1,9628
speed focus,115,1,1,1,4,1,0.590487292,0.252094625,0,6469
speed focus,115,1,1,8,3,0,0.752566208,0.458617875,1,6469
speed focus,115,2,1,1,4,1,0.635012708,0.1526575,0,6469
speed focus,115,2,1,7,4,0,0.586064041,0.152363833,1,6469
speed focus,115,3,1,4,4,0,0.760264792,0.144466708,0,6469
speed focus,115,3,1,7,1,0,0.688624792,1.2265365,1,6469
speed focus,115,4,1,2,3,0,0.927105875,0.234352625,0,6469
speed focus,115,4,1,2,4,0,0.789809833,0.601982917,1,6469
speed focus,115,5,1,1,4,1,0.482713916,0.183490834,0,6469
speed focus,115,5,1,1,4,1,0.593885916,0.15551325,1,6469
speed focus,115,6,1,1,4,1,0.829842375,0.28199375,0,6469
speed focus,115,6,1,1,4,1,0.653003708,0.268341875,1,6469
speed focus,115,7,1,1,4,1,0.522693,0.139818333,0,6469
speed focus,115,7,1,1,4,1,0.618278375,0.881839625,1,6469
speed focus,115,8,1,7,4,0,1.261933083,0.384473333,0,6469
speed focus,115,8,1,7,4,0,0.637266334,0.2248285,1,6469
speed focus,115,9,1,1,3,1,1.319438834,0.518664084,0,6469
speed focus,115,9,1,1,3,1,1.03220325,0.808670417,1,6469
speed focus,115,10,1,1,4,1,0.675053833,0.268470458,0,6469
speed focus,115,10,1,7,3,0,0.868020209,0.219773917,1,6469
speed focus,116,1,6,6,4,1,0.558798584,0.103986125,0,9776
speed focus,116,1,6,6,4,1,1.019851375,0.265997,1,9776
speed focus,116,2,6,6,4,1,0.734069708,0.169172625,0,9776
speed focus,116,2,6,6,4,1,0.536029417,0.106678417,1,9776
speed focus,116,3,6,6,1,1,0.695608625,0.456457708,0,9776
speed focus,116,3,6,3,3,0,1.313545583,0.987545708,1,9776
speed focus,116,4,6,6,2,1,0.93349175,0.187412333,0,9776
speed focus,116,4,6,6,4,1,0.846632292,0.167829208,1,9776
speed focus,116,5,6,7,4,0,0.531193125,0.106965375,0,9776
speed focus,116,5,6,2,4,0,0.39352475,0.367536333,1,9776
speed focus,116,6,6,6,4,1,0.704238375,0.139441667,0,9776
speed focus,116,6,6,6,4,1,0.692209917,0.139579291,1,9776
speed focus,116,7,6,6,4,1,0.938081459,0.160535917,0,9776
speed focus,116,7,6,5,3,0,0.765853833,0.605588791,1,9776
speed focus,116,8,6,6,3,1,1.360435375,0.406844292,0,9776
speed focus,116,8,6,6,3,1,0.686722791,0.238333334,1,9776
speed focus,116,9,6,6,3,1,0.90417125,0.589246291,0,9776
speed focus,116,9,6,6,4,1,1.058645875,0.32458375,1,9776
speed focus,116,10,6,6,4,1,1.879699584,0.504499917,0,9776
speed focus,116,10,6,6,4,1,0.847978959,0.376429416,1,9776
speed focus,117,1,1,1,4,1,0.452906,0.1041805,0,9800
speed focus,117,1,1,1,2,1,0.512351542,1.305913791,1,9800
speed focus,117,2,1,7,4,0,0.7897095,0.122827875,0,9800
speed focus,117,2,1,7,4,0,0.677903916,0.151952958,1,9800
speed focus,117,3,1,7,2,0,0.588754458,0.883544834,0,9800
speed focus,117,3,1,7,4,0,0.65449025,1.080682083,1,9800
speed focus,117,4,1,2,1,0,0.431967541,0.442210834,0,9800
speed focus,117,4,1,7,3,0,0.559567375,0.747410291,1,9800
speed focus,117,5,1,1,4,1,0.674702583,0.12364025,0,9800
speed focus,117,5,1,1,4,1,0.571474709,0.217185708,1,9800
speed focus,117,6,1,1,4,1,0.608121167,0.202161708,0,9800
speed focus,117,6,1,1,4,1,0.576476792,0.473070792,1,9800
speed focus,117,7,1,1,4,1,0.559818042,0.179220041,0,9800
speed focus,117,7,1,1,4,1,0.540009709,0.264506792,1,9800
speed focus,117,8,1,7,1,0,1.554481875,0.68588975,0,9800
speed focus,117,8,1,7,3,0,0.736821417,0.35218475,1,9800
speed focus,117,9,1,1,3,1,0.83189525,1.437209,0,9800
speed focus,117,9,1,1,4,1,0.910019833,0.675180875,1,9800
speed focus,117,10,1,6,2,0,2.735937833,1.049078125,0,9800
speed focus,117,10,1,1,4,1,0.90988475,0.20236,1,9800
speed focus,118,1,7,7,4,1,0.577542125,0.16798875,0,9896
speed focus,118,1,7,7,4,1,1.063093875,0.265996458,1,9896
speed focus,118,2,7,7,4,1,0.674476875,0.135978542,0,9896
speed focus,118,2,7,7,4,1,0.913868958,0.136767083,1,9896
speed focus,118,3,7,7,4,1,0.667879875,1.265246125,0,9896
speed focus,118,3,7,7,2,1,0.608341625,1.577241916,1,9896
speed focus,118,4,7,7,1,1,0.575022334,0.459542792,0,9896
speed focus,118,4,7,7,3,1,0.877012792,0.236577583,1,9896
speed focus,118,5,7,6,4,0,0.747748583,0.323109792,0,9896
speed focus,118,5,7,6,4,0,0.718754792,0.235958459,1,9896
speed focus,118,6,7,7,4,1,0.433862792,0.199229875,0,9896
speed focus,118,6,7,7,4,1,0.693356083,0.107410792,1,9896
speed focus,118,7,7,7,4,1,0.84134625,0.15951525,0,9896
speed focus,118,7,7,7,4,1,0.699099292,0.19778525,1,9896
speed focus,118,8,7,7,4,1,0.634972,0.437678417,0,9896
speed focus,118,8,7,7,3,1,0.576128666,0.264998625,1,9896
speed focus,118,9,7,7,4,1,0.696766959,1.564282625,0,9896
speed focus,118,9,7,7,4,1,0.745558167,0.319339584,1,9896
speed focus,118,10,7,7,4,1,0.543918917,0.393224458,0,9896
speed focus,118,10,7,7,4,1,0.972367667,0.264235333,1,9896
speed focus,119,1,3,3,3,1,0.80017375,0.119442,0,9906
speed focus,119,1,3,3,4,1,0.707013291,0.105838583,1,9906
speed focus,119,2,3,3,4,1,0.813312583,0.119939292,0,9906
speed focus,119,2,3,7,4,0,0.622140083,0.152929292,1,9906
speed focus,119,3,3,2,4,0,0.435966875,0.3433235,0,9906
speed focus,119,3,3,3,3,1,0.599474458,1.440613333,1,9906
speed focus,119,4,3,6,3,0,0.597727916,0.329104833,0,9906
speed focus,119,4,3,3,4,1,0.778852375,0.232439125,1,9906
speed focus,119,5,3,3,4,1,0.694158375,0.177654833,0,9906
speed focus,119,5,3,3,4,1,0.576175625,0.163678708,1,9906
speed focus,119,6,3,7,4,0,0.804003416,0.201853542,0,9906
speed focus,119,6,3,3,4,1,0.669921,0.1038445,1,9906
speed focus,119,7,3,3,4,1,0.873292958,0.163108417,0,9906
speed focus,119,7,3,3,4,1,0.769064709,0.150547333,1,9906
speed focus,119,8,3,3,4,1,0.677859875,0.237192042,0,9906
speed focus,119,8,3,3,4,1,0.788718209,0.317674792,1,9906
speed focus,119,9,3,7,4,0,0.979459875,0.315266375,0,9906
speed focus,119,9,3,7,4,0,1.392552208,0.452559291,1,9906
speed focus,119,10,3,7,4,0,0.737547792,0.21860675,0,9906
speed focus,119,10,3,7,3,0,0.7450245,0.7310165,1,9906
speed focus,120,1,6,6,4,1,0.849204292,0.171351166,0,9922
speed focus,120,1,6,6,4,1,0.925449667,0.104661125,1,9922
speed focus,120,2,6,6,4,1,0.767411834,0.152847125,0,9922
speed focus,120,2,6,7,1,0,0.489771667,0.471332958,1,9922
speed focus,120,3,6,6,3,1,0.609737625,0.568012667,0,9922
speed focus,120,3,6,6,2,1,0.629444958,1.332265542,1,9922
speed focus,120,4,6,6,1,1,0.917949458,0.187317833,0,9922
speed focus,120,4,6,6,1,1,0.82253,0.442702042,1,9922
speed focus,120,5,6,5,4,0,1.253168042,0.137516917,0,9922
speed focus,120,5,6,6,3,1,0.594089042,0.136541916,1,9922
speed focus,120,6,6,6,4,1,0.693721708,0.139469208,0,9922
speed focus,120,6,6,6,4,1,0.845497542,0.118935875,1,9922
speed focus,120,7,6,7,1,0,0.934374125,1.109953375,0,9922
speed focus,120,7,6,6,4,1,0.72654925,0.152486666,1,9922
speed focus,120,8,6,6,4,1,0.758349666,0.251479208,0,9922
speed focus,120,8,6,6,3,1,1.797040459,0.34468625,1,9922
speed focus,120,9,6,6,4,1,1.260293709,1.943379333,0,9922
speed focus,120,9,6,6,4,1,0.854877542,0.492890584,1,9922
speed focus,120,10,6,6,4,1,1.699734708,0.358694708,0,9922
speed focus,120,10,6,6,4,1,0.706771833,0.13931775,1,9922
