sat,image_index,subject,stim,response,confidence,correct,resp_rt,conf_rt,repeat,mnist_index
accuracy focus,1,1,2,2,4,1,0.702198584,0.649896375,0,48
accuracy focus,1,1,2,2,4,1,0.70260825,0.268917375,1,48
accuracy focus,1,2,2,4,1,0,1.450748208,0.488193833,0,48
accuracy focus,1,2,2,3,4,0,0.970708,0.428919791,1,48
accuracy focus,1,3,2,2,4,1,0.701576833,0.197865875,0,48
accuracy focus,1,3,2,3,2,0,0.814672666,0.781909083,1,48
accuracy focus,1,4,2,2,2,1,1.105983542,0.2643385,0,48
accuracy focus,1,4,2,2,1,1,1.497341875,0.554770791,1,48
accuracy focus,1,5,2,4,4,0,1.109141875,0.183526292,0,48
accuracy focus,1,5,2,2,4,1,0.807046833,0.202232875,1,48
accuracy focus,1,6,2,2,4,1,0.707890083,0.218281583,0,48
accuracy focus,1,6,2,4,2,0,0.704809667,0.201505958,1,48
accuracy focus,1,7,2,1,2,0,2.161828583,0.688801458,0,48
accuracy focus,1,7,2,2,4,1,1.420415875,0.624822583,1,48
accuracy focus,1,8,2,2,2,1,1.6298535,1.353329042,0,48
accuracy focus,1,8,2,2,3,1,0.812303042,0.38421775,1,48
accuracy focus,1,9,2,2,3,1,0.791519125,1.190417375,0,48
accuracy focus,1,9,2,3,4,0,1.080536291,2.570745541,1,48
accuracy focus,1,10,2,2,4,1,1.458633,0.535114583,0,48
accuracy focus,1,10,2,2,4,1,0.715925458,0.284232125,1,48
accuracy focus,2,1,2,2,4,1,2.086488542,0.344243875,0,322
accuracy focus,2,1,2,8,1,0,0.818227375,0.235250042,1,322
accuracy focus,2,2,2,7,4,0,0.915537875,0.251670417,0,322
accuracy focus,2,2,2,7,2,0,0.836557416,0.346935458,1,322
accuracy focus,2,3,2,2,3,1,0.687878833,0.236813042,0,322
accuracy focus,2,3,2,2,1,1,0.721256083,1.41810325,1,322
accuracy focus,2,4,2,2,4,1,1.199691833,1.1799525,0,322
accuracy focus,2,4,2,2,3,1,0.886681583,0.23162375,1,322
accuracy focus,2,5,2,2,4,1,0.661514209,0.150705333,0,322
accuracy focus,2,5,2,2,4,1,0.74207075,0.182981625,1,322
accuracy focus,2,6,2,2,1,1,1.280086208,0.359852875,0,322
accuracy focus,2,6,2,7,4,0,0.868501334,0.139575166,1,322
accuracy focus,2,7,2,2,4,1,0.988577583,0.640228375,0,322
accuracy focus,2,7,2,2,4,1,1.947366625,0.478255917,1,322
accuracy focus,2,8,2,7,4,0,2.060899416,0.48060475,0,322
accuracy focus,2,8,2,7,2,0,0.800073333,0.346156833,1,322
accuracy focus,2,9,2,2,1,1,1.563030417,0.996255542,0,322
accuracy focus,2,9,2,2,2,1,1.080824792,1.219900541,1,322
accuracy focus,2,10,2,2,4,1,1.304215916,2.983650542,0,322
accuracy focus,2,10,2,7,4,0,0.850629833,0.186258375,1,322
accuracy focus,3,1,5,5,3,1,1.824847625,1.609772333,0,413
accuracy focus,3,1,5,3,4,0,1.035012584,0.151961125,1,413
accuracy focus,3,2,5,3,4,0,0.738502541,0.202202375,0,413
accuracy focus,3,2,5,3,3,0,1.011912292,0.697947459,1,413
accuracy focus,3,3,5,3,4,0,0.674572042,0.117321208,0,413
accuracy focus,3,3,5,3,2,0,0.615158209,1.066549708,1,413
accuracy focus,3,4,5,8,2,0,0.976556958,0.250968625,0,413
accuracy focus,3,4,5,5,4,1,0.803228833,0.407791542,1,413
accuracy focus,3,5,5,3,4,0,1.041439708,0.615062791,0,413
accuracy focus,3,5,5,2,1,0,1.172136666,0.647539166,1,413
accuracy focus,3,6,5,3,4,0,0.684196833,0.168605708,0,413
accuracy focus,3,6,5,3,4,0,0.690587625,0.427505625,1,413
accuracy focus,3,7,5,3,4,0,1.148832166,0.454193125,0,413
accuracy focus,3,7,5,8,4,0,0.88251875,0.667082,1,413
accuracy focus,3,8,5,5,4,1,1.12861475,0.444870875,0,413
accuracy focus,3,8,5,5,4,1,0.99729375,0.3459565,1,413
accuracy focus,3,9,5,3,4,0,0.729748708,0.81268475,0,413
accuracy focus,3,9,5,3,3,0,0.984472041,0.932897667,1,413
accuracy focus,3,10,5,5,4,1,1.155825583,0.650335583,0,413
accuracy focus,3,10,5,5,3,1,1.544917958,0.551837375,1,413
accuracy focus,4,1,6,6,4,1,1.414516667,0.693933542,0,447
accuracy focus,4,1,6,5,2,0,1.685480167,0.7626455,1,447
accuracy focus,4,2,6,6,4,1,1.136553792,0.218525041,0,447
accuracy focus,4,2,6,6,4,1,0.865295125,0.201954375,1,447
accuracy focus,4,3,6,6,4,1,0.953053875,0.253296459,0,447
accuracy focus,4,3,6,8,2,0,0.826881667,0.66144,1,447
accuracy focus,4,4,6,6,3,1,0.968697334,0.390943291,0,447
accuracy focus,4,4,6,6,4,1,0.74544125,0.424554041,1,447
accuracy focus,4,5,6,6,4,1,0.87426375,0.204095208,0,447
accuracy focus,4,5,6,6,4,1,0.785047208,0.217081958,1,447
accuracy focus,4,6,6,6,4,1,0.737789458,0.298073792,0,447
accuracy focus,4,6,6,6,4,1,0.632278791,0.139376916,1,447
accuracy focus,4,7,6,5,2,0,0.873711833,0.769879042,0,447
accuracy focus,4,7,6,6,4,1,1.60361575,0.391852916,1,447
accuracy focus,4,8,6,6,3,1,1.380833917,0.4109105,0,447
accuracy focus,4,8,6,8,4,0,0.858237458,0.291076458,1,447
accuracy focus,4,9,6,6,4,1,0.991182917,0.955599292,0,447
accuracy focus,4,9,6,8,3,0,1.178479166,1.547897208,1,447
accuracy focus,4,10,6,6,4,1,0.9149625,0.2973705,0,447
accuracy focus,4,10,6,6,4,1,0.679315,0.3142815,1,447
accuracy focus,5,1,8,2,4,0,0.693544167,0.218683291,0,554
accuracy focus,5,1,8,8,2,1,0.845624333,0.442306,1,554
accuracy focus,5,2,8,2,1,0,1.730289625,0.777135292,0,554
accuracy focus,5,2,8,6,2,0,1.002354125,0.281402792,1,554
accuracy focus,5,3,8,8,4,1,0.989329834,0.250784083,0,554
accuracy focus,5,3,8,7,2,0,1.609336208,0.482725292,1,554
accuracy focus,5,4,8,2,4,0,1.171461625,0.234802375,0,554
accuracy focus,5,4,8,2,2,0,1.22363075,1.895786,1,554
accuracy focus,5,5,8,2,4,0,0.829395042,0.197941292,0,554
accuracy focus,5,5,8,8,4,1,0.869364333,0.127609459,1,554
accuracy focus,5,6,8,8,4,1,0.832320875,0.251349708,0,554
accuracy focus,5,6,8,8,4,1,0.841374667,0.122939875,1,554
accuracy focus,5,7,8,8,4,1,3.161822125,0.454060917,0,554
accuracy focus,5,7,8,8,3,1,0.928856459,0.777445042,1,554
accuracy focus,5,8,8,8,2,1,1.08532,0.517457125,0,554
accuracy focus,5,8,8,7,1,0,0.886215,1.142860584,1,554
accuracy focus,5,9,8,8,2,1,1.127561791,0.744837167,0,554
accuracy focus,5,9,8,8,3,1,1.249704583,2.750329417,1,554
accuracy focus,5,10,8,8,4,1,1.026002042,0.4874915,0,554
accuracy focus,5,10,8,8,4,1,1.1820305,0.425596208,1,554
accuracy focus,6,1,7,7,1,1,2.279848416,2.471067958,0,668
accuracy focus,6,1,7,2,1,0,0.996783125,2.5067075,1,668
accuracy focus,6,2,7,7,4,1,1.106413958,0.488653333,0,668
accuracy focus,6,2,7,7,2,1,0.8383285,0.396191875,1,668
accuracy focus,6,3,7,7,1,1,1.512495,0.217452084,0,668
accuracy focus,6,3,7,3,1,0,0.561058042,0.983032708,1,668
accuracy focus,6,4,7,2,1,0,0.552079291,0.343886334,0,668
accuracy focus,6,4,7,5,1,0,1.019131,0.572066375,1,668
accuracy focus,6,5,7,1,1,0,1.360946292,0.596261333,0,668
accuracy focus,6,5,7,4,4,0,0.572299209,0.183947958,1,668
accuracy focus,6,6,7,7,3,1,0.779506042,0.155607,0,668
accuracy focus,6,6,7,1,2,0,0.647807167,0.203801375,1,668
accuracy focus,6,7,7,1,4,0,1.403291167,0.408904625,0,668
accuracy focus,6,7,7,1,4,0,1.028657958,0.704615833,1,668
accuracy focus,6,8,7,4,2,0,1.865235041,0.457531708,0,668
accuracy focus,6,8,7,4,2,0,1.532872542,0.572391125,1,668
accuracy focus,6,9,7,7,2,1,1.039533375,2.419153709,0,668
accuracy focus,6,9,7,7,3,1,1.118629334,1.432061375,1,668
accuracy focus,6,10,7,1,3,0,0.815378791,0.540356625,0,668
accuracy focus,6,10,7,5,3,0,1.752896625,1.387012458,1,668
accuracy focus,7,1,7,3,3,0,1.915126375,1.243059291,0,685
accuracy focus,7,1,7,3,2,0,0.817455,0.24864825,1,685
accuracy focus,7,2,7,3,2,0,1.4221715,0.392786416,0,685
accuracy focus,7,2,7,3,2,0,0.980607,0.330954125,1,685
accuracy focus,7,3,7,4,3,0,0.986865666,0.788815208,0,685
accuracy focus,7,3,7,3,3,0,0.688818333,0.9282205,1,685
accuracy focus,7,4,7,7,1,1,1.607829791,0.200905083,0,685
accuracy focus,7,4,7,2,1,0,0.991165875,0.378381167,1,685
accuracy focus,7,5,7,7,4,1,1.096388459,0.144120375,0,685
accuracy focus,7,5,7,2,1,0,1.040432083,0.624682875,1,685
accuracy focus,7,6,7,7,2,1,0.770809,0.313654,0,685
accuracy focus,7,6,7,2,2,0,1.378599791,0.360723875,1,685
accuracy focus,7,7,7,3,2,0,1.068261375,0.342540042,0,685
accuracy focus,7,7,7,1,3,0,1.106355583,0.4114045,1,685
accuracy focus,7,8,7,7,3,1,0.855436041,0.45803275,0,685
accuracy focus,7,8,7,1,2,0,1.635151291,0.379239,1,685
accuracy focus,7,9,7,3,1,0,2.189987709,1.129016708,0,685
accuracy focus,7,9,7,8,4,0,0.816885833,0.660288292,1,685
accuracy focus,7,10,7,7,4,1,1.465019166,0.458482958,0,685
accuracy focus,7,10,7,3,4,0,1.09721875,0.1855605,1,685
accuracy focus,8,1,4,5,2,0,1.49768225,0.777677292,0,741
accuracy focus,8,1,4,8,2,0,0.975948917,0.539142334,1,741
accuracy focus,8,2,4,5,2,0,0.965514917,0.986096625,0,741
accuracy focus,8,2,4,4,4,1,0.902616583,2.603050708,1,741
accuracy focus,8,3,4,4,4,1,1.64044675,0.171337667,0,741
accuracy focus,8,3,4,4,2,1,0.641075333,0.528403875,1,741
accuracy focus,8,4,4,4,2,1,1.203034542,0.330876083,0,741
accuracy focus,8,4,4,5,2,0,0.83321475,0.331882,1,741
accuracy focus,8,5,4,5,4,0,0.762515375,0.243830333,0,741
accuracy focus,8,5,4,4,4,1,0.839036042,0.162356166,1,741
accuracy focus,8,6,4,8,4,0,0.962696959,0.248637708,0,741
accuracy focus,8,6,4,5,4,0,1.8208865,0.16941075,1,741
accuracy focus,8,7,4,8,2,0,2.033681666,0.372614792,0,741
accuracy focus,8,7,4,8,4,0,1.042173375,0.777689958,1,741
accuracy focus,8,8,4,4,2,1,1.078753917,1.793057625,0,741
accuracy focus,8,8,4,8,4,0,0.721930125,0.411323,1,741
accuracy focus,8,9,4,3,2,0,1.379935708,1.149072,0,741
accuracy focus,8,9,4,4,1,1,1.641426458,0.325089167,1,741
accuracy focus,8,10,4,4,4,1,2.970866125,0.537165334,0,741
accuracy focus,8,10,4,8,4,0,0.873137917,0.42268225,1,741
accuracy focus,9,1,4,4,4,1,1.011115125,0.327447,0,753
accuracy focus,9,1,4,8,2,0,0.869539041,0.345543375,1,753
accuracy focus,9,2,4,4,1,1,0.766382,0.266861583,0,753
accuracy focus,9,2,4,4,4,1,0.860184334,0.218532334,1,753
accuracy focus,9,3,4,4,3,1,0.774124292,0.40973225,0,753
accuracy focus,9,3,4,4,1,1,0.673689875,0.655119041,1,753
accuracy focus,9,4,4,4,2,1,0.909510125,0.407497042,0,753
accuracy focus,9,4,4,4,2,1,0.915612083,0.554649666,1,753
accuracy focus,9,5,4,4,4,1,0.8887385,0.164107417,0,753
accuracy focus,9,5,4,4,4,1,0.606640375,0.176644667,1,753
accuracy focus,9,6,4,4,4,1,0.740269209,0.201606833,0,753
accuracy focus,9,6,4,4,4,1,0.910127875,0.152810792,1,753
accuracy focus,9,7,4,4,4,1,1.919568833,0.406993959,0,753
accuracy focus,9,7,4,4,4,1,1.405464666,0.901675959,1,753
accuracy focus,9,8,4,4,4,1,0.83062625,1.794567791,0,753
accuracy focus,9,8,4,4,4,1,0.71068575,0.458328625,1,753
accuracy focus,9,9,4,4,4,1,0.777745583,0.359164875,0,753
accuracy focus,9,9,4,4,4,1,0.811260959,0.465644542,1,753
accuracy focus,9,10,4,4,4,1,0.739489333,0.281095292,0,753
accuracy focus,9,10,4,4,4,1,1.10970725,0.297931958,1,753
accuracy focus,10,1,2,2,3,1,0.841251958,0.488823166,0,892
accuracy focus,10,1,2,4,1,0,1.783108,0.614639958,1,892
accuracy focus,10,2,2,4,2,0,1.573079125,0.376353916,0,892
accuracy focus,10,2,2,2,4,1,0.766769416,0.201796458,1,892
accuracy focus,10,3,2,2,4,1,0.826391333,0.203848875,0,892
accuracy focus,10,3,2,2,2,1,0.542927292,0.768187708,1,892
accuracy focus,10,4,2,2,3,1,0.737913333,0.314455958,0,892
accuracy focus,10,4,2,2,3,1,0.745669208,0.47511425,1,892
accuracy focus,10,5,2,4,4,0,0.768927875,0.203776959,0,892
accuracy focus,10,5,2,4,4,0,0.564491375,0.168132167,1,892
accuracy focus,10,6,2,2,4,1,0.6510505,0.185264917,0,892
accuracy focus,10,6,2,2,4,1,1.069964292,0.185449917,1,892
accuracy focus,10,7,2,2,4,1,2.422399709,0.942044709,0,892
accuracy focus,10,7,2,2,4,1,0.731395333,0.431794958,1,892
accuracy focus,10,8,2,2,4,1,1.440504625,1.140087416,0,892
accuracy focus,10,8,2,2,4,1,0.756140458,0.502631208,1,892
accuracy focus,10,9,2,2,3,1,1.332634167,1.028324208,0,892
accuracy focus,10,9,2,6,4,0,1.067327958,1.088812125,1,892
accuracy focus,10,10,2,2,4,1,1.117100625,0.953396083,0,892
accuracy focus,10,10,2,6,4,0,0.860457375,0.537044334,1,892
accuracy focus,11,1,1,4,3,0,0.982469208,2.13986025,0,2274
accuracy focus,11,1,1,4,2,0,0.850466917,0.555913416,1,2274
accuracy focus,11,2,1,4,4,0,0.727038792,0.168811916,0,2274
accuracy focus,11,2,1,4,4,0,0.7966115,0.1558585,1,2274
accuracy focus,11,3,1,5,2,0,1.132486209,0.210176292,0,2274
accuracy focus,11,3,1,7,2,0,0.727908125,0.596062625,1,2274
accuracy focus,11,4,1,2,1,0,1.21377675,0.424276125,0,2274
accuracy focus,11,4,1,5,1,0,0.8703275,0.314746959,1,2274
accuracy focus,11,5,1,1,4,1,0.949403834,0.176521041,0,2274
accuracy focus,11,5,1,1,4,1,0.601024042,0.197383542,1,2274
accuracy focus,11,6,1,1,4,1,0.833357375,0.232910041,0,2274
accuracy focus,11,6,1,4,4,0,0.6882765,0.172761792,1,2274
accuracy focus,11,7,1,1,3,1,0.782482542,0.6714185,0,2274
accuracy focus,11,7,1,1,4,1,0.768082458,0.372191167,1,2274
accuracy focus,11,8,1,7,4,0,2.027599083,0.604276709,0,2274
accuracy focus,11,8,1,7,2,0,0.974066416,0.43072525,1,2274
accuracy focus,11,9,1,4,2,0,1.4202665,0.848738542,0,2274
accuracy focus,11,9,1,7,3,0,0.954777875,1.472085917,1,2274
accuracy focus,11,10,1,1,4,1,0.902874667,0.298141833,0,2274
accuracy focus,11,10,1,7,4,0,0.949856875,0.393256917,1,2274
accuracy focus,12,1,4,4,4,1,1.080841292,0.34858275,0,972
accuracy focus,12,1,4,4,4,1,0.719028208,0.186793667,1,972
accuracy focus,12,2,4,4,4,1,0.941223166,0.152356,0,972
accuracy focus,12,2,4,3,2,0,1.180748833,0.586532916,1,972
accuracy focus,12,3,4,8,3,0,0.702827208,0.523117875,0,972
accuracy focus,12,3,4,4,3,1,0.582401708,0.455695125,1,972
accuracy focus,12,4,4,4,3,1,0.907873625,0.251387625,0,972
accuracy focus,12,4,4,2,1,0,1.170136,1.610833917,1,972
accuracy focus,12,5,4,4,4,1,0.641480375,0.356496417,0,972
accuracy focus,12,5,4,7,4,0,1.040435709,0.182541416,1,972
accuracy focus,12,6,4,4,4,1,0.71013525,0.234157625,0,972
accuracy focus,12,6,4,5,4,0,0.720346416,0.122672208,1,972
accuracy focus,12,7,4,4,4,1,1.477560917,0.35450625,0,972
accuracy focus,12,7,4,4,4,1,0.700462292,0.724953875,1,972
accuracy focus,12,8,4,4,4,1,0.954334958,1.351202375,0,972
accuracy focus,12,8,4,4,4,1,0.773055625,0.498423875,1,972
accuracy focus,12,9,4,4,4,1,1.085022416,2.205399166,0,972
accuracy focus,12,9,4,4,2,1,1.328439792,0.840354209,1,972
accuracy focus,12,10,4,4,4,1,0.969433709,0.264594042,0,972
accuracy focus,12,10,4,7,4,0,1.223697542,0.426336917,1,972
accuracy focus,13,1,8,8,2,1,1.012032334,1.050463292,0,984
accuracy focus,13,1,8,8,4,1,0.618691291,0.312329042,1,984
accuracy focus,13,2,8,4,4,0,0.890013417,0.535282583,0,984
accuracy focus,13,2,8,8,2,1,0.8303765,0.505411416,1,984
accuracy focus,13,3,8,8,4,1,0.754173208,0.144140209,0,984
accuracy focus,13,3,8,4,1,0,0.747240833,0.549419,1,984
accuracy focus,13,4,8,8,4,1,1.047930459,0.3117105,0,984
accuracy focus,13,4,8,8,3,1,0.760027292,0.232714625,1,984
accuracy focus,13,5,8,4,4,0,0.774045125,0.211162167,0,984
accuracy focus,13,5,8,4,4,0,0.839907667,0.169045875,1,984
accuracy focus,13,6,8,8,4,1,0.739425667,0.122705208,0,984
accuracy focus,13,6,8,4,4,0,0.780656959,0.156385833,1,984
accuracy focus,13,7,8,8,2,1,0.951293083,0.517079333,0,984
accuracy focus,13,7,8,8,4,1,1.577983916,0.452625167,1,984
accuracy focus,13,8,8,8,3,1,0.83839575,0.957363625,0,984
accuracy focus,13,8,8,8,4,1,0.938988917,0.3654865,1,984
accuracy focus,13,9,8,5,1,0,2.241443417,0.306085667,0,984
accuracy focus,13,9,8,8,4,1,0.934180042,0.41369675,1,984
accuracy focus,13,10,8,4,4,0,0.741288291,0.346902292,0,984
accuracy focus,13,10,8,8,4,1,0.815225166,0.538895084,1,984
accuracy focus,14,1,6,6,4,1,1.37695225,0.471505416,0,990
accuracy focus,14,1,6,6,4,1,1.07398875,0.553649167,1,990
accuracy focus,14,2,6,6,4,1,1.291340084,0.442428167,0,990
accuracy focus,14,2,6,6,4,1,0.822807792,0.202029834,1,990
accuracy focus,14,3,6,6,2,1,0.786727416,0.423124958,0,990
accuracy focus,14,3,6,5,2,0,1.158825541,0.455490916,1,990
accuracy focus,14,4,6,6,2,1,0.943084167,0.234211417,0,990
accuracy focus,14,4,6,6,1,1,1.036588542,0.650020625,1,990
accuracy focus,14,5,6,6,4,1,0.422435208,0.237849583,0,990
accuracy focus,14,5,6,6,4,1,0.654993542,0.169335333,1,990
accuracy focus,14,6,6,6,4,1,0.671233083,0.136780541,0,990
accuracy focus,14,6,6,6,4,1,0.719894083,0.156584167,1,990
accuracy focus,14,7,6,6,4,1,2.076691541,0.512933709,0,990
accuracy focus,14,7,6,6,3,1,1.030733542,0.605366417,1,990
accuracy focus,14,8,6,6,4,1,1.0065075,0.519040791,0,990
accuracy focus,14,8,6,6,3,1,0.66468475,0.389003833,1,990
accuracy focus,14,9,6,6,4,1,0.9265715,1.562682542,0,990
accuracy focus,14,9,6,6,4,1,1.031764459,0.252300792,1,990
accuracy focus,14,10,6,6,4,1,1.987839666,0.410808,0,990
accuracy focus,14,10,6,6,4,1,0.864142125,0.251306833,1,990
accuracy focus,15,1,7,5,4,0,1.036657292,0.536059917,0,1040
accuracy focus,15,1,7,3,4,0,0.852232459,0.331834042,1,1040
accuracy focus,15,2,7,2,1,0,1.174192667,0.28065025,0,1040
accuracy focus,15,2,7,7,4,1,1.139365,0.234536667,1,1040
accuracy focus,15,3,7,6,2,0,0.802047167,0.323386833,0,1040
accuracy focus,15,3,7,3,2,0,0.859763166,0.813238125,1,1040
accuracy focus,15,4,7,1,1,0,1.047579583,0.377835916,0,1040
accuracy focus,15,4,7,1,1,0,1.184751,0.424422,1,1040
accuracy focus,15,5,7,1,4,0,0.701517083,0.196672083,0,1040
accuracy focus,15,5,7,1,4,0,0.590656209,0.169138,1,1040
accuracy focus,15,6,7,4,4,0,1.018575959,0.156197,0,1040
accuracy focus,15,6,7,1,1,0,1.296305625,0.152650417,1,1040
accuracy focus,15,7,7,3,3,0,0.933958334,0.419859333,0,1040
accuracy focus,15,7,7,8,1,0,7.507674709,0.893049166,1,1040
accuracy focus,15,8,7,3,2,0,2.653684709,1.831837875,0,1040
accuracy focus,15,8,7,4,4,0,0.96601225,0.318933,1,1040
accuracy focus,15,9,7,3,2,0,1.156832584,0.747213042,0,1040
accuracy focus,15,9,7,5,3,0,1.498746583,1.8587355,1,1040
accuracy focus,15,10,7,1,4,0,1.143359833,0.249611667,0,1040
accuracy focus,15,10,7,3,4,0,1.067553042,0.29748825,1,1040
accuracy focus,16,1,8,8,4,1,1.013337917,0.391577042,0,1249
accuracy focus,16,1,8,8,4,1,0.815645042,0.184882042,1,1249
accuracy focus,16,2,8,6,2,0,0.858136042,0.601432916,0,1249
accuracy focus,16,2,8,8,4,1,0.790035584,0.168875833,1,1249
accuracy focus,16,3,8,1,4,0,1.386765083,0.283996542,0,1249
accuracy focus,16,3,8,7,1,0,0.846245917,1.832212459,1,1249
accuracy focus,16,4,8,8,3,1,0.871849042,0.314127625,0,1249
accuracy focus,16,4,8,3,3,0,1.441521916,1.002514625,1,1249
accuracy focus,16,5,8,7,1,0,0.722900209,0.770975625,0,1249
accuracy focus,16,5,8,7,4,0,0.674593709,0.327198167,1,1249
accuracy focus,16,6,8,6,4,0,1.283661458,0.090331458,0,1249
accuracy focus,16,6,8,8,4,1,0.745300292,0.106116375,1,1249
accuracy focus,16,7,8,8,4,1,1.464754166,1.034358334,0,1249
accuracy focus,16,7,8,8,4,1,2.666547125,1.246108584,1,1249
accuracy focus,16,8,8,8,4,1,0.73090425,0.678418125,0,1249
accuracy focus,16,8,8,8,4,1,0.717154417,0.331303292,1,1249
accuracy focus,16,9,8,8,4,1,0.784639208,1.06886225,0,1249
accuracy focus,16,9,8,8,3,1,1.1443975,1.030073125,1,1249
accuracy focus,16,10,8,8,4,1,0.869526,0.251299792,0,1249
accuracy focus,16,10,8,8,4,1,1.058967375,0.218249791,1,1249
accuracy focus,17,1,6,6,4,1,1.603796375,0.567649584,0,1251
accuracy focus,17,1,6,3,4,0,0.915442584,0.249990083,1,1251
accuracy focus,17,2,6,7,4,0,0.979690083,0.25162025,0,1251
accuracy focus,17,2,6,6,3,1,1.073049,0.777752458,1,1251
accuracy focus,17,3,6,6,4,1,0.873185375,0.223477041,0,1251
accuracy focus,17,3,6,2,2,0,0.872269833,0.577551917,1,1251
accuracy focus,17,4,6,2,3,0,1.068011125,1.224205959,0,1251
accuracy focus,17,4,6,8,2,0,0.754206917,0.520890958,1,1251
accuracy focus,17,5,6,6,4,1,0.575947542,0.097431583,0,1251
accuracy focus,17,5,6,6,4,1,0.547890041,0.163258125,1,1251
accuracy focus,17,6,6,1,4,0,0.701346375,0.215385333,0,1251
accuracy focus,17,6,6,3,2,0,1.245423291,0.202039084,1,1251
accuracy focus,17,7,6,6,2,1,1.883992959,0.602462333,0,1251
accuracy focus,17,7,6,8,3,0,2.542161792,0.504198875,1,1251
accuracy focus,17,8,6,8,4,0,1.029468833,0.404550958,0,1251
accuracy focus,17,8,6,7,4,0,0.776847875,0.518692542,1,1251
accuracy focus,17,9,6,1,2,0,1.737992,0.586671958,0,1251
accuracy focus,17,9,6,6,2,1,1.424259917,0.421714375,1,1251
accuracy focus,17,10,6,4,3,0,1.3417035,3.274323959,0,1251
accuracy focus,17,10,6,4,3,0,1.286013459,0.952766416,1,1251
accuracy focus,18,1,2,6,4,0,1.577456625,0.409059208,0,1411
accuracy focus,18,1,2,6,4,0,1.29420825,0.390403417,1,1411
accuracy focus,18,2,2,6,2,0,1.094082542,0.313795333,0,1411
accuracy focus,18,2,2,8,2,0,0.856965792,0.471581208,1,1411
accuracy focus,18,3,2,3,1,0,0.820924875,0.211015917,0,1411
accuracy focus,18,3,2,2,3,1,0.746839417,0.576612375,1,1411
accuracy focus,18,4,2,6,1,0,0.889045125,0.360903666,0,1411
accuracy focus,18,4,2,2,1,1,0.761309375,0.377853792,1,1411
accuracy focus,18,5,2,8,1,0,1.273672625,0.243448875,0,1411
accuracy focus,18,5,2,1,1,0,1.328393167,0.259084875,1,1411
accuracy focus,18,6,2,2,4,1,0.78636525,0.169533792,0,1411
accuracy focus,18,6,2,2,4,1,0.946149833,0.185915125,1,1411
accuracy focus,18,7,2,2,4,1,0.961945208,0.581836541,0,1411
accuracy focus,18,7,2,2,4,1,1.708030333,0.479093666,1,1411
accuracy focus,18,8,2,8,2,0,1.842815083,0.451263375,0,1411
accuracy focus,18,8,2,2,3,1,0.977475958,0.49799,1,1411
accuracy focus,18,9,2,2,1,1,1.816209792,0.339098459,0,1411
accuracy focus,18,9,2,3,1,0,1.667436791,1.999645875,1,1411
accuracy focus,18,10,2,7,2,0,2.293830875,1.014869667,0,1411
accuracy focus,18,10,2,8,3,0,1.161847375,0.330785209,1,1411
accuracy focus,19,1,6,6,1,1,3.482370625,2.05645725,0,1445
accuracy focus,19,1,6,7,1,0,0.989426541,1.145618291,1,1445
accuracy focus,19,2,6,6,2,1,0.932902917,0.585238709,0,1445
accuracy focus,19,2,6,6,4,1,0.970499,0.20176575,1,1445
accuracy focus,19,3,6,7,4,0,0.701433042,0.335806291,0,1445
accuracy focus,19,3,6,6,2,1,0.6940895,0.602637292,1,1445
accuracy focus,19,4,6,3,1,0,0.893835875,0.441012209,0,1445
accuracy focus,19,4,6,6,4,1,1.228834709,0.457955458,1,1445
accuracy focus,19,5,6,6,4,1,0.902239833,0.8679895,0,1445
accuracy focus,19,5,6,3,4,0,0.939445208,0.210250625,1,1445
accuracy focus,19,6,6,8,1,0,1.106167375,0.119539208,0,1445
accuracy focus,19,6,6,4,4,0,0.709159416,0.139513792,1,1445
accuracy focus,19,7,6,6,4,1,2.262229584,0.353009084,0,1445
accuracy focus,19,7,6,6,4,1,1.002689334,1.140845458,1,1445
accuracy focus,19,8,6,6,2,1,1.309883542,0.438393791,0,1445
accuracy focus,19,8,6,8,3,0,0.809208708,0.264624291,1,1445
accuracy focus,19,9,6,6,2,1,3.267767625,0.950035666,0,1445
accuracy focus,19,9,6,5,1,0,1.330591292,1.52789975,1,1445
accuracy focus,19,10,6,4,4,0,1.298955708,0.553022,0,1445
accuracy focus,19,10,6,6,3,1,1.87830575,2.136187292,1,1445
accuracy focus,20,1,4,4,4,1,1.46646875,0.15467675,0,1626
accuracy focus,20,1,4,8,1,0,0.765033959,0.2491565,1,1626
accuracy focus,20,2,4,4,4,1,1.060856916,0.284001541,0,1626
accuracy focus,20,2,4,4,4,1,0.911036708,0.155616292,1,1626
accuracy focus,20,3,4,6,1,0,0.940072875,0.21011,0,1626
accuracy focus,20,3,4,4,2,1,0.90765125,0.601889167,1,1626
accuracy focus,20,4,4,2,1,0,0.796042417,0.346817333,0,1626
accuracy focus,20,4,4,2,1,0,1.066406125,0.358391,1,1626
accuracy focus,20,5,4,6,4,0,0.977341459,0.244482125,0,1626
accuracy focus,20,5,4,4,4,1,0.608317333,0.190936084,1,1626
accuracy focus,20,6,4,4,4,1,0.951037291,0.18346925,0,1626
accuracy focus,20,6,4,6,1,0,1.181717917,0.152244084,1,1626
accuracy focus,20,7,4,3,2,0,1.744074834,0.393831167,0,1626
accuracy focus,20,7,4,4,3,1,1.017958958,0.614451833,1,1626
accuracy focus,20,8,4,4,4,1,1.237354625,0.465516459,0,1626
accuracy focus,20,8,4,4,3,1,0.742947875,0.378550292,1,1626
accuracy focus,20,9,4,4,2,1,1.358655875,1.718504542,0,1626
accuracy focus,20,9,4,4,2,1,0.996956875,1.0002535,1,1626
accuracy focus,20,10,4,4,3,1,1.3192025,0.683201167,0,1626
accuracy focus,20,10,4,4,3,1,1.976014,0.998566833,1,1626
accuracy focus,21,1,8,8,3,1,1.159406125,0.745871291,0,1695
accuracy focus,21,1,8,3,1,0,0.997018625,0.553084333,1,1695
accuracy focus,21,2,8,8,2,1,1.226989,0.264396125,0,1695
accuracy focus,21,2,8,8,3,1,0.958415416,0.44229775,1,1695
accuracy focus,21,3,8,2,2,0,1.245817458,0.303579416,0,1695
accuracy focus,21,3,8,3,2,0,0.730446875,0.403410334,1,1695
accuracy focus,21,4,8,1,2,0,0.923125709,0.407315542,0,1695
accuracy focus,21,4,8,5,1,0,0.868511333,0.284436791,1,1695
accuracy focus,21,5,8,2,3,0,0.786737083,0.142040209,0,1695
accuracy focus,21,5,8,4,4,0,0.862190416,0.453910083,1,1695
accuracy focus,21,6,8,8,2,1,0.930120792,0.265132667,0,1695
accuracy focus,21,6,8,8,4,1,0.886009541,0.138981292,1,1695
accuracy focus,21,7,8,8,3,1,0.990858167,0.39429275,0,1695
accuracy focus,21,7,8,8,2,1,0.867619708,0.859370334,1,1695
accuracy focus,21,8,8,8,4,1,0.770931666,0.338248417,0,1695
accuracy focus,21,8,8,7,2,0,2.699544666,0.667303334,1,1695
accuracy focus,21,9,8,3,1,0,1.370438292,1.774427584,0,1695
accuracy focus,21,9,8,3,2,0,0.832472,0.834150459,1,1695
accuracy focus,21,10,8,8,4,1,0.936697167,0.377228,0,1695
accuracy focus,21,10,8,8,3,1,0.911669083,1.004491208,1,1695
accuracy focus,22,1,3,3,2,1,0.950458167,0.471704,0,1728
accuracy focus,22,1,3,3,4,1,0.69091725,0.458629,1,1728
accuracy focus,22,2,3,3,4,1,0.883001875,0.217689792,0,1728
accuracy focus,22,2,3,3,3,1,0.787573875,0.458871584,1,1728
accuracy focus,22,3,3,3,4,1,0.928778125,0.171228833,0,1728
accuracy focus,22,3,3,3,4,1,0.674081584,0.37772425,1,1728
accuracy focus,22,4,3,2,1,0,0.721999583,0.280690208,0,1728
accuracy focus,22,4,3,3,2,1,0.795806791,0.2346695,1,1728
accuracy focus,22,5,3,3,4,1,0.833339334,0.256473417,0,1728
accuracy focus,22,5,3,3,4,1,0.688995792,0.2726035,1,1728
accuracy focus,22,6,3,7,2,0,1.159219292,0.168792209,0,1728
accuracy focus,22,6,3,3,4,1,0.6685345,0.169226208,1,1728
accuracy focus,22,7,3,3,4,1,0.812565959,0.4082115,0,1728
accuracy focus,22,7,3,3,4,1,0.812532709,0.728201959,1,1728
accuracy focus,22,8,3,7,2,0,1.530433542,0.46472325,0,1728
accuracy focus,22,8,3,3,4,1,0.835182834,0.512029584,1,1728
accuracy focus,22,9,3,3,3,1,0.921581083,2.061429958,0,1728
accuracy focus,22,9,3,3,3,1,0.932095167,0.948124791,1,1728
accuracy focus,22,10,3,8,4,0,1.107708791,0.775733208,0,1728
accuracy focus,22,10,3,3,4,1,0.989874625,0.31443025,1,1728
accuracy focus,23,1,1,1,4,1,0.526847334,0.297979875,0,1730
accuracy focus,23,1,1,1,4,1,0.770390167,0.2319135,1,1730
accuracy focus,23,2,1,1,4,1,0.645052542,0.234703584,0,1730
accuracy focus,23,2,1,1,4,1,0.666210125,0.20081275,1,1730
accuracy focus,23,3,1,7,1,0,1.106807875,0.310373875,0,1730
accuracy focus,23,3,1,1,1,1,0.688105333,0.483053209,1,1730
accuracy focus,23,4,1,1,1,1,0.651857167,0.458482667,0,1730
accuracy focus,23,4,1,6,2,0,0.926284167,0.505021375,1,1730
accuracy focus,23,5,1,1,4,1,0.71535375,0.34313025,0,1730
accuracy focus,23,5,1,1,4,1,0.559108625,0.243830375,1,1730
accuracy focus,23,6,1,1,4,1,0.630796,0.248404291,0,1730
accuracy focus,23,6,1,1,4,1,0.632672083,0.218919208,1,1730
accuracy focus,23,7,1,1,4,1,0.956793791,0.601212292,0,1730
accuracy focus,23,7,1,1,4,1,0.804409084,0.771224833,1,1730
accuracy focus,23,8,1,1,2,1,0.839162166,0.467208292,0,1730
accuracy focus,23,8,1,1,4,1,1.069065167,0.378038542,1,1730
accuracy focus,23,9,1,1,4,1,0.875240666,1.002867334,0,1730
accuracy focus,23,9,1,7,3,0,2.077271417,4.296278584,1,1730
accuracy focus,23,10,1,1,4,1,0.63169375,0.283974459,0,1730
accuracy focus,23,10,1,1,4,1,0.606167833,0.201900583,1,1730
accuracy focus,24,1,6,6,3,1,0.695043291,0.678863666,0,1820
accuracy focus,24,1,6,8,3,0,0.897111083,0.858202958,1,1820
accuracy focus,24,2,6,5,4,0,1.096314833,0.408581167,0,1820
accuracy focus,24,2,6,6,4,1,1.033878125,0.215061167,1,1820
accuracy focus,24,3,6,2,2,0,0.892343167,0.648004417,0,1820
accuracy focus,24,3,6,3,4,0,0.682008708,1.1994635,1,1820
accuracy focus,24,4,6,8,1,0,1.313754125,0.201051708,0,1820
accuracy focus,24,4,6,5,3,0,0.894424125,0.281874292,1,1820
accuracy focus,24,5,6,7,4,0,1.023301,0.296349959,0,1820
accuracy focus,24,5,6,6,4,1,0.985292375,0.265835333,1,1820
accuracy focus,24,6,6,8,3,0,0.914902167,0.263367417,0,1820
accuracy focus,24,6,6,6,2,1,0.918648666,0.248633125,1,1820
accuracy focus,24,7,6,6,4,1,2.328373708,0.409452667,0,1820
accuracy focus,24,7,6,6,4,1,1.852023667,0.391595,1,1820
accuracy focus,24,8,6,6,3,1,1.169862875,1.480815375,0,1820
accuracy focus,24,8,6,6,3,1,1.181278375,0.553647083,1,1820
accuracy focus,24,9,6,6,2,1,1.36297075,0.780535833,0,1820
accuracy focus,24,9,6,6,2,1,0.978498875,1.016682917,1,1820
accuracy focus,24,10,6,6,4,1,1.122979459,0.409913208,0,1820
accuracy focus,24,10,6,6,4,1,1.1965885,0.395834416,1,1820
accuracy focus,25,1,8,8,2,1,1.387273125,0.600749541,0,1851
accuracy focus,25,1,8,8,3,1,0.727037667,0.653088625,1,1851
accuracy focus,25,2,8,7,3,0,1.237994458,0.600694375,0,1851
accuracy focus,25,2,8,8,4,1,1.056513834,0.34775475,1,1851
accuracy focus,25,3,8,7,2,0,1.139450208,0.331154458,0,1851
accuracy focus,25,3,8,7,2,0,0.687919333,0.576064,1,1851
accuracy focus,25,4,8,7,3,0,1.441145333,0.314505166,0,1851
accuracy focus,25,4,8,2,3,0,1.301418542,2.556532209,1,1851
accuracy focus,25,5,8,7,4,0,0.750624583,0.137302458,0,1851
accuracy focus,25,5,8,8,4,1,0.839306625,0.224943208,1,1851
accuracy focus,25,6,8,7,4,0,0.683905042,0.201512042,0,1851
accuracy focus,25,6,8,4,4,0,0.661255208,0.186205875,1,1851
accuracy focus,25,7,8,8,2,1,3.08768025,0.692770041,0,1851
accuracy focus,25,7,8,7,2,0,1.346085625,0.938754292,1,1851
accuracy focus,25,8,8,7,2,0,1.05427725,0.356036958,0,1851
accuracy focus,25,8,8,7,3,0,0.740972292,0.421953125,1,1851
accuracy focus,25,9,8,7,3,0,1.112266167,0.785637541,0,1851
accuracy focus,25,9,8,7,4,0,0.823136458,1.022093125,1,1851
accuracy focus,25,10,8,7,4,0,1.543311334,0.631226208,0,1851
accuracy focus,25,10,8,7,4,0,0.766661125,0.586177959,1,1851
accuracy focus,26,1,4,4,2,1,1.8325245,1.365506792,0,1866
accuracy focus,26,1,4,6,2,0,1.457223833,0.712732291,1,1866
accuracy focus,26,2,4,7,1,0,2.312547417,0.83733225,0,1866
accuracy focus,26,2,4,2,1,0,1.1572995,0.5707205,1,1866
accuracy focus,26,3,4,3,1,0,0.83498725,0.336581625,0,1866
accuracy focus,26,3,4,4,2,1,0.620908209,0.714975792,1,1866
accuracy focus,26,4,4,4,1,1,0.5994395,0.235504625,0,1866
accuracy focus,26,4,4,6,1,0,0.935821375,0.441993958,1,1866
accuracy focus,26,5,4,4,4,1,0.695131542,0.210402708,0,1866
accuracy focus,26,5,4,4,4,1,0.657280334,0.183528708,1,1866
accuracy focus,26,6,4,4,4,1,0.704071333,0.201895583,0,1866
accuracy focus,26,6,4,7,4,0,0.739480791,0.168926375,1,1866
accuracy focus,26,7,4,4,4,1,2.169435917,0.612393458,0,1866
accuracy focus,26,7,4,4,4,1,0.995249,0.514876792,1,1866
accuracy focus,26,8,4,4,2,1,1.098719875,0.297708625,0,1866
accuracy focus,26,8,4,4,4,1,0.79794,0.37514975,1,1866
accuracy focus,26,9,4,4,1,1,3.675489209,0.768663334,0,1866
accuracy focus,26,9,4,4,3,1,1.062144833,0.705438666,1,1866
accuracy focus,26,10,4,4,4,1,1.157308666,0.48915875,0,1866
accuracy focus,26,10,4,4,4,1,0.7045535,0.268280375,1,1866
accuracy focus,27,1,1,1,1,1,1.197808375,1.1782755,0,4854
accuracy focus,27,1,1,6,1,0,0.82775725,0.216051209,1,4854
accuracy focus,27,2,1,1,1,1,1.092133,0.297711791,0,4854
accuracy focus,27,2,1,7,2,0,1.59672075,0.376839917,1,4854
accuracy focus,27,3,1,2,4,0,1.291602708,0.464035834,0,4854
accuracy focus,27,3,1,7,2,0,0.696295375,0.555343042,1,4854
accuracy focus,27,4,1,1,2,1,0.961859916,0.615591042,0,4854
accuracy focus,27,4,1,2,2,0,0.422853542,1.13073475,1,4854
accuracy focus,27,5,1,1,4,1,0.60368925,0.197023792,0,4854
accuracy focus,27,5,1,8,4,0,1.030095667,0.315862417,1,4854
accuracy focus,27,6,1,8,1,0,1.46963425,0.136385417,0,4854
accuracy focus,27,6,1,1,1,1,0.767330375,0.172863166,1,4854
accuracy focus,27,7,1,1,4,1,0.846065167,0.890104583,0,4854
accuracy focus,27,7,1,1,4,1,0.8329515,0.825412958,1,4854
accuracy focus,27,8,1,1,1,1,1.243018459,0.764301,0,4854
accuracy focus,27,8,1,1,2,1,1.207920375,0.525207667,1,4854
accuracy focus,27,9,1,7,1,0,1.680603958,0.6098565,0,4854
accuracy focus,27,9,1,7,3,0,1.081199084,0.734331583,1,4854
accuracy focus,27,10,1,1,4,1,0.724285167,0.538909625,0,4854
accuracy focus,27,10,1,1,4,1,0.622230834,0.235552375,1,4854
accuracy focus,28,1,2,7,2,0,0.826125792,0.826075375,0,1872
accuracy focus,28,1,2,8,2,0,0.750939792,0.488956875,1,1872
accuracy focus,28,2,2,7,4,0,0.900973875,0.426277417,0,1872
accuracy focus,28,2,2,2,4,1,0.862239875,0.21914,1,1872
accuracy focus,28,3,2,2,1,1,0.836596209,0.462056417,0,1872
accuracy focus,28,3,2,7,2,0,0.779736459,0.416052875,1,1872
accuracy focus,28,4,2,2,3,1,0.865512084,0.521171875,0,1872
accuracy focus,28,4,2,3,1,0,1.125306458,0.425138209,1,1872
accuracy focus,28,5,2,2,4,1,0.792695334,0.230729542,0,1872
accuracy focus,28,5,2,7,4,0,0.546401875,0.189799667,1,1872
accuracy focus,28,6,2,2,4,1,1.2258785,0.23183525,0,1872
accuracy focus,28,6,2,2,2,1,0.720651333,0.201987875,1,1872
accuracy focus,28,7,2,7,4,0,1.109340375,0.526293625,0,1872
accuracy focus,28,7,2,7,4,0,1.336214958,0.851800625,1,1872
accuracy focus,28,8,2,7,4,0,1.456864542,1.508581542,0,1872
accuracy focus,28,8,2,7,2,0,0.949783667,0.488782916,1,1872
accuracy focus,28,9,2,7,2,0,0.756489041,1.099534958,0,1872
accuracy focus,28,9,2,2,3,1,0.778084875,1.026798166,1,1872
accuracy focus,28,10,2,7,4,0,1.32205225,0.695046208,0,1872
accuracy focus,28,10,2,7,4,0,0.664651458,0.23357725,1,1872
accuracy focus,29,1,5,5,2,1,1.252428625,0.491888208,0,1880
accuracy focus,29,1,5,5,4,1,0.841345334,0.235439667,1,1880
accuracy focus,29,2,5,6,1,0,1.0295135,1.209711583,0,1880
accuracy focus,29,2,5,3,4,0,0.81602275,0.155699584,1,1880
accuracy focus,29,3,5,8,4,0,1.019345042,0.197967542,0,1880
accuracy focus,29,3,5,3,2,0,0.560578334,0.562264833,1,1880
accuracy focus,29,4,5,6,2,0,0.984309166,0.411073083,0,1880
accuracy focus,29,4,5,8,3,0,0.762282208,0.185111625,1,1880
accuracy focus,29,5,5,4,1,0,0.735760167,0.789141292,0,1880
accuracy focus,29,5,5,4,1,0,0.5513155,0.595196041,1,1880
accuracy focus,29,6,5,3,4,0,0.945823959,0.219580208,0,1880
accuracy focus,29,6,5,3,4,0,0.774218833,0.119511875,1,1880
accuracy focus,29,7,5,5,4,1,1.296211792,0.919502125,0,1880
accuracy focus,29,7,5,5,4,1,1.190542042,0.983905084,1,1880
accuracy focus,29,8,5,5,3,1,1.042224042,2.3431015,0,1880
accuracy focus,29,8,5,5,4,1,0.896658417,0.446543667,1,1880
accuracy focus,29,9,5,6,2,0,1.366895166,0.720470291,0,1880
accuracy focus,29,9,5,3,4,0,1.193371416,0.520211459,1,1880
accuracy focus,29,10,5,8,3,0,4.059020875,1.591857916,0,1880
accuracy focus,29,10,5,5,4,1,1.087839166,0.202087166,1,1880
accuracy focus,30,1,3,5,3,0,1.192279292,0.631971541,0,1927
accuracy focus,30,1,3,5,4,0,0.705465,0.25264475,1,1927
accuracy focus,30,2,3,4,1,0,1.640424375,0.235026166,0,1927
accuracy focus,30,2,3,4,1,0,1.131339791,0.393001042,1,1927
accuracy focus,30,3,3,3,2,1,0.833706042,0.708688042,0,1927
accuracy focus,30,3,3,3,2,1,0.820359167,0.356586875,1,1927
accuracy focus,30,4,3,5,3,0,1.365977875,0.284349125,0,1927
accuracy focus,30,4,3,7,3,0,0.958563042,0.264683292,1,1927
accuracy focus,30,5,3,4,4,0,0.569220584,0.270234833,0,1927
accuracy focus,30,5,3,6,4,0,1.053232334,0.128266458,1,1927
accuracy focus,30,6,3,3,4,1,0.84396825,0.792807334,0,1927
accuracy focus,30,6,3,3,3,1,0.86960275,0.152959625,1,1927
accuracy focus,30,7,3,5,3,0,1.738067792,0.446183458,0,1927
accuracy focus,30,7,3,5,3,0,2.08952475,0.587116291,1,1927
accuracy focus,30,8,3,5,2,0,1.6395705,0.543898042,0,1927
accuracy focus,30,8,3,7,1,0,0.720118333,1.215428917,1,1927
accuracy focus,30,9,3,5,2,0,1.039762667,1.207457667,0,1927
accuracy focus,30,9,3,5,4,0,0.7579125,0.381727042,1,1927
accuracy focus,30,10,3,5,4,0,1.0480885,0.587977375,0,1927
accuracy focus,30,10,3,7,1,0,2.09711675,2.214020708,1,1927
accuracy focus,31,1,7,7,1,1,3.02800725,0.66606625,0,1934
accuracy focus,31,1,7,7,1,1,1.088538833,0.412400959,1,1934
accuracy focus,31,2,7,7,4,1,0.744835959,0.265960542,0,1934
accuracy focus,31,2,7,7,4,1,0.766933583,0.218217709,1,1934
accuracy focus,31,3,7,7,1,1,0.920405666,0.483192,0,1934
accuracy focus,31,3,7,7,4,1,0.808710792,0.788198959,1,1934
accuracy focus,31,4,7,7,2,1,1.146651625,0.394216,0,1934
accuracy focus,31,4,7,2,1,0,1.090789167,0.457355708,1,1934
accuracy focus,31,5,7,7,4,1,0.8236715,0.216415917,0,1934
accuracy focus,31,5,7,7,4,1,0.495381,0.168968333,1,1934
accuracy focus,31,6,7,7,4,1,0.759483583,0.20220625,0,1934
accuracy focus,31,6,7,7,4,1,0.701789,0.13571525,1,1934
accuracy focus,31,7,7,7,3,1,1.075876292,0.507681167,0,1934
accuracy focus,31,7,7,6,2,0,0.897446,1.138746,1,1934
accuracy focus,31,8,7,7,4,1,0.618645959,1.058423958,0,1934
accuracy focus,31,8,7,7,4,1,0.975228166,0.392586833,1,1934
accuracy focus,31,9,7,7,4,1,0.897650375,0.366650208,0,1934
accuracy focus,31,9,7,7,4,1,0.960869292,0.616511208,1,1934
accuracy focus,31,10,7,7,4,1,0.683927791,0.218512,0,1934
accuracy focus,31,10,7,7,4,1,1.301393042,0.268390875,1,1934
accuracy focus,32,1,5,6,4,0,1.312860167,0.345144208,0,2041
accuracy focus,32,1,5,5,4,1,1.053286667,0.31642725,1,2041
accuracy focus,32,2,5,4,2,0,0.919757958,0.360810542,0,2041
accuracy focus,32,2,5,4,3,0,0.780059459,0.427090375,1,2041
accuracy focus,32,3,5,2,4,0,0.682682709,0.210829542,0,2041
accuracy focus,32,3,5,3,1,0,0.847583167,1.014606125,1,2041
accuracy focus,32,4,5,6,4,0,0.437697459,0.406957958,0,2041
accuracy focus,32,4,5,7,3,0,0.794449916,0.394358458,1,2041
accuracy focus,32,5,5,6,4,0,1.387082541,0.2231915,0,2041
accuracy focus,32,5,5,8,4,0,1.244911125,0.188522584,1,2041
accuracy focus,32,6,5,4,4,0,0.664137708,0.152669,0,2041
accuracy focus,32,6,5,4,2,0,1.338564166,0.169841208,1,2041
accuracy focus,32,7,5,8,4,0,0.954013208,0.514319959,0,2041
accuracy focus,32,7,5,6,4,0,4.10544625,0.659408708,1,2041
accuracy focus,32,8,5,4,2,0,1.680642792,0.815708292,0,2041
accuracy focus,32,8,5,5,3,1,0.912970042,0.277789958,1,2041
accuracy focus,32,9,5,2,3,0,1.874386916,2.404336041,0,2041
accuracy focus,32,9,5,6,1,0,3.105165958,0.568227417,1,2041
accuracy focus,32,10,5,5,4,1,1.993277292,0.789570583,0,2041
accuracy focus,32,10,5,5,3,1,1.780743917,0.428125959,1,2041
accuracy focus,33,1,2,5,1,0,4.951494541,0.906276083,0,2099
accuracy focus,33,1,2,2,3,1,0.833959834,0.570555667,1,2099
accuracy focus,33,2,2,6,2,0,1.342758875,0.34378875,0,2099
accuracy focus,33,2,2,8,2,0,1.459925125,0.36316,1,2099
accuracy focus,33,3,2,3,2,0,1.141430125,0.33037825,0,2099
accuracy focus,33,3,2,3,2,0,0.785369833,0.556289542,1,2099
accuracy focus,33,4,2,2,1,1,0.65383625,0.316408042,0,2099
accuracy focus,33,4,2,3,1,0,0.705276875,0.952031917,1,2099
accuracy focus,33,5,2,8,4,0,1.43482475,0.124278417,0,2099
accuracy focus,33,5,2,2,4,1,0.616195292,0.17641725,1,2099
accuracy focus,33,6,2,6,4,0,0.807304,0.153083167,0,2099
accuracy focus,33,6,2,2,4,1,0.701467083,0.139231375,1,2099
accuracy focus,33,7,2,6,1,0,2.579549041,0.544327625,0,2099
accuracy focus,33,7,2,6,1,0,1.6056145,2.018909042,1,2099
accuracy focus,33,8,2,4,2,0,1.115060791,0.456922041,0,2099
accuracy focus,33,8,2,5,1,0,1.607793542,0.617885416,1,2099
accuracy focus,33,9,2,2,4,1,0.889137542,0.458197917,0,2099
accuracy focus,33,9,2,3,4,0,0.894645417,0.319009208,1,2099
accuracy focus,33,10,2,8,2,0,1.9204395,0.714495583,0,2099
accuracy focus,33,10,2,2,4,1,0.711652958,0.363438542,1,2099
accuracy focus,34,1,7,7,4,1,1.403186958,9.628672666,0,2144
accuracy focus,34,1,7,7,4,1,1.076816375,0.665754542,1,2144
accuracy focus,34,2,7,7,4,1,0.724856,0.281322375,0,2144
accuracy focus,34,2,7,7,4,1,0.671693542,0.152464,1,2144
accuracy focus,34,3,7,7,4,1,0.75742325,0.0976235,0,2144
accuracy focus,34,3,7,7,3,1,0.746699459,0.80074775,1,2144
accuracy focus,34,4,7,7,3,1,0.835080542,0.330903166,0,2144
accuracy focus,34,4,7,7,4,1,0.798385791,0.407767583,1,2144
accuracy focus,34,5,7,8,1,0,0.844065125,0.682889209,0,2144
accuracy focus,34,5,7,7,4,1,0.932468,0.160034041,1,2144
accuracy focus,34,6,7,7,4,1,0.802352667,0.139252125,0,2144
accuracy focus,34,6,7,7,4,1,0.681105125,0.169462542,1,2144
accuracy focus,34,7,7,7,3,1,1.167413125,1.938512375,0,2144
accuracy focus,34,7,7,7,4,1,1.676918833,0.571676584,1,2144
accuracy focus,34,8,7,7,4,1,1.247925458,4.858547417,0,2144
accuracy focus,34,8,7,7,4,1,0.675575208,0.423483167,1,2144
accuracy focus,34,9,7,7,4,1,0.749893166,0.372406,0,2144
accuracy focus,34,9,7,7,4,1,0.810554541,0.4055215,1,2144
accuracy focus,34,10,7,7,4,1,0.918991416,0.23651675,0,2144
accuracy focus,34,10,7,7,4,1,0.573726083,0.201632041,1,2144
accuracy focus,35,1,8,8,4,1,0.937807917,0.473222041,0,2150
accuracy focus,35,1,8,7,2,0,0.869920583,0.346363166,1,2150
accuracy focus,35,2,8,7,2,0,1.05397875,0.360209791,0,2150
accuracy focus,35,2,8,7,4,0,0.90212625,0.487468417,1,2150
accuracy focus,35,3,8,8,3,1,0.861452416,0.164862125,0,2150
accuracy focus,35,3,8,3,4,0,0.655610584,1.178926958,1,2150
accuracy focus,35,4,8,8,3,1,0.975712334,0.520333291,0,2150
accuracy focus,35,4,8,2,3,0,1.656228416,2.008819542,1,2150
accuracy focus,35,5,8,7,4,0,0.596008208,0.156659083,0,2150
accuracy focus,35,5,8,8,4,1,0.700995792,0.225890834,1,2150
accuracy focus,35,6,8,8,4,1,0.815506084,0.233364,0,2150
accuracy focus,35,6,8,8,4,1,0.661244833,0.123075541,1,2150
accuracy focus,35,7,8,7,4,0,1.438112792,0.567593875,0,2150
accuracy focus,35,7,8,8,4,1,1.303326917,0.86785375,1,2150
accuracy focus,35,8,8,8,2,1,1.290660167,0.415874458,0,2150
accuracy focus,35,8,8,8,4,1,0.67723225,0.427759792,1,2150
accuracy focus,35,9,8,7,3,0,1.587004292,0.927646333,0,2150
accuracy focus,35,9,8,7,2,0,1.754355291,0.761887041,1,2150
accuracy focus,35,10,8,8,4,1,0.705323291,0.248276958,0,2150
accuracy focus,35,10,8,7,4,0,1.163069583,0.248858792,1,2150
accuracy focus,36,1,4,4,4,1,0.759121583,0.283727292,0,2174
accuracy focus,36,1,4,8,1,0,1.298863958,0.231763542,1,2174
accuracy focus,36,2,4,4,4,1,0.700822,0.330758083,0,2174
accuracy focus,36,2,4,4,4,1,0.779993625,0.139284208,1,2174
accuracy focus,36,3,4,4,4,1,0.623365792,0.257275917,0,2174
accuracy focus,36,3,4,4,2,1,0.707871125,0.489270833,1,2174
accuracy focus,36,4,4,4,3,1,0.81336375,0.427406125,0,2174
accuracy focus,36,4,4,4,4,1,0.732230792,0.266974709,1,2174
accuracy focus,36,5,4,4,4,1,0.694173625,0.177550625,0,2174
accuracy focus,36,5,4,4,4,1,0.581660083,0.216836166,1,2174
accuracy focus,36,6,4,5,1,0,0.783256958,0.313918417,0,2174
accuracy focus,36,6,4,4,4,1,1.020178834,0.170947042,1,2174
accuracy focus,36,7,4,4,4,1,2.542255625,0.660422,0,2174
accuracy focus,36,7,4,4,4,1,1.736924666,1.02051675,1,2174
accuracy focus,36,8,4,4,4,1,0.755649917,0.520092667,0,2174
accuracy focus,36,8,4,4,4,1,0.752506625,0.500334375,1,2174
accuracy focus,36,9,4,4,4,1,0.827387459,0.705535,0,2174
accuracy focus,36,9,4,4,4,1,0.907308458,1.676751208,1,2174
accuracy focus,36,10,4,4,4,1,0.791385375,0.251401583,0,2174
accuracy focus,36,10,4,4,4,1,2.489523584,0.6971615,1,2174
accuracy focus,37,1,1,5,2,0,1.878584333,0.582086875,0,2267
accuracy focus,37,1,1,6,4,0,0.949893167,1.080966458,1,2267
accuracy focus,37,2,1,6,4,0,1.576257792,0.44167175,0,2267
accuracy focus,37,2,1,6,2,0,1.171862083,0.507909333,1,2267
accuracy focus,37,3,1,6,1,0,1.345123042,0.158106041,0,2267
accuracy focus,37,3,1,6,2,0,0.800703583,0.488848833,1,2267
accuracy focus,37,4,1,2,3,0,1.292361167,0.37785225,0,2267
accuracy focus,37,4,1,6,3,0,0.959480458,0.297918,1,2267
accuracy focus,37,5,1,7,4,0,0.92229575,0.2168585,0,2267
accuracy focus,37,5,1,6,4,0,0.628489334,0.244062292,1,2267
accuracy focus,37,6,1,6,4,0,0.871013417,0.218223083,0,2267
accuracy focus,37,6,1,6,4,0,0.749671291,0.18552275,1,2267
accuracy focus,37,7,1,5,4,0,0.835555334,0.405768167,0,2267
accuracy focus,37,7,1,5,4,0,1.064947417,0.454275833,1,2267
accuracy focus,37,8,1,6,3,0,1.490021334,0.573393042,0,2267
accuracy focus,37,8,1,5,3,0,0.850770042,0.525609459,1,2267
accuracy focus,37,9,1,6,2,0,1.481692334,1.375514375,0,2267
accuracy focus,37,9,1,3,2,0,0.834111166,1.425062708,1,2267
accuracy focus,37,10,1,6,4,0,2.99674325,1.929528375,0,2267
accuracy focus,37,10,1,6,4,0,0.872247459,0.618753958,1,2267
accuracy focus,38,1,7,7,2,1,1.182066416,0.441881375,0,2345
accuracy focus,38,1,7,3,2,0,1.09293275,0.443155542,1,2345
accuracy focus,38,2,7,4,2,0,1.503107166,0.842241125,0,2345
accuracy focus,38,2,7,7,4,1,0.868224917,0.234536166,1,2345
accuracy focus,38,3,7,7,2,1,1.11233225,0.210444167,0,2345
accuracy focus,38,3,7,6,2,0,0.747654292,1.473541625,1,2345
accuracy focus,38,4,7,7,1,1,1.077631959,0.21739675,0,2345
accuracy focus,38,4,7,2,2,0,1.169255417,1.562579583,1,2345
accuracy focus,38,5,7,6,4,0,0.687811833,0.383907208,0,2345
accuracy focus,38,5,7,6,4,0,0.81906275,0.237665167,1,2345
accuracy focus,38,6,7,4,4,0,1.8977965,0.4552725,0,2345
accuracy focus,38,6,7,4,4,0,0.721556958,0.152861667,1,2345
accuracy focus,38,7,7,7,4,1,0.866053416,0.952739375,0,2345
accuracy focus,38,7,7,7,4,1,0.915531417,0.984852125,1,2345
accuracy focus,38,8,7,4,3,0,0.956217541,1.48853275,0,2345
accuracy focus,38,8,7,6,3,0,1.244451208,0.619213625,1,2345
accuracy focus,38,9,7,7,2,1,0.811256459,2.064685292,0,2345
accuracy focus,38,9,7,4,1,0,1.67433725,1.282995417,1,2345
accuracy focus,38,10,7,7,4,1,1.09843475,0.235154625,0,2345
accuracy focus,38,10,7,7,4,1,0.758076791,0.29736525,1,2345
accuracy focus,39,1,1,5,2,0,0.812632458,0.74493775,0,2035
accuracy focus,39,1,1,7,1,0,0.877135291,0.780017166,1,2035
accuracy focus,39,2,1,4,4,0,1.121220708,0.297897625,0,2035
accuracy focus,39,2,1,7,2,0,0.969126083,0.392335333,1,2035
accuracy focus,39,3,1,3,3,0,0.787824833,0.250407542,0,2035
accuracy focus,39,3,1,4,2,0,0.775007792,0.356594333,1,2035
accuracy focus,39,4,1,4,4,0,2.145007333,0.664968459,0,2035
accuracy focus,39,4,1,2,1,0,1.607778125,1.399311541,1,2035
accuracy focus,39,5,1,4,1,0,0.737030834,0.609935917,0,2035
accuracy focus,39,5,1,1,4,1,0.82059425,0.222674291,1,2035
accuracy focus,39,6,1,3,4,0,0.817122375,0.218365583,0,2035
accuracy focus,39,6,1,4,4,0,0.929114,0.15288925,1,2035
accuracy focus,39,7,1,1,3,1,2.055950375,1.275561667,0,2035
accuracy focus,39,7,1,8,4,0,1.545755458,0.798191209,1,2035
accuracy focus,39,8,1,3,2,0,0.956791334,0.404891708,0,2035
accuracy focus,39,8,1,3,4,0,1.060927375,0.405152667,1,2035
accuracy focus,39,9,1,3,1,0,1.703829458,0.374666958,0,2035
accuracy focus,39,9,1,6,1,0,4.540442083,0.835509459,1,2035
accuracy focus,39,10,1,1,4,1,1.056542542,0.313669959,0,2035
accuracy focus,39,10,1,3,3,0,1.228910292,0.618962625,1,2035
accuracy focus,40,1,2,2,4,1,1.285333125,0.427803666,0,2489
accuracy focus,40,1,2,8,1,0,0.965053458,0.155035541,1,2489
accuracy focus,40,2,2,4,4,0,1.02579825,0.20203175,0,2489
accuracy focus,40,2,2,4,4,0,0.934505375,0.330483791,1,2489
accuracy focus,40,3,2,3,2,0,0.886824542,0.258091666,0,2489
accuracy focus,40,3,2,6,2,0,1.144022208,0.611036916,1,2489
accuracy focus,40,4,2,1,2,0,1.55415,0.458090167,0,2489
accuracy focus,40,4,2,6,1,0,0.9187125,0.441321542,1,2489
accuracy focus,40,5,2,4,4,0,0.580912875,0.209715625,0,2489
accuracy focus,40,5,2,4,4,0,0.633850083,0.190570917,1,2489
accuracy focus,40,6,2,7,3,0,0.985947416,0.268843,0,2489
accuracy focus,40,6,2,8,1,0,1.927168625,0.1824,1,2489
accuracy focus,40,7,2,4,4,0,0.969304833,0.433773166,0,2489
accuracy focus,40,7,2,2,4,1,1.075745708,0.909554042,1,2489
accuracy focus,40,8,2,2,2,1,1.205292209,0.804621541,0,2489
accuracy focus,40,8,2,8,2,0,1.285617167,0.909227625,1,2489
accuracy focus,40,9,2,4,2,0,0.922088208,0.988428541,0,2489
accuracy focus,40,9,2,4,2,0,1.004472667,1.1895455,1,2489
accuracy focus,40,10,2,4,4,0,0.899212458,0.32691625,0,2489
accuracy focus,40,10,2,6,4,0,0.958972458,0.281218,1,2489
accuracy focus,41,1,7,5,4,0,1.075689417,0.808491,0,2696
accuracy focus,41,1,7,3,2,0,1.037875208,0.28195275,1,2696
accuracy focus,41,2,7,5,4,0,1.153072334,0.185444958,0,2696
accuracy focus,41,2,7,5,1,0,0.981844542,0.264306208,1,2696
accuracy focus,41,3,7,6,2,0,1.331743875,0.263582292,0,2696
accuracy focus,41,3,7,5,2,0,0.98129825,0.661805458,1,2696
accuracy focus,41,4,7,3,2,0,0.931677917,0.33066675,0,2696
accuracy focus,41,4,7,6,4,0,1.254122792,0.424299416,1,2696
accuracy focus,41,5,7,5,4,0,0.90329725,0.270995583,0,2696
accuracy focus,41,5,7,7,4,1,1.025973208,0.162492875,1,2696
accuracy focus,41,6,7,7,4,1,0.638926834,0.135712541,0,2696
accuracy focus,41,6,7,7,2,1,1.049012,0.152969459,1,2696
accuracy focus,41,7,7,6,1,0,5.603506417,1.829030667,0,2696
accuracy focus,41,7,7,5,4,0,1.471821792,0.884723208,1,2696
accuracy focus,41,8,7,5,3,0,1.220328542,1.678811375,0,2696
accuracy focus,41,8,7,5,3,0,0.985874417,0.3780425,1,2696
accuracy focus,41,9,7,5,3,0,1.195646917,1.270528667,0,2696
accuracy focus,41,9,7,3,1,0,2.354854542,1.0663425,1,2696
accuracy focus,41,10,7,5,4,0,1.4640225,0.808827,0,2696
accuracy focus,41,10,7,5,4,0,0.844133875,0.664855167,1,2696
accuracy focus,42,1,5,5,4,1,1.2805055,0.364432125,0,2970
accuracy focus,42,1,5,8,2,0,1.035437875,0.7156375,1,2970
accuracy focus,42,2,5,3,1,0,1.699806042,0.3767775,0,2970
accuracy focus,42,2,5,1,1,0,1.457326583,0.169022583,1,2970
accuracy focus,42,3,5,1,4,0,1.401133375,0.697235667,0,2970
accuracy focus,42,3,5,7,1,0,0.873921541,0.95956825,1,2970
accuracy focus,42,4,5,2,1,0,0.924841375,0.343811458,0,2970
accuracy focus,42,4,5,1,2,0,1.214630167,1.516897917,1,2970
accuracy focus,42,5,5,2,4,0,0.966967959,0.123423375,0,2970
accuracy focus,42,5,5,8,4,0,0.758922833,0.225340208,1,2970
accuracy focus,42,6,5,8,1,0,1.100807125,0.215298875,0,2970
accuracy focus,42,6,5,7,4,0,0.737597916,0.139041958,1,2970
accuracy focus,42,7,5,8,1,0,1.215762916,0.498232542,0,2970
accuracy focus,42,7,5,3,3,0,0.997302375,0.845697208,1,2970
accuracy focus,42,8,5,8,2,0,0.867921709,0.796967,0,2970
accuracy focus,42,8,5,5,4,1,1.368653125,0.41460525,1,2970
accuracy focus,42,9,5,3,2,0,1.36189725,0.711628458,0,2970
accuracy focus,42,9,5,7,2,0,1.017878833,1.006418209,1,2970
accuracy focus,42,10,5,6,2,0,1.719033833,0.966080208,0,2970
accuracy focus,42,10,5,6,4,0,1.224102542,1.049226709,1,2970
accuracy focus,43,1,1,1,4,1,0.558953167,0.281248167,0,3028
accuracy focus,43,1,1,8,1,0,0.793022,0.281296667,1,3028
accuracy focus,43,2,1,7,4,0,0.868362,0.455187375,0,3028
accuracy focus,43,2,1,7,4,0,0.83896375,0.201998125,1,3028
accuracy focus,43,3,1,1,2,1,0.767537459,0.277535958,0,3028
accuracy focus,43,3,1,7,2,0,0.6602925,0.349738583,1,3028
accuracy focus,43,4,1,2,1,0,0.61035825,0.458613167,0,3028
accuracy focus,43,4,1,7,2,0,1.241260417,0.311196542,1,3028
accuracy focus,43,5,1,1,4,1,0.607663083,0.177260875,0,3028
accuracy focus,43,5,1,5,1,0,0.590346666,0.655482208,1,3028
accuracy focus,43,6,1,1,4,1,0.70412725,0.2661055,0,3028
accuracy focus,43,6,1,7,4,0,0.742189791,0.13962325,1,3028
accuracy focus,43,7,1,1,3,1,3.644222583,0.709537708,0,3028
accuracy focus,43,7,1,1,4,1,0.788900625,0.491571333,1,3028
accuracy focus,43,8,1,7,3,0,0.761840292,0.468806125,0,3028
accuracy focus,43,8,1,2,2,0,1.820997083,0.715944125,1,3028
accuracy focus,43,9,1,1,2,1,1.306120833,1.034643167,0,3028
accuracy focus,43,9,1,7,2,0,1.198712875,1.471889458,1,3028
accuracy focus,43,10,1,1,3,1,2.346949375,0.377336666,0,3028
accuracy focus,43,10,1,1,4,1,0.641090458,0.891565875,1,3028
accuracy focus,44,1,6,6,4,1,1.000702416,0.411288125,0,3059
accuracy focus,44,1,6,6,4,1,1.114058833,0.184912583,1,3059
accuracy focus,44,2,6,6,4,1,0.872447375,0.202046125,0,3059
accuracy focus,44,2,6,6,4,1,0.924172166,0.152500458,1,3059
accuracy focus,44,3,6,6,4,1,0.781898291,0.290665667,0,3059
accuracy focus,44,3,6,7,2,0,0.781535583,0.443061958,1,3059
accuracy focus,44,4,6,6,4,1,0.640070667,0.344075458,0,3059
accuracy focus,44,4,6,6,3,1,0.839100917,0.184351125,1,3059
accuracy focus,44,5,6,6,4,1,1.346479042,0.210813875,0,3059
accuracy focus,44,5,6,6,4,1,0.749801041,0.257557875,1,3059
accuracy focus,44,6,6,6,4,1,0.675223125,0.267950167,0,3059
accuracy focus,44,6,6,7,4,0,0.968295583,0.122618667,1,3059
accuracy focus,44,7,6,6,4,1,1.032001208,0.451590875,0,3059
accuracy focus,44,7,6,6,4,1,2.467787584,0.457718625,1,3059
accuracy focus,44,8,6,6,4,1,2.045912542,1.052095833,0,3059
accuracy focus,44,8,6,6,2,1,1.042584417,0.37782025,1,3059
accuracy focus,44,9,6,6,2,1,1.987604292,1.854714208,0,3059
accuracy focus,44,9,6,8,2,0,1.927662416,3.980391042,1,3059
accuracy focus,44,10,6,6,4,1,0.909187292,0.267831958,0,3059
accuracy focus,44,10,6,6,4,1,0.964474375,0.267692834,1,3059
accuracy focus,45,1,4,4,4,1,0.893498375,0.346510416,0,3170
accuracy focus,45,1,4,4,4,1,1.003135458,0.16849975,1,3170
accuracy focus,45,2,4,5,2,0,1.207532375,0.507820583,0,3170
accuracy focus,45,2,4,4,4,1,0.598062584,0.155821209,1,3170
accuracy focus,45,3,4,4,4,1,0.681802583,0.150992875,0,3170
accuracy focus,45,3,4,4,2,1,0.635529667,0.462246875,1,3170
accuracy focus,45,4,4,5,1,0,1.814218416,0.297892458,0,3170
accuracy focus,45,4,4,7,2,0,0.790101167,0.314285666,1,3170
accuracy focus,45,5,4,4,4,1,0.661236709,0.342724625,0,3170
accuracy focus,45,5,4,4,4,1,0.74450475,0.182860292,1,3170
accuracy focus,45,6,4,4,4,1,0.730883708,0.172646917,0,3170
accuracy focus,45,6,4,4,4,1,0.767744708,0.155907583,1,3170
accuracy focus,45,7,4,5,4,0,1.29568475,0.507209958,0,3170
accuracy focus,45,7,4,4,4,1,0.8459975,0.952422334,1,3170
accuracy focus,45,8,4,4,4,1,0.855669625,0.3505685,0,3170
accuracy focus,45,8,4,4,4,1,0.729555042,0.324769208,1,3170
accuracy focus,45,9,4,4,4,1,1.332720208,1.569549791,0,3170
accuracy focus,45,9,4,4,3,1,0.993210375,0.541673458,1,3170
accuracy focus,45,10,4,4,4,1,0.822786459,0.28096175,0,3170
accuracy focus,45,10,4,4,4,1,0.867198791,0.215082667,1,3170
accuracy focus,46,1,4,4,4,1,1.211926375,0.45776225,0,3466
accuracy focus,46,1,4,4,4,1,1.161124875,0.154323542,1,3466
accuracy focus,46,2,4,4,4,1,0.954587666,0.280371084,0,3466
accuracy focus,46,2,4,4,3,1,0.890262792,0.267873791,1,3466
accuracy focus,46,3,4,4,4,1,0.73511275,0.15140725,0,3466
accuracy focus,46,3,4,4,4,1,0.53491275,1.126503333,1,3466
accuracy focus,46,4,4,1,3,0,1.69753875,0.294923209,0,3466
accuracy focus,46,4,4,2,2,0,1.55022525,2.073828417,1,3466
accuracy focus,46,5,4,4,4,1,0.642564291,0.205919917,0,3466
accuracy focus,46,5,4,4,4,1,0.647663,0.176750459,1,3466
accuracy focus,46,6,4,4,4,1,0.655912666,0.363491166,0,3466
accuracy focus,46,6,4,5,4,0,0.806102667,0.475581334,1,3466
accuracy focus,46,7,4,4,3,1,1.585472917,0.466471167,0,3466
accuracy focus,46,7,4,4,4,1,1.894260375,0.45823225,1,3466
accuracy focus,46,8,4,4,1,1,2.767110333,0.473771959,0,3466
accuracy focus,46,8,4,4,2,1,0.977298166,0.497374667,1,3466
accuracy focus,46,9,4,4,2,1,1.962326167,0.868408375,0,3466
accuracy focus,46,9,4,4,2,1,1.224111667,1.540269708,1,3466
accuracy focus,46,10,4,4,3,1,1.563773041,0.505154167,0,3466
accuracy focus,46,10,4,4,4,1,0.84471075,0.301043166,1,3466
accuracy focus,47,1,1,1,4,1,0.657248125,0.458411042,0,3599
accuracy focus,47,1,1,5,2,0,0.935737833,0.424947041,1,3599
accuracy focus,47,2,1,1,2,1,1.12925275,0.585119708,0,3599
accuracy focus,47,2,1,1,4,1,0.750503209,0.11985875,1,3599
accuracy focus,47,3,1,6,3,0,1.110699542,0.250221417,0,3599
accuracy focus,47,3,1,3,3,0,0.872871417,1.673042042,1,3599
accuracy focus,47,4,1,6,1,0,1.887612834,0.440982167,0,3599
accuracy focus,47,4,1,6,2,0,0.630347917,2.040323167,1,3599
accuracy focus,47,5,1,1,4,1,0.693996875,0.332567167,0,3599
accuracy focus,47,5,1,1,4,1,0.584371375,0.231848542,1,3599
accuracy focus,47,6,1,1,4,1,0.597447083,0.617686458,0,3599
accuracy focus,47,6,1,1,4,1,0.633520042,0.185743209,1,3599
accuracy focus,47,7,1,1,4,1,0.896192709,0.805713833,0,3599
accuracy focus,47,7,1,1,4,1,2.668102709,0.566450292,1,3599
accuracy focus,47,8,1,1,4,1,0.908594042,1.54961575,0,3599
accuracy focus,47,8,1,8,2,0,0.985700917,0.237921916,1,3599
accuracy focus,47,9,1,7,2,0,2.572453375,0.819121125,0,3599
accuracy focus,47,9,1,1,3,1,1.043086458,0.999833708,1,3599
accuracy focus,47,10,1,1,3,1,0.762634,1.016897375,0,3599
accuracy focus,47,10,1,1,4,1,0.612628292,0.234524208,1,3599
accuracy focus,48,1,8,8,2,1,1.029417125,0.584727083,0,3728
accuracy focus,48,1,8,8,4,1,0.790352542,0.169440708,1,3728
accuracy focus,48,2,8,8,4,1,0.808414792,0.234989917,0,3728
accuracy focus,48,2,8,3,2,0,0.990228458,0.267728958,1,3728
accuracy focus,48,3,8,8,4,1,0.921889833,0.150597208,0,3728
accuracy focus,48,3,8,8,4,1,1.179180541,0.529543708,1,3728
accuracy focus,48,4,8,8,3,1,1.469097459,0.374056542,0,3728
accuracy focus,48,4,8,5,2,0,1.103037458,0.299886917,1,3728
accuracy focus,48,5,8,8,4,1,0.9199235,0.232993166,0,3728
accuracy focus,48,5,8,8,4,1,0.8104895,0.262713875,1,3728
accuracy focus,48,6,8,3,4,0,0.766277334,0.152423708,0,3728
accuracy focus,48,6,8,8,4,1,0.720552042,0.123031833,1,3728
accuracy focus,48,7,8,5,4,0,0.793945667,0.395429709,0,3728
accuracy focus,48,7,8,8,4,1,0.944521375,0.74401075,1,3728
accuracy focus,48,8,8,8,4,1,1.098208083,0.277773,0,3728
accuracy focus,48,8,8,5,4,0,1.328992958,0.369798333,1,3728
accuracy focus,48,9,8,3,3,0,1.058748875,1.456755666,0,3728
accuracy focus,48,9,8,8,4,1,0.918652375,1.168464708,1,3728
accuracy focus,48,10,8,8,4,1,0.971147708,0.824510417,0,3728
accuracy focus,48,10,8,8,4,1,0.689630167,0.231853917,1,3728
accuracy focus,49,1,3,3,4,1,0.939728292,0.362071667,0,3747
accuracy focus,49,1,3,3,4,1,0.754998,0.408918459,1,3747
accuracy focus,49,2,3,3,4,1,0.948301375,0.18600075,0,3747
accuracy focus,49,2,3,3,2,1,0.914393584,0.748455333,1,3747
accuracy focus,49,3,3,3,3,1,0.607341792,0.197910625,0,3747
accuracy focus,49,3,3,3,2,1,0.667896917,0.476332625,1,3747
accuracy focus,49,4,3,3,1,1,0.962630625,1.162957459,0,3747
accuracy focus,49,4,3,3,2,1,0.913219791,0.411394,1,3747
accuracy focus,49,5,3,3,4,1,0.787625416,0.223387709,0,3747
accuracy focus,49,5,3,4,1,0,1.053818417,0.554364,1,3747
accuracy focus,49,6,3,5,4,0,0.759411166,0.1200435,0,3747
accuracy focus,49,6,3,2,3,0,1.262594709,0.360326041,1,3747
accuracy focus,49,7,3,3,4,1,1.47054625,0.541701708,0,3747
accuracy focus,49,7,3,3,4,1,0.695631167,0.656944417,1,3747
accuracy focus,49,8,3,2,2,0,1.3566225,0.93834175,0,3747
accuracy focus,49,8,3,7,4,0,0.89145025,0.371857708,1,3747
accuracy focus,49,9,3,7,2,0,1.143512333,0.991026125,0,3747
accuracy focus,49,9,3,7,2,0,1.220627,1.309438833,1,3747
accuracy focus,49,10,3,8,4,0,0.857805709,0.47253225,0,3747
accuracy focus,49,10,3,3,3,1,1.231057708,0.568698125,1,3747
accuracy focus,50,1,3,5,2,0,1.35728175,0.408628,0,3770
accuracy focus,50,1,3,8,1,0,0.758694,0.202109208,1,3770
accuracy focus,50,2,3,7,2,0,1.358763958,0.633245916,0,3770
accuracy focus,50,2,3,3,3,1,0.713703584,0.521128959,1,3770
accuracy focus,50,3,3,4,4,0,0.809547416,0.210824458,0,3770
accuracy focus,50,3,3,3,2,1,0.786946833,1.379371708,1,3770
accuracy focus,50,4,3,2,1,0,1.030647666,0.728360125,0,3770
accuracy focus,50,4,3,3,1,1,0.661396041,0.311650792,1,3770
accuracy focus,50,5,3,7,4,0,1.227187875,0.189725375,0,3770
accuracy focus,50,5,3,6,4,0,0.607456541,0.223851792,1,3770
accuracy focus,50,6,3,7,4,0,1.003608,0.155685375,0,3770
accuracy focus,50,6,3,3,3,1,0.978091041,0.186285666,1,3770
accuracy focus,50,7,3,3,4,1,2.416866459,0.434322667,0,3770
accuracy focus,50,7,3,8,4,0,1.137532,0.505274042,1,3770
accuracy focus,50,8,3,1,1,0,1.960439833,0.372450625,0,3770
accuracy focus,50,8,3,5,3,0,1.343559375,0.343907667,1,3770
accuracy focus,50,9,3,7,3,0,1.666019667,1.034301208,0,3770
accuracy focus,50,9,3,7,3,0,1.121292917,0.587714167,1,3770
accuracy focus,50,10,3,3,1,1,2.884716666,1.160615958,0,3770
accuracy focus,50,10,3,8,4,0,0.9989205,0.938814834,1,3770
accuracy focus,51,1,8,5,4,0,1.088052958,0.474230708,0,4093
accuracy focus,51,1,8,8,2,1,1.090485791,0.278562833,1,4093
accuracy focus,51,2,8,6,4,0,0.99505075,0.218626834,0,4093
accuracy focus,51,2,8,8,4,1,0.705674292,0.156373584,1,4093
accuracy focus,51,3,8,5,2,0,0.927721125,0.608416667,0,4093
accuracy focus,51,3,8,5,2,0,0.913128916,0.356647084,1,4093
accuracy focus,51,4,8,6,2,0,1.20763275,0.968452208,0,4093
accuracy focus,51,4,8,3,2,0,0.63542425,0.474197167,1,4093
accuracy focus,51,5,8,7,4,0,0.826104,0.183654083,0,4093
accuracy focus,51,5,8,6,4,0,0.76656875,0.128840875,1,4093
accuracy focus,51,6,8,8,4,1,0.610180042,0.184146167,0,4093
accuracy focus,51,6,8,8,4,1,0.710934166,0.152423417,1,4093
accuracy focus,51,7,8,5,3,0,2.927386542,0.966893291,0,4093
accuracy focus,51,7,8,8,3,1,1.550851291,0.592843875,1,4093
accuracy focus,51,8,8,6,3,0,1.744564542,1.143565042,0,4093
accuracy focus,51,8,8,5,4,0,0.948249959,0.31737175,1,4093
accuracy focus,51,9,8,7,1,0,0.636118917,1.398074625,0,4093
accuracy focus,51,9,8,6,3,0,1.213705,1.660419042,1,4093
accuracy focus,51,10,8,8,4,1,0.648990417,0.247701209,0,4093
accuracy focus,51,10,8,7,4,0,0.919300417,1.384621917,1,4093
accuracy focus,52,1,5,5,4,1,0.649904959,0.362247792,0,4234
accuracy focus,52,1,5,5,4,1,0.739251125,0.249780125,1,4234
accuracy focus,52,2,5,5,3,1,0.967983125,0.65009125,0,4234
accuracy focus,52,2,5,5,4,1,0.875876625,0.231263709,1,4234
accuracy focus,52,3,5,5,2,1,1.119448125,0.296502584,0,4234
accuracy focus,52,3,5,5,4,1,0.807193542,0.75396625,1,4234
accuracy focus,52,4,5,3,2,0,1.073954792,0.394176708,0,4234
accuracy focus,52,4,5,5,3,1,1.17100825,0.217946458,1,4234
accuracy focus,52,5,5,4,4,0,0.947492708,0.210679958,0,4234
accuracy focus,52,5,5,5,4,1,0.779806792,0.646267083,1,4234
accuracy focus,52,6,5,7,1,0,1.567994625,0.312687667,0,4234
accuracy focus,52,6,5,5,4,1,0.872041833,0.139660375,1,4234
accuracy focus,52,7,5,5,4,1,1.973952167,0.50540175,0,4234
accuracy focus,52,7,5,6,3,0,1.79522125,1.3375815,1,4234
accuracy focus,52,8,5,5,4,1,1.179378208,1.139063834,0,4234
accuracy focus,52,8,5,5,3,1,0.980153458,0.391202,1,4234
accuracy focus,52,9,5,5,4,1,1.269538166,1.747652917,0,4234
accuracy focus,52,9,5,5,3,1,0.975881917,0.73360275,1,4234
accuracy focus,52,10,5,5,4,1,1.050684125,0.74594625,0,4234
accuracy focus,52,10,5,5,3,1,1.367160334,0.489866625,1,4234
accuracy focus,53,1,5,5,4,1,0.848447041,0.44103,0,4264
accuracy focus,53,1,5,5,4,1,1.215299,0.151475583,1,4264
accuracy focus,53,2,5,6,3,0,0.787107666,1.576882417,0,4264
accuracy focus,53,2,5,5,4,1,0.845611541,0.168614458,1,4264
accuracy focus,53,3,5,3,1,0,0.681031667,0.230029917,0,4264
accuracy focus,53,3,5,3,1,0,0.934028042,0.63555025,1,4264
accuracy focus,53,4,5,8,2,0,0.936396125,0.204797875,0,4264
accuracy focus,53,4,5,5,4,1,0.959936333,0.331580083,1,4264
accuracy focus,53,5,5,5,4,1,0.668933458,0.15744825,0,4264
accuracy focus,53,5,5,8,4,0,0.895484834,0.315047417,1,4264
accuracy focus,53,6,5,8,4,0,1.380807333,0.200585709,0,4264
accuracy focus,53,6,5,3,3,0,0.667591875,0.185760625,1,4264
accuracy focus,53,7,5,5,4,1,1.001225541,0.767470584,0,4264
accuracy focus,53,7,5,8,3,0,0.934598375,0.9621935,1,4264
accuracy focus,53,8,5,5,4,1,2.118674542,1.549606333,0,4264
accuracy focus,53,8,5,5,4,1,1.127653208,0.492002125,1,4264
accuracy focus,53,9,5,5,4,1,1.960280917,0.499389083,0,4264
accuracy focus,53,9,5,3,4,0,0.872295167,0.399334708,1,4264
accuracy focus,53,10,5,8,4,0,0.749675833,0.218479709,0,4264
accuracy focus,53,10,5,8,4,0,0.997487417,0.602433167,1,4264
accuracy focus,54,1,1,5,1,0,1.744785292,0.229196667,0,181
accuracy focus,54,1,1,5,2,0,1.422221917,0.521774166,1,181
accuracy focus,54,2,1,2,1,0,1.420564375,0.425846458,0,181
accuracy focus,54,2,1,4,1,0,1.151827042,0.426027541,1,181
accuracy focus,54,3,1,3,2,0,1.059088875,0.237433292,0,181
accuracy focus,54,3,1,3,1,0,0.707867166,1.285496041,1,181
accuracy focus,54,4,1,7,1,0,0.8741095,0.26398075,0,181
accuracy focus,54,4,1,3,1,0,0.979549667,0.361644916,1,181
accuracy focus,54,5,1,1,4,1,0.867885333,0.176856375,0,181
accuracy focus,54,5,1,1,4,1,0.792386416,0.251742333,1,181
accuracy focus,54,6,1,8,2,0,1.027811542,0.282450958,0,181
accuracy focus,54,6,1,4,2,0,0.760578916,0.427967208,1,181
accuracy focus,54,7,1,6,2,0,1.992130625,0.44634,0,181
accuracy focus,54,7,1,2,2,0,1.165427417,0.858261417,1,181
accuracy focus,54,8,1,4,2,0,1.389181167,0.571933375,0,181
accuracy focus,54,8,1,5,3,0,1.359692875,0.4116975,1,181
accuracy focus,54,9,1,3,1,0,1.399110625,0.972715,0,181
accuracy focus,54,9,1,3,3,0,1.345352167,0.848564375,1,181
accuracy focus,54,10,1,1,3,1,1.368684459,0.633518291,0,181
accuracy focus,54,10,1,6,3,0,1.271674666,1.447992834,1,181
accuracy focus,55,1,5,5,1,1,1.106309292,2.122975875,0,4375
accuracy focus,55,1,5,8,4,0,0.806096459,0.201623084,1,4375
accuracy focus,55,2,5,6,3,0,0.798489833,0.412892167,0,4375
accuracy focus,55,2,5,6,4,0,0.722648542,0.219435334,1,4375
accuracy focus,55,3,5,6,4,0,0.952958917,0.177525917,0,4375
accuracy focus,55,3,5,3,3,0,0.596715708,1.086283458,1,4375
accuracy focus,55,4,5,5,1,1,1.085250458,0.284076833,0,4375
accuracy focus,55,4,5,7,4,0,0.953420167,0.374769208,1,4375
accuracy focus,55,5,5,6,4,0,0.9297675,0.230795833,0,4375
accuracy focus,55,5,5,8,4,0,1.128080083,0.148673041,1,4375
accuracy focus,55,6,5,5,4,1,0.773943125,0.251761542,0,4375
accuracy focus,55,6,5,6,2,0,0.779565625,0.185185625,1,4375
accuracy focus,55,7,5,5,4,1,0.929523125,0.574129833,0,4375
accuracy focus,55,7,5,5,4,1,1.575986042,0.827107667,1,4375
accuracy focus,55,8,5,4,1,0,1.243315417,1.328633833,0,4375
accuracy focus,55,8,5,5,4,1,0.717460667,0.344221542,1,4375
accuracy focus,55,9,5,8,4,0,1.587869917,2.682470417,0,4375
accuracy focus,55,9,5,5,3,1,1.47493125,1.322810667,1,4375
accuracy focus,55,10,5,5,4,1,1.190182125,0.440279709,0,4375
accuracy focus,55,10,5,8,4,0,0.706931041,0.232137041,1,4375
accuracy focus,56,1,3,3,4,1,0.927799709,0.28138125,0,4493
accuracy focus,56,1,3,3,4,1,0.615895,0.311866916,1,4493
accuracy focus,56,2,3,8,2,0,1.670853125,0.264477209,0,4493
accuracy focus,56,2,3,3,4,1,0.71410825,0.393360833,1,4493
accuracy focus,56,3,3,3,3,1,0.668057667,0.256915458,0,4493
accuracy focus,56,3,3,3,4,1,0.634127125,0.522079583,1,4493
accuracy focus,56,4,3,2,1,0,1.092455042,0.347276875,0,4493
accuracy focus,56,4,3,2,1,0,0.758017166,0.411407625,1,4493
accuracy focus,56,5,3,3,4,1,0.700252375,0.237824,0,4493
accuracy focus,56,5,3,2,1,0,0.590078541,0.610685666,1,4493
accuracy focus,56,6,3,3,4,1,0.935419125,0.218677,0,4493
accuracy focus,56,6,3,3,4,1,0.823338041,0.235153625,1,4493
accuracy focus,56,7,3,3,4,1,1.378509666,0.532954959,0,4493
accuracy focus,56,7,3,3,4,1,0.650086042,0.731479125,1,4493
accuracy focus,56,8,3,3,4,1,0.955495333,0.637691625,0,4493
accuracy focus,56,8,3,3,2,1,0.641620459,0.684045458,1,4493
accuracy focus,56,9,3,3,3,1,2.157620166,0.809345708,0,4493
accuracy focus,56,9,3,3,3,1,0.775407417,0.915455416,1,4493
accuracy focus,56,10,3,3,4,1,0.938990041,0.251952208,0,4493
accuracy focus,56,10,3,3,4,1,2.053675041,1.575571708,1,4493
accuracy focus,57,1,5,5,4,1,0.802106958,0.2818445,0,4697
accuracy focus,57,1,5,5,4,1,0.624993958,0.251874625,1,4697
accuracy focus,57,2,5,5,4,1,1.28182775,0.3802805,0,4697
accuracy focus,57,2,5,5,4,1,0.934683834,0.185457833,1,4697
accuracy focus,57,3,5,5,4,1,0.967581417,0.137512667,0,4697
accuracy focus,57,3,5,5,1,1,1.202156625,0.540755541,1,4697
accuracy focus,57,4,5,5,1,1,1.428365791,0.44176175,0,4697
accuracy focus,57,4,5,8,3,0,0.960425417,0.330326292,1,4697
accuracy focus,57,5,5,5,4,1,0.628965791,0.290457708,0,4697
accuracy focus,57,5,5,4,1,0,0.63036975,0.711626625,1,4697
accuracy focus,57,6,5,5,4,1,0.975023209,0.218306958,0,4697
accuracy focus,57,6,5,5,4,1,0.771408125,0.119541291,1,4697
accuracy focus,57,7,5,5,4,1,0.862097792,0.426482458,0,4697
accuracy focus,57,7,5,5,4,1,1.523260458,0.525448208,1,4697
accuracy focus,57,8,5,5,4,1,0.914750584,0.344404,0,4697
accuracy focus,57,8,5,5,3,1,1.218856875,0.278339416,1,4697
accuracy focus,57,9,5,5,3,1,1.547046416,1.123080834,0,4697
accuracy focus,57,9,5,3,2,0,2.387054792,1.503727875,1,4697
accuracy focus,57,10,5,5,4,1,0.892230125,0.218397292,0,4697
accuracy focus,57,10,5,5,4,1,1.261875208,0.265035458,1,4697
accuracy focus,58,1,5,5,3,1,0.932756667,0.668966584,0,4723
accuracy focus,58,1,5,5,3,1,0.897752167,0.443102667,1,4723
accuracy focus,58,2,5,5,2,1,1.142643209,0.456681875,0,4723
accuracy focus,58,2,5,3,2,0,1.317625667,0.409292542,1,4723
accuracy focus,58,3,5,2,1,0,1.590084542,0.622492042,0,4723
accuracy focus,58,3,5,3,2,0,0.795794041,0.596401,1,4723
accuracy focus,58,4,5,5,3,1,0.909983583,0.3279915,0,4723
accuracy focus,58,4,5,5,2,1,1.338595625,0.361095167,1,4723
accuracy focus,58,5,5,4,1,0,1.782721083,0.256417459,0,4723
accuracy focus,58,5,5,4,4,0,0.820738167,0.650715916,1,4723
accuracy focus,58,6,5,5,2,1,0.912342417,0.218590625,0,4723
accuracy focus,58,6,5,3,2,0,0.856271167,0.393162667,1,4723
accuracy focus,58,7,5,3,4,0,1.044223625,0.383157459,0,4723
accuracy focus,58,7,5,1,1,0,2.700432709,1.049903458,1,4723
accuracy focus,58,8,5,5,3,1,1.076413458,0.592236667,0,4723
accuracy focus,58,8,5,5,3,1,0.803116958,0.364972333,1,4723
accuracy focus,58,9,5,3,3,0,0.918165,1.58503425,0,4723
accuracy focus,58,9,5,5,3,1,1.031550292,1.434962583,1,4723
accuracy focus,58,10,5,3,4,0,0.988755959,0.601236292,0,4723
accuracy focus,58,10,5,5,4,1,1.103544292,0.18531025,1,4723
accuracy focus,59,1,5,5,4,1,1.136697167,0.424521833,0,4750
accuracy focus,59,1,5,5,4,1,0.816032083,0.235398166,1,4750
accuracy focus,59,2,5,6,3,0,1.161358792,0.856871917,0,4750
accuracy focus,59,2,5,5,4,1,1.125687083,0.424028083,1,4750
accuracy focus,59,3,5,5,1,1,0.966699334,0.138462458,0,4750
accuracy focus,59,3,5,5,4,1,0.768248542,0.509680583,1,4750
accuracy focus,59,4,5,2,1,0,0.860572416,0.18743875,0,4750
accuracy focus,59,4,5,6,1,0,0.899327667,0.504632333,1,4750
accuracy focus,59,5,5,6,1,0,1.340702667,0.664382334,0,4750
accuracy focus,59,5,5,5,4,1,0.633745917,0.179365917,1,4750
accuracy focus,59,6,5,7,3,0,1.044306459,0.268314,0,4750
accuracy focus,59,6,5,5,4,1,0.674239959,0.168725041,1,4750
accuracy focus,59,7,5,5,4,1,1.345678875,0.713158875,0,4750
accuracy focus,59,7,5,5,4,1,0.834894542,0.88307875,1,4750
accuracy focus,59,8,5,8,2,0,1.239443541,0.291258791,0,4750
accuracy focus,59,8,5,5,3,1,1.023497958,0.371603584,1,4750
accuracy focus,59,9,5,5,3,1,1.032467042,1.504141334,0,4750
accuracy focus,59,9,5,5,3,1,1.212471916,0.447160083,1,4750
accuracy focus,59,10,5,5,4,1,0.849873667,0.314346708,0,4750
accuracy focus,59,10,5,5,4,1,1.0877595,0.667055,1,4750
accuracy focus,60,1,6,6,4,1,1.713701042,1.625684792,0,4780
accuracy focus,60,1,6,6,4,1,1.146550541,0.363533167,1,4780
accuracy focus,60,2,6,6,4,1,0.675412375,0.297493667,0,4780
accuracy focus,60,2,6,6,4,1,0.862196583,0.267238542,1,4780
accuracy focus,60,3,6,6,4,1,1.4474245,0.256740208,0,4780
accuracy focus,60,3,6,6,1,1,0.823913459,0.583118834,1,4780
accuracy focus,60,4,6,6,4,1,1.333146459,0.539428792,0,4780
accuracy focus,60,4,6,6,2,1,0.803138125,0.378021542,1,4780
accuracy focus,60,5,6,6,4,1,0.858042667,0.159393083,0,4780
accuracy focus,60,5,6,6,4,1,0.658025667,0.259423375,1,4780
accuracy focus,60,6,6,6,4,1,0.832994959,0.168224041,0,4780
accuracy focus,60,6,6,6,4,1,0.836818167,0.188655583,1,4780
accuracy focus,60,7,6,6,4,1,1.123514375,0.87441325,0,4780
accuracy focus,60,7,6,6,4,1,0.897186292,1.045271541,1,4780
accuracy focus,60,8,6,6,4,1,1.419055291,0.61115075,0,4780
accuracy focus,60,8,6,6,3,1,0.928057834,0.330411625,1,4780
accuracy focus,60,9,6,6,3,1,3.038982916,1.831633542,0,4780
accuracy focus,60,9,6,6,2,1,2.17383375,1.134866958,1,4780
accuracy focus,60,10,6,6,4,1,1.156877542,0.330283375,0,4780
accuracy focus,60,10,6,6,4,1,0.885881375,0.458455709,1,4780
accuracy focus,61,1,6,6,4,1,2.798411541,0.391385375,0,4981
accuracy focus,61,1,6,5,4,0,1.026801166,0.282692667,1,4981
accuracy focus,61,2,6,6,4,1,0.946481708,0.15628725,0,4981
accuracy focus,61,2,6,6,3,1,0.889128417,0.780427042,1,4981
accuracy focus,61,3,6,7,2,0,1.119849625,0.204379083,0,4981
accuracy focus,61,3,6,6,2,1,0.775443959,0.330465834,1,4981
accuracy focus,61,4,6,5,1,0,0.823282875,0.2643945,0,4981
accuracy focus,61,4,6,6,4,1,0.662332667,0.167491333,1,4981
accuracy focus,61,5,6,6,4,1,1.293589459,0.22996425,0,4981
accuracy focus,61,5,6,6,4,1,0.763767916,0.232206875,1,4981
accuracy focus,61,6,6,6,4,1,0.916040584,0.168956166,0,4981
accuracy focus,61,6,6,6,4,1,0.770040709,0.185720583,1,4981
accuracy focus,61,7,6,6,4,1,2.319924542,0.438872,0,4981
accuracy focus,61,7,6,6,4,1,1.342414042,0.605354666,1,4981
accuracy focus,61,8,6,6,4,1,2.241834167,1.411793417,0,4981
accuracy focus,61,8,6,7,2,0,2.421430792,0.664748667,1,4981
accuracy focus,61,9,6,6,3,1,1.458368792,1.535390459,0,4981
accuracy focus,61,9,6,5,4,0,1.025506125,1.729639625,1,4981
accuracy focus,61,10,6,6,4,1,1.58954075,1.255324625,0,4981
accuracy focus,61,10,6,6,4,1,1.575441125,0.310548,1,4981
accuracy focus,62,1,3,7,1,0,3.344668833,0.299922333,0,5075
accuracy focus,62,1,3,8,2,0,0.891483458,0.50583625,1,5075
accuracy focus,62,2,3,3,3,1,1.265653292,0.346915667,0,5075
accuracy focus,62,2,3,3,4,1,0.9840075,0.168991333,1,5075
accuracy focus,62,3,3,3,1,1,0.747387333,0.269903417,0,5075
accuracy focus,62,3,3,3,1,1,0.694690334,0.648943875,1,5075
accuracy focus,62,4,3,2,1,0,0.787078042,0.330991958,0,5075
accuracy focus,62,4,3,3,2,1,1.061313791,0.331193875,1,5075
accuracy focus,62,5,3,4,4,0,0.820591917,0.163942208,0,5075
accuracy focus,62,5,3,1,4,0,0.845578584,0.203545667,1,5075
accuracy focus,62,6,3,4,3,0,0.802935834,0.360721958,0,5075
accuracy focus,62,6,3,3,4,1,1.017251125,0.202434792,1,5075
accuracy focus,62,7,3,1,4,0,0.782415875,0.325848875,0,5075
accuracy focus,62,7,3,3,4,1,0.62323075,0.68713075,1,5075
accuracy focus,62,8,3,3,4,1,0.97162475,0.861033375,0,5075
accuracy focus,62,8,3,7,4,0,1.591241042,0.571683542,1,5075
accuracy focus,62,9,3,3,2,1,2.808281833,1.436766542,0,5075
accuracy focus,62,9,3,3,2,1,0.956795416,0.973351666,1,5075
accuracy focus,62,10,3,8,4,0,0.92907675,0.845020458,0,5075
accuracy focus,62,10,3,1,2,0,1.637712625,0.905725542,1,5075
accuracy focus,63,1,7,7,3,1,1.558805625,1.736455875,0,5111
accuracy focus,63,1,7,7,4,1,0.848372292,0.168763,1,5111
accuracy focus,63,2,7,7,4,1,0.813136834,0.200298625,0,5111
accuracy focus,63,2,7,7,4,1,0.7768375,0.23454025,1,5111
accuracy focus,63,3,7,7,3,1,0.634011375,0.104156041,0,5111
accuracy focus,63,3,7,6,2,0,0.807699583,0.501988042,1,5111
accuracy focus,63,4,7,7,2,1,1.495006125,0.248258042,0,5111
accuracy focus,63,4,7,2,1,0,0.6925895,0.521435292,1,5111
accuracy focus,63,5,7,7,4,1,1.198944916,0.204528792,0,5111
accuracy focus,63,5,7,7,4,1,0.754460209,0.292941916,1,5111
accuracy focus,63,6,7,7,4,1,0.715601209,0.168740167,0,5111
accuracy focus,63,6,7,7,4,1,0.65398925,0.139274875,1,5111
accuracy focus,63,7,7,7,4,1,0.923191291,0.806399042,0,5111
accuracy focus,63,7,7,7,4,1,1.011605917,1.312513833,1,5111
accuracy focus,63,8,7,6,2,0,0.722171667,1.762466,0,5111
accuracy focus,63,8,7,7,3,1,0.975365917,0.512317667,1,5111
accuracy focus,63,9,7,7,4,1,1.081380458,1.65999025,0,5111
accuracy focus,63,9,7,7,4,1,1.092247542,0.519483209,1,5111
accuracy focus,63,10,7,7,4,1,0.955333,0.443492583,0,5111
accuracy focus,63,10,7,7,4,1,0.707982167,0.234776125,1,5111
accuracy focus,64,1,4,4,4,1,1.299370958,2.056400292,0,5124
accuracy focus,64,1,4,4,4,1,0.871630708,0.282051333,1,5124
accuracy focus,64,2,4,4,4,1,0.908697917,0.218114167,0,5124
accuracy focus,64,2,4,4,4,1,0.661806792,0.152693833,1,5124
accuracy focus,64,3,4,4,4,1,0.641645916,0.277779584,0,5124
accuracy focus,64,3,4,4,4,1,0.687714667,0.482511416,1,5124
accuracy focus,64,4,4,4,3,1,1.817311917,0.471315083,0,5124
accuracy focus,64,4,4,4,2,1,0.910075833,0.4571955,1,5124
accuracy focus,64,5,4,4,4,1,0.748102042,0.230399167,0,5124
accuracy focus,64,5,4,4,4,1,0.631697666,0.176573125,1,5124
accuracy focus,64,6,4,4,4,1,0.865487292,0.202798791,0,5124
accuracy focus,64,6,4,4,4,1,0.735842375,0.135886083,1,5124
accuracy focus,64,7,4,4,4,1,0.947494625,0.55498925,0,5124
accuracy focus,64,7,4,6,3,0,1.827051791,2.64918275,1,5124
accuracy focus,64,8,4,4,2,1,1.213124584,1.211928166,0,5124
accuracy focus,64,8,4,4,4,1,0.68883575,0.4280185,1,5124
accuracy focus,64,9,4,4,3,1,1.039461458,0.472712208,0,5124
accuracy focus,64,9,4,4,4,1,1.103671875,1.152465625,1,5124
accuracy focus,64,10,4,4,4,1,0.740633959,0.28144525,0,5124
accuracy focus,64,10,4,4,4,1,1.04327075,0.393356625,1,5124
accuracy focus,65,1,4,4,4,1,0.85941525,0.327445084,0,5176
accuracy focus,65,1,4,3,1,0,0.66594375,0.809642875,1,5176
accuracy focus,65,2,4,4,4,1,0.876532334,0.202064458,0,5176
accuracy focus,65,2,4,4,4,1,0.693804375,0.185174458,1,5176
accuracy focus,65,3,4,3,2,0,0.701564083,0.910648041,0,5176
accuracy focus,65,3,4,4,4,1,0.820832041,0.435745083,1,5176
accuracy focus,65,4,4,2,1,0,0.613859542,0.440319416,0,5176
accuracy focus,65,4,4,4,1,1,1.02177,0.184369792,1,5176
accuracy focus,65,5,4,4,4,1,1.235464375,0.204884417,0,5176
accuracy focus,65,5,4,4,4,1,0.606626334,0.190230042,1,5176
accuracy focus,65,6,4,4,4,1,0.680393459,0.202220292,0,5176
accuracy focus,65,6,4,4,4,1,0.68246475,0.135989,1,5176
accuracy focus,65,7,4,4,2,1,2.29536,1.286340375,0,5176
accuracy focus,65,7,4,4,4,1,0.895119541,0.485937958,1,5176
accuracy focus,65,8,4,4,4,1,1.050086416,0.451891458,0,5176
accuracy focus,65,8,4,4,3,1,0.701257208,0.317603666,1,5176
accuracy focus,65,9,4,4,4,1,0.845479208,1.082194625,0,5176
accuracy focus,65,9,4,4,3,1,0.821269667,0.682711417,1,5176
accuracy focus,65,10,4,4,4,1,0.773527875,0.423699125,0,5176
accuracy focus,65,10,4,8,4,0,0.977896292,0.790907958,1,5176
accuracy focus,66,1,8,5,4,0,1.014418125,0.154105709,0,5210
accuracy focus,66,1,8,6,1,0,0.774778291,0.666340666,1,5210
accuracy focus,66,2,8,6,4,0,0.748668958,0.280984958,0,5210
accuracy focus,66,2,8,6,4,0,0.712576,0.15247325,1,5210
accuracy focus,66,3,8,6,4,0,0.8655345,0.164067667,0,5210
accuracy focus,66,3,8,3,2,0,0.528791833,1.3399845,1,5210
accuracy focus,66,4,8,6,4,0,0.815238208,0.394364458,0,5210
accuracy focus,66,4,8,6,1,0,0.703034458,0.329973792,1,5210
accuracy focus,66,5,8,7,4,0,0.691436542,0.164569291,0,5210
accuracy focus,66,5,8,8,4,1,1.181205458,0.196706083,1,5210
accuracy focus,66,6,8,6,4,0,0.704597542,0.252329291,0,5210
accuracy focus,66,6,8,6,4,0,1.291196292,0.185652792,1,5210
accuracy focus,66,7,8,6,4,0,2.66723325,0.546904459,0,5210
accuracy focus,66,7,8,6,4,0,1.188975,1.005770458,1,5210
accuracy focus,66,8,8,8,2,1,1.074417375,0.50383775,0,5210
accuracy focus,66,8,8,8,3,1,1.01807275,0.531574291,1,5210
accuracy focus,66,9,8,8,2,1,2.478873625,0.499710208,0,5210
accuracy focus,66,9,8,6,4,0,1.000136583,0.595368875,1,5210
accuracy focus,66,10,8,6,4,0,1.331829709,0.648076041,0,5210
accuracy focus,66,10,8,8,4,1,0.754373167,0.313874125,1,5210
accuracy focus,67,1,2,2,4,1,0.905871459,0.427657834,0,5267
accuracy focus,67,1,2,2,4,1,0.635842416,0.202425209,1,5267
accuracy focus,67,2,2,2,4,1,0.888256333,0.17205825,0,5267
accuracy focus,67,2,2,2,4,1,0.942937375,0.168881,1,5267
accuracy focus,67,3,2,2,1,1,1.047598958,0.190442334,0,5267
accuracy focus,67,3,2,2,4,1,0.667972084,1.021149708,1,5267
accuracy focus,67,4,2,2,1,1,0.952391792,0.443865,0,5267
accuracy focus,67,4,2,2,2,1,0.789766166,0.424727292,1,5267
accuracy focus,67,5,2,2,4,1,0.991960292,0.252202125,0,5267
accuracy focus,67,5,2,3,4,0,0.672027291,0.203435375,1,5267
accuracy focus,67,6,2,2,4,1,0.705333042,0.251497917,0,5267
accuracy focus,67,6,2,2,4,1,0.601538375,0.136872375,1,5267
accuracy focus,67,7,2,2,4,1,1.961264917,0.467144125,0,5267
accuracy focus,67,7,2,2,4,1,0.853060458,0.832134291,1,5267
accuracy focus,67,8,2,2,4,1,0.829476125,0.697308167,0,5267
accuracy focus,67,8,2,2,2,1,0.679091,0.438352083,1,5267
accuracy focus,67,9,2,2,4,1,0.693576708,0.562513083,0,5267
accuracy focus,67,9,2,2,4,1,0.790510875,0.475118542,1,5267
accuracy focus,67,10,2,2,4,1,0.795415667,0.219426459,0,5267
accuracy focus,67,10,2,2,4,1,0.7294425,0.280816208,1,5267
accuracy focus,68,1,8,8,4,1,1.074281333,0.200489583,0,5435
accuracy focus,68,1,8,8,4,1,0.714776958,0.185004333,1,5435
accuracy focus,68,2,8,5,4,0,1.387575292,0.697307083,0,5435
accuracy focus,68,2,8,8,3,1,0.769126792,0.63287025,1,5435
accuracy focus,68,3,8,8,4,1,1.123062042,0.476508708,0,5435
accuracy focus,68,3,8,3,3,0,0.646815125,0.946389459,1,5435
accuracy focus,68,4,8,7,2,0,0.923515041,0.620333125,0,5435
accuracy focus,68,4,8,7,2,0,0.736947,0.394269125,1,5435
accuracy focus,68,5,8,7,1,0,1.127138542,0.72812825,0,5435
accuracy focus,68,5,8,8,4,1,0.777246042,0.12763375,1,5435
accuracy focus,68,6,8,8,4,1,0.770905792,0.202553084,0,5435
accuracy focus,68,6,8,8,4,1,0.690121208,0.186239083,1,5435
accuracy focus,68,7,8,8,2,1,2.67292,0.601703666,0,5435
accuracy focus,68,7,8,8,4,1,0.836567042,0.807675584,1,5435
accuracy focus,68,8,8,8,4,1,0.830606084,2.417849208,0,5435
accuracy focus,68,8,8,8,4,1,0.681018125,0.344316042,1,5435
accuracy focus,68,9,8,8,3,1,0.9492405,0.639871,0,5435
accuracy focus,68,9,8,8,4,1,0.889690709,0.407117792,1,5435
accuracy focus,68,10,8,8,4,1,0.860908625,0.314268875,0,5435
accuracy focus,68,10,8,8,4,1,1.575758459,0.48938875,1,5435
accuracy focus,69,1,3,5,3,0,1.521129084,0.505594792,0,5639
accuracy focus,69,1,3,5,4,0,0.7527265,0.25199425,1,5639
accuracy focus,69,2,3,5,4,0,1.187473541,0.201997334,0,5639
accuracy focus,69,2,3,3,2,1,0.782152417,0.716198417,1,5639
accuracy focus,69,3,3,3,2,1,0.88460225,0.4102865,0,5639
accuracy focus,69,3,3,7,4,0,0.714574084,0.915624959,1,5639
accuracy focus,69,4,3,4,3,0,0.694153583,0.330994666,0,5639
accuracy focus,69,4,3,2,1,0,0.831416833,0.458230291,1,5639
accuracy focus,69,5,3,4,4,0,0.648052042,0.189927375,0,5639
accuracy focus,69,5,3,5,1,0,0.753534625,0.744895458,1,5639
accuracy focus,69,6,3,3,4,1,0.982947542,0.248677917,0,5639
accuracy focus,69,6,3,3,4,1,0.784903417,0.23519675,1,5639
accuracy focus,69,7,3,5,4,0,0.935708417,0.373164667,0,5639
accuracy focus,69,7,3,5,3,0,1.098780083,1.084375875,1,5639
accuracy focus,69,8,3,5,4,0,1.197839958,0.757198333,0,5639
accuracy focus,69,8,3,5,4,0,1.244590083,0.464026625,1,5639
accuracy focus,69,9,3,3,2,1,2.757611292,2.876861083,0,5639
accuracy focus,69,9,3,3,4,1,0.978756125,0.839248166,1,5639
accuracy focus,69,10,3,2,3,0,1.01488925,0.61788275,0,5639
accuracy focus,69,10,3,4,1,0,0.819229125,1.706573458,1,5639
accuracy focus,70,1,6,5,2,0,1.05201,0.408865875,0,5661
accuracy focus,70,1,6,6,4,1,1.03175225,0.361979583,1,5661
accuracy focus,70,2,6,6,4,1,1.104645708,0.424328167,0,5661
accuracy focus,70,2,6,6,4,1,0.801622125,0.234482792,1,5661
accuracy focus,70,3,6,6,4,1,0.847869625,0.203164833,0,5661
accuracy focus,70,3,6,3,4,0,0.565675833,1.34031025,1,5661
accuracy focus,70,4,6,6,4,1,0.568605333,0.280542334,0,5661
accuracy focus,70,4,6,6,4,1,0.623517292,0.187612291,1,5661
accuracy focus,70,5,6,6,4,1,0.679101917,0.197558958,0,5661
accuracy focus,70,5,6,6,4,1,0.744838208,0.162477125,1,5661
accuracy focus,70,6,6,6,4,1,0.783892417,0.265412917,0,5661
accuracy focus,70,6,6,6,4,1,0.757998041,0.139746875,1,5661
accuracy focus,70,7,6,6,4,1,2.003211125,0.514983208,0,5661
accuracy focus,70,7,6,6,4,1,0.8639235,0.847076,1,5661
accuracy focus,70,8,6,6,3,1,1.228428958,0.606633833,0,5661
accuracy focus,70,8,6,6,3,1,1.7694965,0.710996833,1,5661
accuracy focus,70,9,6,5,3,0,1.44014075,0.421176833,0,5661
accuracy focus,70,9,6,6,3,1,0.911749167,0.568544583,1,5661
accuracy focus,70,10,6,6,4,1,2.045235458,0.694479709,0,5661
accuracy focus,70,10,6,6,4,1,0.901827916,0.379673542,1,5661
accuracy focus,71,1,7,4,2,0,1.126777042,0.282308417,0,5799
accuracy focus,71,1,7,7,2,1,0.96111375,0.424699,1,5799
accuracy focus,71,2,7,7,4,1,0.927897333,0.29668825,0,5799
accuracy focus,71,2,7,7,4,1,0.816781625,0.169075875,1,5799
accuracy focus,71,3,7,7,2,1,0.933867417,0.416566083,0,5799
accuracy focus,71,3,7,7,2,1,1.031546292,0.516123917,1,5799
accuracy focus,71,4,7,7,2,1,1.070023625,0.37720625,0,5799
accuracy focus,71,4,7,5,1,0,1.1891675,0.378747417,1,5799
accuracy focus,71,5,7,4,4,0,0.627270541,0.171123916,0,5799
accuracy focus,71,5,7,4,1,0,0.928158375,0.212565,1,5799
accuracy focus,71,6,7,7,4,1,1.024083,0.201042083,0,5799
accuracy focus,71,6,7,4,1,0,0.952466541,0.248015916,1,5799
accuracy focus,71,7,7,7,4,1,1.608305917,0.725496583,0,5799
accuracy focus,71,7,7,7,4,1,1.384575709,0.7210005,1,5799
accuracy focus,71,8,7,7,3,1,0.58896,0.896009833,0,5799
accuracy focus,71,8,7,7,4,1,0.982411,0.510694291,1,5799
accuracy focus,71,9,7,7,3,1,0.919568042,1.456665875,0,5799
accuracy focus,71,9,7,7,3,1,0.912739041,2.579808083,1,5799
accuracy focus,71,10,7,7,4,1,1.106193458,0.311752833,0,5799
accuracy focus,71,10,7,7,4,1,1.431121042,0.551696459,1,5799
accuracy focus,72,1,7,7,2,1,2.032620042,0.618111208,0,5888
accuracy focus,72,1,7,5,2,0,6.327120042,0.9543515,1,5888
accuracy focus,72,2,7,7,2,1,1.654121042,0.42215225,0,5888
accuracy focus,72,2,7,5,2,0,1.0645095,0.554641083,1,5888
accuracy focus,72,3,7,7,2,1,1.606644208,0.218260875,0,5888
accuracy focus,72,3,7,2,4,0,0.688050625,1.273380084,1,5888
accuracy focus,72,4,7,2,1,0,0.461686458,0.424342459,0,5888
accuracy focus,72,4,7,8,1,0,1.195916416,0.379105542,1,5888
accuracy focus,72,5,7,5,4,0,1.040186333,0.309947667,0,5888
accuracy focus,72,5,7,7,1,1,0.91292275,0.764971584,1,5888
accuracy focus,72,6,7,4,4,0,0.947602375,0.172562417,0,5888
accuracy focus,72,6,7,7,4,1,0.85563925,0.185347042,1,5888
accuracy focus,72,7,7,6,2,0,2.940840458,0.441858625,0,5888
accuracy focus,72,7,7,2,3,0,0.908330083,0.812720041,1,5888
accuracy focus,72,8,7,7,1,1,1.116895834,0.413955875,0,5888
accuracy focus,72,8,7,2,2,0,1.286592125,0.492154958,1,5888
accuracy focus,72,9,7,2,2,0,2.028769667,0.94692525,0,5888
accuracy focus,72,9,7,2,2,0,1.85777975,0.611144917,1,5888
accuracy focus,72,10,7,4,3,0,1.515578417,0.634157375,0,5888
accuracy focus,72,10,7,7,4,1,1.294952542,0.2982715,1,5888
accuracy focus,73,1,6,6,3,1,0.95182275,0.425380875,0,5910
accuracy focus,73,1,6,3,1,0,0.850681291,0.186136958,1,5910
accuracy focus,73,2,6,6,4,1,0.809643291,0.264391209,0,5910
accuracy focus,73,2,6,6,2,1,0.850795791,0.396605,1,5910
accuracy focus,73,3,6,6,4,1,1.006900209,0.176814417,0,5910
accuracy focus,73,3,6,6,1,1,1.150771542,0.290258959,1,5910
accuracy focus,73,4,6,6,4,1,0.759257292,0.297740667,0,5910
accuracy focus,73,4,6,3,1,0,1.116167791,0.409340334,1,5910
accuracy focus,73,5,6,6,4,1,0.971603083,0.232502958,0,5910
accuracy focus,73,5,6,6,4,1,0.758097584,0.238397375,1,5910
accuracy focus,73,6,6,6,4,1,0.773458625,0.218364125,0,5910
accuracy focus,73,6,6,6,4,1,0.941232708,0.168892792,1,5910
accuracy focus,73,7,6,6,4,1,1.115582584,0.266596,0,5910
accuracy focus,73,7,6,6,3,1,1.665550083,0.552239459,1,5910
accuracy focus,73,8,6,6,4,1,1.170428084,0.517488666,0,5910
accuracy focus,73,8,6,6,4,1,1.3260405,0.593677834,1,5910
accuracy focus,73,9,6,6,3,1,1.07791175,0.941442125,0,5910
accuracy focus,73,9,6,6,3,1,1.038559042,1.262816333,1,5910
accuracy focus,73,10,6,6,4,1,1.226036834,0.315417583,0,5910
accuracy focus,73,10,6,6,4,1,3.633126792,0.503522791,1,5910
accuracy focus,74,1,6,6,3,1,1.32641675,1.624826583,0,5929
accuracy focus,74,1,6,6,4,1,1.043532334,0.168573334,1,5929
accuracy focus,74,2,6,6,4,1,0.749636416,0.284596666,0,5929
accuracy focus,74,2,6,6,4,1,1.002574958,0.346913791,1,5929
accuracy focus,74,3,6,6,2,1,1.730117209,1.689026625,0,5929
accuracy focus,74,3,6,6,2,1,0.700768209,0.363006333,1,5929
accuracy focus,74,4,6,6,4,1,1.117455458,0.42452975,0,5929
accuracy focus,74,4,6,6,2,1,0.999992084,0.364700167,1,5929
accuracy focus,74,5,6,6,4,1,0.754616875,0.177919959,0,5929
accuracy focus,74,5,6,6,4,1,0.624748709,0.189610708,1,5929
accuracy focus,74,6,6,6,4,1,1.342522542,0.186010209,0,5929
accuracy focus,74,6,6,3,4,0,0.730069958,0.156169041,1,5929
accuracy focus,74,7,6,6,4,1,1.244669084,0.59893775,0,5929
accuracy focus,74,7,6,6,4,1,1.918431834,0.758197291,1,5929
accuracy focus,74,8,6,6,2,1,1.3341655,0.68034925,0,5929
accuracy focus,74,8,6,6,3,1,1.545409,0.344902375,1,5929
accuracy focus,74,9,6,6,4,1,1.110569584,1.166802875,0,5929
accuracy focus,74,9,6,6,4,1,0.790228583,0.573155667,1,5929
accuracy focus,74,10,6,6,4,1,1.272711083,0.26430475,0,5929
accuracy focus,74,10,6,6,4,1,1.733322916,0.393125,1,5929
accuracy focus,75,1,2,2,4,1,0.703492625,0.18549675,0,5935
accuracy focus,75,1,2,3,4,0,0.836864458,0.425755583,1,5935
accuracy focus,75,2,2,2,2,1,1.350353792,0.475483667,0,5935
accuracy focus,75,2,2,2,4,1,0.9519455,0.140276667,1,5935
accuracy focus,75,3,2,3,4,0,0.961900792,0.151698917,0,5935
accuracy focus,75,3,2,3,2,0,0.57507425,0.62951875,1,5935
accuracy focus,75,4,2,2,3,1,0.975468167,0.364389125,0,5935
accuracy focus,75,4,2,2,3,1,1.046444417,0.281238667,1,5935
accuracy focus,75,5,2,5,4,0,1.686668917,0.130478292,0,5935
accuracy focus,75,5,2,5,4,0,0.648583166,0.211035084,1,5935
accuracy focus,75,6,2,3,3,0,0.959970958,0.199348333,0,5935
accuracy focus,75,6,2,2,4,1,0.669391542,0.140365542,1,5935
accuracy focus,75,7,2,5,4,0,1.359742958,0.455298584,0,5935
accuracy focus,75,7,2,5,3,0,1.353005292,1.395208333,1,5935
accuracy focus,75,8,2,2,4,1,0.640125,0.472211959,0,5935
accuracy focus,75,8,2,5,2,0,1.136631959,0.352007958,1,5935
accuracy focus,75,9,2,2,4,1,0.756904375,0.493309375,0,5935
accuracy focus,75,9,2,2,4,1,0.763612667,0.614710917,1,5935
accuracy focus,75,10,2,2,4,1,0.881657167,0.841513375,0,5935
accuracy focus,75,10,2,2,4,1,1.092433667,0.297504167,1,5935
accuracy focus,76,1,3,8,1,0,0.961724167,0.764377917,0,5936
accuracy focus,76,1,3,3,4,1,0.764991209,0.233798416,1,5936
accuracy focus,76,2,3,5,4,0,0.753417875,0.139865875,0,5936
accuracy focus,76,2,3,8,4,0,0.80629475,0.425487625,1,5936
accuracy focus,76,3,3,3,1,1,0.82190125,0.476316,0,5936
accuracy focus,76,3,3,3,2,1,0.60873075,0.6379625,1,5936
accuracy focus,76,4,3,2,1,0,1.326131792,0.267000333,0,5936
accuracy focus,76,4,3,2,3,0,2.375231583,0.934800083,1,5936
accuracy focus,76,5,3,5,4,0,1.195475791,0.255909209,0,5936
accuracy focus,76,5,3,3,4,1,0.586404458,0.224363375,1,5936
accuracy focus,76,6,3,5,2,0,1.172292875,0.521174,0,5936
accuracy focus,76,6,3,5,4,0,0.6690485,0.15616525,1,5936
accuracy focus,76,7,3,3,4,1,1.191882916,0.834893834,0,5936
accuracy focus,76,7,3,2,4,0,0.884928917,0.611882208,1,5936
accuracy focus,76,8,3,5,4,0,1.331230917,0.450823417,0,5936
accuracy focus,76,8,3,5,4,0,1.128189917,0.45138775,1,5936
accuracy focus,76,9,3,3,4,1,0.998891542,0.458771583,0,5936
accuracy focus,76,9,3,3,2,1,0.729624917,1.870109042,1,5936
accuracy focus,76,10,3,8,4,0,1.011038417,0.235002333,0,5936
accuracy focus,76,10,3,3,3,1,1.34812275,1.2584595,1,5936
accuracy focus,77,1,1,5,2,0,3.449996625,1.018456833,0,5971
accuracy focus,77,1,1,5,2,0,1.368452166,0.281315625,1,5971
accuracy focus,77,2,1,1,4,1,1.417510125,0.235454541,0,5971
accuracy focus,77,2,1,1,2,1,0.833932292,0.360048625,1,5971
accuracy focus,77,3,1,1,1,1,0.793421667,0.290441417,0,5971
accuracy focus,77,3,1,2,1,0,0.79307825,1.025945625,1,5971
accuracy focus,77,4,1,5,1,0,0.905461,0.278340292,0,5971
accuracy focus,77,4,1,1,2,1,0.765231875,0.37978625,1,5971
accuracy focus,77,5,1,4,4,0,1.068175083,0.149927333,0,5971
accuracy focus,77,5,1,5,4,0,0.6624505,0.182673833,1,5971
accuracy focus,77,6,1,1,1,1,0.611702959,0.567653291,0,5971
accuracy focus,77,6,1,1,4,1,0.568470583,0.218203375,1,5971
accuracy focus,77,7,1,1,4,1,0.833249667,0.752635791,0,5971
accuracy focus,77,7,1,1,4,1,0.815393916,0.665065958,1,5971
accuracy focus,77,8,1,7,1,0,1.309370625,0.691846583,0,5971
accuracy focus,77,8,1,3,4,0,1.600472125,0.338011792,1,5971
accuracy focus,77,9,1,1,3,1,1.005386834,1.664478917,0,5971
accuracy focus,77,9,1,8,2,0,1.657092167,0.6747365,1,5971
accuracy focus,77,10,1,1,4,1,0.725455,0.185566958,0,5971
accuracy focus,77,10,1,1,4,1,2.421127,0.617633708,1,5971
accuracy focus,78,1,4,3,2,0,0.758466708,0.424807333,0,5976
accuracy focus,78,1,4,5,2,0,1.313358458,0.332300458,1,5976
accuracy focus,78,2,4,4,1,1,0.953278792,0.440317,0,5976
accuracy focus,78,2,4,4,3,1,0.96077525,0.283928792,1,5976
accuracy focus,78,3,4,6,1,0,0.834668417,0.891581416,0,5976
accuracy focus,78,3,4,3,1,0,0.693384584,0.636523958,1,5976
accuracy focus,78,4,4,1,2,0,1.289370084,0.473902417,0,5976
accuracy focus,78,4,4,5,2,0,1.0163435,0.310502333,1,5976
accuracy focus,78,5,4,4,4,1,0.966357916,0.210976042,0,5976
accuracy focus,78,5,4,4,4,1,0.584373792,0.268739208,1,5976
accuracy focus,78,6,4,7,3,0,0.998645458,0.247990792,0,5976
accuracy focus,78,6,4,4,4,1,0.626612084,0.139582959,1,5976
accuracy focus,78,7,4,2,3,0,1.571029959,0.433157875,0,5976
accuracy focus,78,7,4,4,3,1,1.512876459,0.638686292,1,5976
accuracy focus,78,8,4,7,1,0,2.282769541,0.486774625,0,5976
accuracy focus,78,8,4,5,4,0,0.883238625,0.298718625,1,5976
accuracy focus,78,9,4,4,1,1,0.993963208,1.201577875,0,5976
accuracy focus,78,9,4,4,2,1,0.957423833,2.554650209,1,5976
accuracy focus,78,10,4,1,3,0,1.378647167,0.45611525,0,5976
accuracy focus,78,10,4,7,4,0,0.97187,0.235352083,1,5976
accuracy focus,79,1,1,3,2,0,0.72731475,0.393525083,0,6013
accuracy focus,79,1,1,3,4,0,0.724096,0.316246042,1,6013
accuracy focus,79,2,1,5,4,0,1.040777375,0.15260225,0,6013
accuracy focus,79,2,1,3,2,0,0.9183065,0.297033542,1,6013
accuracy focus,79,3,1,3,3,0,0.89504875,0.2898905,0,6013
accuracy focus,79,3,1,4,2,0,0.900007958,0.555194334,1,6013
accuracy focus,79,4,1,2,1,0,0.834798542,0.344027417,0,6013
accuracy focus,79,4,1,2,1,0,1.793909917,0.378105709,1,6013
accuracy focus,79,5,1,1,4,1,0.635407125,0.375971791,0,6013
accuracy focus,79,5,1,2,4,0,0.531016875,0.49011825,1,6013
accuracy focus,79,6,1,7,2,0,1.215761416,0.232004292,0,6013
accuracy focus,79,6,1,7,2,0,1.165492,0.152282375,1,6013
accuracy focus,79,7,1,1,4,1,1.466962125,0.580268541,0,6013
accuracy focus,79,7,1,1,3,1,0.980824417,0.872332833,1,6013
accuracy focus,79,8,1,7,1,0,1.275607875,0.420733833,0,6013
accuracy focus,79,8,1,5,2,0,1.071474,0.635249417,1,6013
accuracy focus,79,9,1,4,1,0,1.6388165,0.372844416,0,6013
accuracy focus,79,9,1,3,2,0,0.882935042,0.760877292,1,6013
accuracy focus,79,10,1,6,2,0,1.769764458,0.841871,0,6013
accuracy focus,79,10,1,8,3,0,1.111001167,0.635192292,1,6013
accuracy focus,80,1,2,2,2,1,1.073261542,0.315633333,0,6015
accuracy focus,80,1,2,2,4,1,0.702373291,0.220136375,1,6015
accuracy focus,80,2,2,2,4,1,0.702178875,0.281318083,0,6015
accuracy focus,80,2,2,2,3,1,0.862130042,0.376362458,1,6015
accuracy focus,80,3,2,2,1,1,0.62558675,0.230778708,0,6015
accuracy focus,80,3,2,3,2,0,0.760747708,0.432045625,1,6015
accuracy focus,80,4,2,2,3,1,0.719741834,0.585175166,0,6015
accuracy focus,80,4,2,2,1,1,1.037936333,0.425783625,1,6015
accuracy focus,80,5,2,2,4,1,0.578080625,0.257139417,0,6015
accuracy focus,80,5,2,2,4,1,0.709467292,0.248330083,1,6015
accuracy focus,80,6,2,3,2,0,0.866460375,0.202471084,0,6015
accuracy focus,80,6,2,2,4,1,0.629144917,0.15208625,1,6015
accuracy focus,80,7,2,2,3,1,1.480970958,0.506736583,0,6015
accuracy focus,80,7,2,2,4,1,0.824577833,0.952388375,1,6015
accuracy focus,80,8,2,2,4,1,0.714247208,0.344124167,0,6015
accuracy focus,80,8,2,2,1,1,0.805163208,0.416026833,1,6015
accuracy focus,80,9,2,2,3,1,1.051787583,0.921994917,0,6015
accuracy focus,80,9,2,2,4,1,0.809876916,0.720064959,1,6015
accuracy focus,80,10,2,2,4,1,0.727849291,0.330667834,0,6015
accuracy focus,80,10,2,2,4,1,1.054002417,0.215442542,1,6015
accuracy focus,81,1,4,4,4,1,0.759393125,0.298209709,0,6269
accuracy focus,81,1,4,4,3,1,0.968215541,0.682141375,1,6269
accuracy focus,81,2,4,4,4,1,0.738659083,0.152547208,0,6269
accuracy focus,81,2,4,4,4,1,0.823765916,0.152246834,1,6269
accuracy focus,81,3,4,4,4,1,0.70644575,0.223686375,0,6269
accuracy focus,81,3,4,4,4,1,0.76640575,0.442575084,1,6269
accuracy focus,81,4,4,2,3,0,0.892885625,0.264303959,0,6269
accuracy focus,81,4,4,2,4,0,0.986498833,0.378376875,1,6269
accuracy focus,81,5,4,4,4,1,0.574260833,0.270885583,0,6269
accuracy focus,81,5,4,4,4,1,0.689526666,0.189077,1,6269
accuracy focus,81,6,4,4,4,1,0.829523667,0.169436416,0,6269
accuracy focus,81,6,4,4,4,1,0.618625166,0.152061958,1,6269
accuracy focus,81,7,4,4,4,1,0.919632083,0.346811375,0,6269
accuracy focus,81,7,4,4,4,1,0.775806209,0.352018375,1,6269
accuracy focus,81,8,4,4,4,1,0.699010334,0.43409225,0,6269
accuracy focus,81,8,4,4,2,1,1.209038042,0.324824583,1,6269
accuracy focus,81,9,4,4,4,1,1.038581667,0.432362208,0,6269
accuracy focus,81,9,4,4,4,1,0.765036708,0.985394042,1,6269
accuracy focus,81,10,4,4,4,1,1.523185333,0.568825167,0,6269
accuracy focus,81,10,4,4,4,1,0.731937834,0.345042625,1,6269
accuracy focus,82,1,5,5,2,1,1.357154542,0.604438875,0,6315
accuracy focus,82,1,5,4,1,0,0.63886225,0.777534792,1,6315
accuracy focus,82,2,5,5,4,1,1.101363667,0.136372333,0,6315
accuracy focus,82,2,5,5,4,1,0.780424833,0.247736667,1,6315
accuracy focus,82,3,5,5,4,1,0.920882125,0.091408125,0,6315
accuracy focus,82,3,5,8,2,0,0.747543833,0.754032584,1,6315
accuracy focus,82,4,5,4,1,0,0.6253375,0.284352584,0,6315
accuracy focus,82,4,5,3,1,0,0.75770825,0.507144666,1,6315
accuracy focus,82,5,5,5,4,1,0.875897209,0.130634666,0,6315
accuracy focus,82,5,5,4,4,0,0.773145334,0.175786917,1,6315
accuracy focus,82,6,5,3,4,0,0.826839959,0.21627725,0,6315
accuracy focus,82,6,5,3,4,0,0.707304625,0.122728917,1,6315
accuracy focus,82,7,5,5,4,1,1.341520583,0.456578375,0,6315
accuracy focus,82,7,5,5,4,1,1.635269709,0.719691084,1,6315
accuracy focus,82,8,5,5,4,1,0.889089667,0.744148209,0,6315
accuracy focus,82,8,5,5,4,1,0.868202625,0.351155125,1,6315
accuracy focus,82,9,5,5,3,1,1.3709115,1.196298625,0,6315
accuracy focus,82,9,5,5,4,1,1.405338,0.581298667,1,6315
accuracy focus,82,10,5,5,4,1,1.417244209,0.31510825,0,6315
accuracy focus,82,10,5,3,3,0,1.443335583,3.83232375,1,6315
accuracy focus,83,1,6,6,2,1,1.65164075,0.808094542,0,6326
accuracy focus,83,1,6,8,4,0,0.764645333,0.2196695,1,6326
accuracy focus,83,2,6,6,4,1,0.816115041,0.201703,0,6326
accuracy focus,83,2,6,2,2,0,1.275925667,0.330459209,1,6326
accuracy focus,83,3,6,6,3,1,1.213851708,0.363165167,0,6326
accuracy focus,83,3,6,7,3,0,0.6554305,0.893895583,1,6326
accuracy focus,83,4,6,6,4,1,1.016104709,0.251042917,0,6326
accuracy focus,83,4,6,6,3,1,0.918399709,0.359901584,1,6326
accuracy focus,83,5,6,6,4,1,0.975754291,0.157393458,0,6326
accuracy focus,83,5,6,6,4,1,1.033691667,0.153620917,1,6326
accuracy focus,83,6,6,2,4,0,0.884305792,0.235398792,0,6326
accuracy focus,83,6,6,6,4,1,0.950405042,0.156106,1,6326
accuracy focus,83,7,6,6,4,1,3.637502625,0.6409135,0,6326
accuracy focus,83,7,6,6,4,1,1.669866834,0.464792833,1,6326
accuracy focus,83,8,6,6,4,1,1.297422959,0.704679958,0,6326
accuracy focus,83,8,6,6,4,1,1.44895225,0.352106416,1,6326
accuracy focus,83,9,6,8,1,0,2.17083775,0.579732959,0,6326
accuracy focus,83,9,6,5,2,0,1.3115025,0.687453166,1,6326
accuracy focus,83,10,6,6,4,1,1.190353208,0.390495792,0,6326
accuracy focus,83,10,6,2,4,0,0.96181475,0.427185334,1,6326
accuracy focus,84,1,6,6,2,1,0.831996208,0.762412833,0,6403
accuracy focus,84,1,6,6,4,1,0.876504,0.152309667,1,6403
accuracy focus,84,2,6,6,4,1,0.990463834,0.313927042,0,6403
accuracy focus,84,2,6,6,4,1,0.812589458,0.395210042,1,6403
accuracy focus,84,3,6,7,4,0,0.900015666,0.157239834,0,6403
accuracy focus,84,3,6,6,2,1,0.860338,0.955271083,1,6403
accuracy focus,84,4,6,6,2,1,1.524550833,0.26391975,0,6403
accuracy focus,84,4,6,6,1,1,0.796016917,0.3316375,1,6403
accuracy focus,84,5,6,6,4,1,1.187053625,0.191273417,0,6403
accuracy focus,84,5,6,6,4,1,0.954029708,0.168547833,1,6403
accuracy focus,84,6,6,6,4,1,1.27002625,0.15545825,0,6403
accuracy focus,84,6,6,6,4,1,0.812590042,0.169051625,1,6403
accuracy focus,84,7,6,6,4,1,1.328338125,0.552406875,0,6403
accuracy focus,84,7,6,6,4,1,0.941729791,0.511424917,1,6403
accuracy focus,84,8,6,6,2,1,1.505826083,0.452021125,0,6403
accuracy focus,84,8,6,6,4,1,1.047919417,0.494381375,1,6403
accuracy focus,84,9,6,5,2,0,1.62566025,0.761996416,0,6403
accuracy focus,84,9,6,6,3,1,0.939937417,0.939334,1,6403
accuracy focus,84,10,6,6,4,1,1.158200292,0.347459917,0,6403
accuracy focus,84,10,6,6,4,1,0.609271,0.280899625,1,6403
accuracy focus,85,1,8,8,2,1,0.91274375,0.649259125,0,6436
accuracy focus,85,1,8,8,4,1,0.846628834,0.20232875,1,6436
accuracy focus,85,2,8,1,1,0,1.225520459,0.20205875,0,6436
accuracy focus,85,2,8,7,4,0,0.973647125,0.201725208,1,6436
accuracy focus,85,3,8,6,4,0,0.903233458,0.336592542,0,6436
accuracy focus,85,3,8,2,1,0,0.780965333,1.024217958,1,6436
accuracy focus,85,4,8,8,4,1,0.954654791,0.360221333,0,6436
accuracy focus,85,4,8,2,1,0,1.386014542,0.394300916,1,6436
accuracy focus,85,5,8,2,4,0,1.040822541,0.150321,0,6436
accuracy focus,85,5,8,2,4,0,0.585395917,0.183290334,1,6436
accuracy focus,85,6,8,3,2,0,0.682033541,0.169048416,0,6436
accuracy focus,85,6,8,7,4,0,0.703455458,0.2021605,1,6436
accuracy focus,85,7,8,8,4,1,1.025024083,0.427275125,0,6436
accuracy focus,85,7,8,2,4,0,0.8771655,0.945304375,1,6436
accuracy focus,85,8,8,8,3,1,0.984234292,0.758696791,0,6436
accuracy focus,85,8,8,8,4,1,1.110997667,0.444908584,1,6436
accuracy focus,85,9,8,6,2,0,1.443141333,0.674215708,0,6436
accuracy focus,85,9,8,8,3,1,1.075033625,0.653934,1,6436
accuracy focus,85,10,8,3,2,0,4.110427875,0.970183667,0,6436
accuracy focus,85,10,8,7,4,0,0.646965542,0.284249417,1,6436
accuracy focus,86,1,1,7,2,0,1.742531083,0.3752075,0,5328
accuracy focus,86,1,1,7,4,0,0.830939417,0.2024745,1,5328
accuracy focus,86,2,1,7,2,0,0.88329025,0.313402291,0,5328
accuracy focus,86,2,1,7,2,0,0.931562208,0.3272625,1,5328
accuracy focus,86,3,1,7,2,0,1.051200541,0.370579708,0,5328
accuracy focus,86,3,1,7,1,0,1.019490125,0.331428959,1,5328
accuracy focus,86,4,1,2,1,0,0.777398917,0.284288292,0,5328
accuracy focus,86,4,1,6,2,0,1.042602375,0.361330041,1,5328
accuracy focus,86,5,1,7,4,0,0.922742333,0.190608875,0,5328
accuracy focus,86,5,1,7,4,0,0.991024583,0.26056775,1,5328
accuracy focus,86,6,1,7,4,0,0.669323125,0.234422333,0,5328
accuracy focus,86,6,1,7,4,0,0.735627125,0.121433709,1,5328
accuracy focus,86,7,1,1,4,1,0.826683917,0.432907542,0,5328
accuracy focus,86,7,1,1,4,1,0.969292875,0.932658084,1,5328
accuracy focus,86,8,1,7,4,0,0.652319833,0.363786125,0,5328
accuracy focus,86,8,1,7,4,0,0.832091625,0.378573958,1,5328
accuracy focus,86,9,1,1,2,1,2.378499584,0.615344625,0,5328
accuracy focus,86,9,1,7,3,0,0.926808459,2.628949209,1,5328
accuracy focus,86,10,1,7,4,0,0.9879375,0.28118575,0,5328
accuracy focus,86,10,1,7,3,0,1.183973541,0.265666625,1,5328
accuracy focus,87,1,3,3,4,1,0.636364209,0.231910541,0,6536
accuracy focus,87,1,3,3,4,1,0.651469791,0.185879042,1,6536
accuracy focus,87,2,3,1,2,0,1.307517041,0.6016165,0,6536
accuracy focus,87,2,3,3,4,1,0.916836041,0.185734417,1,6536
accuracy focus,87,3,3,3,1,1,0.806890375,0.4431425,0,6536
accuracy focus,87,3,3,3,4,1,0.727197542,0.615108916,1,6536
accuracy focus,87,4,3,3,2,1,1.088197917,0.34403975,0,6536
accuracy focus,87,4,3,3,1,1,0.78305525,0.458480083,1,6536
accuracy focus,87,5,3,6,4,0,0.809673333,0.190990417,0,6536
accuracy focus,87,5,3,2,1,0,0.774841667,1.278440292,1,6536
accuracy focus,87,6,3,3,4,1,0.844994042,0.188682833,0,6536
accuracy focus,87,6,3,3,4,1,0.727107667,0.53931025,1,6536
accuracy focus,87,7,3,3,4,1,0.911818708,0.419938125,0,6536
accuracy focus,87,7,3,7,4,0,1.404305292,0.399182416,1,6536
accuracy focus,87,8,3,3,4,1,1.907210292,4.59029075,0,6536
accuracy focus,87,8,3,3,2,1,0.982494542,0.442540375,1,6536
accuracy focus,87,9,3,3,4,1,0.681463958,0.552931625,0,6536
accuracy focus,87,9,3,3,4,1,0.763784333,0.936057834,1,6536
accuracy focus,87,10,3,7,3,0,1.124304583,1.113296667,0,6536
accuracy focus,87,10,3,3,4,1,0.994666792,0.3436065,1,6536
accuracy focus,88,1,8,3,4,0,2.019495708,0.551955167,0,6613
accuracy focus,88,1,8,8,4,1,0.801285834,0.216169959,1,6613
accuracy focus,88,2,8,7,2,0,1.618482083,0.169312042,0,6613
accuracy focus,88,2,8,7,1,0,1.10220975,0.284274458,1,6613
accuracy focus,88,3,8,8,4,1,0.88011075,0.430386458,0,6613
accuracy focus,88,3,8,7,2,0,0.740583167,0.5352755,1,6613
accuracy focus,88,4,8,6,1,0,0.770117584,0.393828875,0,6613
accuracy focus,88,4,8,1,1,0,0.818832208,0.601433875,1,6613
accuracy focus,88,5,8,6,4,0,0.986839042,0.176721917,0,6613
accuracy focus,88,5,8,7,4,0,0.859446625,0.162040167,1,6613
accuracy focus,88,6,8,7,4,0,0.8319345,0.1395735,0,6613
accuracy focus,88,6,8,7,2,0,1.266056834,0.139597292,1,6613
accuracy focus,88,7,8,7,2,0,1.225837667,0.378612833,0,6613
accuracy focus,88,7,8,3,4,0,1.031896708,0.845311416,1,6613
accuracy focus,88,8,8,6,1,0,1.20874375,0.788528417,0,6613
accuracy focus,88,8,8,7,4,0,0.642210875,0.322933375,1,6613
accuracy focus,88,9,8,7,4,0,0.750626291,0.586749917,0,6613
accuracy focus,88,9,8,7,2,0,0.891126333,1.118199375,1,6613
accuracy focus,88,10,8,7,4,0,0.906823458,0.248234792,0,6613
accuracy focus,88,10,8,7,4,0,0.767712416,0.312052542,1,6613
accuracy focus,89,1,2,2,4,1,0.563980792,0.329970584,0,6636
accuracy focus,89,1,2,2,4,1,0.738135709,0.217905334,1,6636
accuracy focus,89,2,2,2,3,1,1.003207125,0.747896042,0,6636
accuracy focus,89,2,2,2,4,1,0.682484333,0.169317166,1,6636
accuracy focus,89,3,2,3,3,0,1.153099,0.350694167,0,6636
accuracy focus,89,3,2,2,4,1,0.670009125,0.750542125,1,6636
accuracy focus,89,4,2,2,4,1,0.839664083,0.443860083,0,6636
accuracy focus,89,4,2,2,4,1,0.983145917,0.600983417,1,6636
accuracy focus,89,5,2,2,4,1,0.611077958,0.516406667,0,6636
accuracy focus,89,5,2,2,4,1,0.60806725,0.197601666,1,6636
accuracy focus,89,6,2,2,4,1,0.625767416,0.263978292,0,6636
accuracy focus,89,6,2,3,2,0,0.5849065,0.313780125,1,6636
accuracy focus,89,7,2,2,4,1,0.751334542,0.308839083,0,6636
accuracy focus,89,7,2,2,4,1,1.037873333,0.890924833,1,6636
accuracy focus,89,8,2,2,3,1,0.915197542,0.633776917,0,6636
accuracy focus,89,8,2,2,4,1,0.697323292,0.390942667,1,6636
accuracy focus,89,9,2,2,2,1,1.097709834,0.926466041,0,6636
accuracy focus,89,9,2,2,4,1,0.784986041,0.488206917,1,6636
accuracy focus,89,10,2,2,4,1,0.690606041,0.364213666,0,6636
accuracy focus,89,10,2,2,3,1,1.390750791,0.713339792,1,6636
accuracy focus,90,1,8,8,4,1,1.064595,0.711501542,0,6817
accuracy focus,90,1,8,8,4,1,0.740745917,0.168658125,1,6817
accuracy focus,90,2,8,8,4,1,0.982985042,0.201826542,0,6817
accuracy focus,90,2,8,8,4,1,0.882313334,0.188902417,1,6817
accuracy focus,90,3,8,8,4,1,0.714106916,0.124683583,0,6817
accuracy focus,90,3,8,8,2,1,0.789432875,0.450299875,1,6817
accuracy focus,90,4,8,6,2,0,1.600859333,0.409857875,0,6817
accuracy focus,90,4,8,2,1,0,0.972766458,0.424797708,1,6817
accuracy focus,90,5,8,6,4,0,0.668592333,0.104152792,0,6817
accuracy focus,90,5,8,8,4,1,0.560801625,0.279014917,1,6817
accuracy focus,90,6,8,2,4,0,0.711968375,0.16923175,0,6817
accuracy focus,90,6,8,2,1,0,0.747874416,0.202093333,1,6817
accuracy focus,90,7,8,8,3,1,1.40248075,0.550155,0,6817
accuracy focus,90,7,8,8,4,1,0.771809459,0.764629209,1,6817
accuracy focus,90,8,8,8,4,1,1.263486959,0.595800792,0,6817
accuracy focus,90,8,8,8,3,1,1.19732875,0.486391875,1,6817
accuracy focus,90,9,8,8,4,1,0.87077675,1.909371625,0,6817
accuracy focus,90,9,8,8,3,1,0.784302,1.005870375,1,6817
accuracy focus,90,10,8,8,3,1,1.499781959,0.602145792,0,6817
accuracy focus,90,10,8,8,4,1,1.229837333,0.55266425,1,6817
accuracy focus,91,1,2,2,4,1,0.982010875,0.201832458,0,6832
accuracy focus,91,1,2,8,1,0,0.696573333,0.392488833,1,6832
accuracy focus,91,2,2,2,4,1,0.827791667,0.231450583,0,6832
accuracy focus,91,2,2,7,4,0,0.78600825,0.28053025,1,6832
accuracy focus,91,3,2,2,4,1,0.594147792,0.157592916,0,6832
accuracy focus,91,3,2,2,3,1,0.608585834,1.22020375,1,6832
accuracy focus,91,4,2,7,1,0,1.147401958,0.44099275,0,6832
accuracy focus,91,4,2,8,3,0,0.85420325,0.411042792,1,6832
accuracy focus,91,5,2,2,4,1,0.819375208,0.178505375,0,6832
accuracy focus,91,5,2,2,4,1,0.734662291,0.286196083,1,6832
accuracy focus,91,6,2,7,4,0,0.695423708,0.136296375,0,6832
accuracy focus,91,6,2,2,4,1,0.694399458,0.16926825,1,6832
accuracy focus,91,7,2,2,3,1,0.73533975,0.479695458,0,6832
accuracy focus,91,7,2,2,4,1,0.847606208,0.905708208,1,6832
accuracy focus,91,8,2,8,4,0,1.311947875,0.477462042,0,6832
accuracy focus,91,8,2,2,1,1,1.533373625,0.925541334,1,6832
accuracy focus,91,9,2,7,4,0,1.1116975,0.44630925,0,6832
accuracy focus,91,9,2,3,4,0,0.838063417,0.5393175,1,6832
accuracy focus,91,10,2,2,4,1,1.328643958,0.235496833,0,6832
accuracy focus,91,10,2,2,4,1,0.8462505,0.231414416,1,6832
accuracy focus,92,1,2,2,4,1,0.679542291,0.4084055,0,7013
accuracy focus,92,1,2,2,4,1,0.840412083,0.186477417,1,7013
accuracy focus,92,2,2,2,4,1,0.75109125,0.201395875,0,7013
accuracy focus,92,2,2,2,3,1,0.951660583,0.666876667,1,7013
accuracy focus,92,3,2,2,4,1,0.622316333,0.881973667,0,7013
accuracy focus,92,3,2,2,2,1,0.711636167,0.642593792,1,7013
accuracy focus,92,4,2,2,3,1,0.966508417,0.314661709,0,7013
accuracy focus,92,4,2,2,4,1,0.685595,0.331172125,1,7013
accuracy focus,92,5,2,4,4,0,0.653449541,0.210798875,0,7013
accuracy focus,92,5,2,2,4,1,0.615674958,0.266246917,1,7013
accuracy focus,92,6,2,2,3,1,0.704613208,0.650762542,0,7013
accuracy focus,92,6,2,2,4,1,0.818677875,0.63460025,1,7013
accuracy focus,92,7,2,2,3,1,1.289805833,0.507730458,0,7013
accuracy focus,92,7,2,2,4,1,0.944829416,0.794543792,1,7013
accuracy focus,92,8,2,2,4,1,0.782900458,0.318358667,0,7013
accuracy focus,92,8,2,2,3,1,1.376285542,1.185242959,1,7013
accuracy focus,92,9,2,2,3,1,1.07231475,1.437197208,0,7013
accuracy focus,92,9,2,2,4,1,0.905450916,0.451929416,1,7013
accuracy focus,92,10,2,7,3,0,1.597319583,1.382626958,0,7013
accuracy focus,92,10,2,2,4,1,0.823107625,0.297074084,1,7013
accuracy focus,93,1,5,8,2,0,1.093372375,0.376264333,0,7078
accuracy focus,93,1,5,8,2,0,1.032021292,0.648245291,1,7078
accuracy focus,93,2,5,6,1,0,1.353654917,0.521535041,0,7078
accuracy focus,93,2,5,8,4,0,0.918253542,0.152549833,1,7078
accuracy focus,93,3,5,7,1,0,1.060328042,0.277101334,0,7078
accuracy focus,93,3,5,7,2,0,1.01287975,0.849342375,1,7078
accuracy focus,93,4,5,7,1,0,1.058081459,0.504584875,0,7078
accuracy focus,93,4,5,2,1,0,0.692682292,0.571471084,1,7078
accuracy focus,93,5,5,4,4,0,1.08730175,0.416789,0,7078
accuracy focus,93,5,5,7,4,0,1.128748583,0.19587,1,7078
accuracy focus,93,6,5,7,1,0,0.9595455,0.375308417,0,7078
accuracy focus,93,6,5,8,4,0,0.948647584,0.202658375,1,7078
accuracy focus,93,7,5,8,4,0,0.795430167,0.401697042,0,7078
accuracy focus,93,7,5,5,4,1,1.324578667,0.525577292,1,7078
accuracy focus,93,8,5,5,4,1,0.975285667,0.554922542,0,7078
accuracy focus,93,8,5,4,2,0,0.839354125,0.298060042,1,7078
accuracy focus,93,9,5,7,4,0,1.103754542,2.5846415,0,7078
accuracy focus,93,9,5,7,2,0,0.856355792,1.231097416,1,7078
accuracy focus,93,10,5,5,4,1,1.725322292,0.376730375,0,7078
accuracy focus,93,10,5,8,4,0,1.590475666,1.160098166,1,7078
accuracy focus,94,1,1,6,1,0,1.98856975,1.689719917,0,7233
accuracy focus,94,1,1,8,1,0,0.793423708,0.299833084,1,7233
accuracy focus,94,2,1,1,4,1,0.8634405,0.186132834,0,7233
accuracy focus,94,2,1,1,3,1,1.321345084,0.330250667,1,7233
accuracy focus,94,3,1,1,1,1,0.787547792,0.236609875,0,7233
accuracy focus,94,3,1,2,1,0,0.913937708,0.5627945,1,7233
accuracy focus,94,4,1,8,1,0,1.143893208,0.234527417,0,7233
accuracy focus,94,4,1,1,1,1,1.496974292,1.3824625,1,7233
accuracy focus,94,5,1,1,4,1,0.7312475,0.196636291,0,7233
accuracy focus,94,5,1,1,1,1,1.446443209,0.242905042,1,7233
accuracy focus,94,6,1,8,1,0,0.950311166,0.492147458,0,7233
accuracy focus,94,6,1,1,1,1,0.801298708,0.136693542,1,7233
accuracy focus,94,7,1,8,4,0,1.124203584,0.800403625,0,7233
accuracy focus,94,7,1,1,4,1,0.818908625,0.4054935,1,7233
accuracy focus,94,8,1,7,2,0,1.355174125,0.624626542,0,7233
accuracy focus,94,8,1,7,3,0,0.852936708,0.350788334,1,7233
accuracy focus,94,9,1,7,2,0,1.173212666,0.6804395,0,7233
accuracy focus,94,9,1,3,1,0,1.0857295,1.103342584,1,7233
accuracy focus,94,10,1,4,2,0,1.782431333,0.488612708,0,7233
accuracy focus,94,10,1,8,1,0,2.702481292,0.426062042,1,7233
accuracy focus,95,1,5,5,3,1,0.7374825,0.600326375,0,7542
accuracy focus,95,1,5,5,2,1,1.35463375,0.378887333,1,7542
accuracy focus,95,2,5,3,1,0,1.446541458,0.470897166,0,7542
accuracy focus,95,2,5,5,2,1,1.1456995,0.569889958,1,7542
accuracy focus,95,3,5,2,2,0,1.550882875,0.258037708,0,7542
accuracy focus,95,3,5,4,2,0,1.479325375,0.561982417,1,7542
accuracy focus,95,4,5,3,1,0,1.053685125,0.251011583,0,7542
accuracy focus,95,4,5,5,1,1,1.309580292,0.425569292,1,7542
accuracy focus,95,5,5,3,4,0,0.896571709,0.346695333,0,7542
accuracy focus,95,5,5,6,4,0,0.905894834,0.189707875,1,7542
accuracy focus,95,6,5,4,1,0,0.780552,0.280542458,0,7542
accuracy focus,95,6,5,4,4,0,0.754825542,0.248479,1,7542
accuracy focus,95,7,5,8,2,0,1.084662084,0.434491833,0,7542
accuracy focus,95,7,5,7,2,0,6.429184625,1.165277,1,7542
accuracy focus,95,8,5,5,4,1,1.186604584,1.211847125,0,7542
accuracy focus,95,8,5,2,1,0,2.143925,0.618814042,1,7542
accuracy focus,95,9,5,5,3,1,1.590600041,0.374752667,0,7542
accuracy focus,95,9,5,3,2,0,2.115356208,0.981147375,1,7542
accuracy focus,95,10,5,2,2,0,1.625694125,1.305366667,0,7542
accuracy focus,95,10,5,8,3,0,1.190055917,0.585235,1,7542
accuracy focus,96,1,3,3,4,1,0.792692375,0.428404917,0,7544
accuracy focus,96,1,3,3,4,1,0.807047334,0.16938725,1,7544
accuracy focus,96,2,3,8,4,0,1.422165041,0.409401875,0,7544
accuracy focus,96,2,3,3,4,1,0.760946458,0.168591833,1,7544
accuracy focus,96,3,3,3,4,1,0.715418958,0.323988166,0,7544
accuracy focus,96,3,3,3,1,1,0.774728208,0.303369667,1,7544
accuracy focus,96,4,3,2,1,0,1.179737917,0.314060083,0,7544
accuracy focus,96,4,3,3,1,1,0.96733675,0.393901208,1,7544
accuracy focus,96,5,3,2,4,0,0.856790292,0.264749208,0,7544
accuracy focus,96,5,3,3,4,1,0.655266416,0.252008,1,7544
accuracy focus,96,6,3,2,4,0,0.944958667,0.268686166,0,7544
accuracy focus,96,6,3,3,4,1,0.689324625,0.13626,1,7544
accuracy focus,96,7,3,8,4,0,1.158028709,0.452209083,0,7544
accuracy focus,96,7,3,3,2,1,1.189296334,0.98409225,1,7544
accuracy focus,96,8,3,3,2,1,1.14019425,0.747336667,0,7544
accuracy focus,96,8,3,3,2,1,0.814630166,0.502998208,1,7544
accuracy focus,96,9,3,3,3,1,1.101617958,1.51021925,0,7544
accuracy focus,96,9,3,3,3,1,0.926302208,0.515988958,1,7544
accuracy focus,96,10,3,8,3,0,1.6543405,0.489021667,0,7544
accuracy focus,96,10,3,8,4,0,0.892501208,0.330239584,1,7544
accuracy focus,97,1,1,1,3,1,0.618350542,0.394551334,0,3895
accuracy focus,97,1,1,3,4,0,0.992210417,0.215141792,1,3895
accuracy focus,97,2,1,6,2,0,1.168329334,0.458706209,0,3895
accuracy focus,97,2,1,6,4,0,0.928991125,0.218213958,1,3895
accuracy focus,97,3,1,7,2,0,1.736187125,0.170801917,0,3895
accuracy focus,97,3,1,7,2,0,0.615787542,0.336958292,1,3895
accuracy focus,97,4,1,6,2,0,1.493465625,0.411345875,0,3895
accuracy focus,97,4,1,1,3,1,0.297208208,0.792132833,1,3895
accuracy focus,97,5,1,1,4,1,0.796040125,0.210220792,0,3895
accuracy focus,97,5,1,4,4,0,0.648568333,0.3075505,1,3895
accuracy focus,97,6,1,7,2,0,0.930263709,0.218524417,0,3895
accuracy focus,97,6,1,7,4,0,0.924766167,0.187791291,1,3895
accuracy focus,97,7,1,6,2,0,1.140792458,0.31953825,0,3895
accuracy focus,97,7,1,7,4,0,0.948228292,1.004163625,1,3895
accuracy focus,97,8,1,1,3,1,1.8027195,0.502820208,0,3895
accuracy focus,97,8,1,7,1,0,1.744586958,0.631665,1,3895
accuracy focus,97,9,1,7,2,0,1.920839708,1.270667875,0,3895
accuracy focus,97,9,1,7,2,0,1.087072708,1.598793292,1,3895
accuracy focus,97,10,1,1,4,1,0.962519042,0.188983291,0,3895
accuracy focus,97,10,1,6,3,0,1.706966833,0.634547709,1,3895
accuracy focus,98,1,6,6,2,1,1.070287,1.177034292,0,7671
accuracy focus,98,1,6,6,4,1,1.046445625,0.281773166,1,7671
accuracy focus,98,2,6,6,4,1,0.793055833,0.313857583,0,7671
accuracy focus,98,2,6,6,4,1,1.188804541,0.220217542,1,7671
accuracy focus,98,3,6,6,3,1,0.928771334,0.171299416,0,7671
accuracy focus,98,3,6,5,1,0,0.848316958,0.602833667,1,7671
accuracy focus,98,4,6,1,1,0,1.455939416,0.35744025,0,7671
accuracy focus,98,4,6,8,1,0,1.649100208,0.298093834,1,7671
accuracy focus,98,5,6,5,4,0,0.747126167,0.284045,0,7671
accuracy focus,98,5,6,6,4,1,0.861517459,0.169402917,1,7671
accuracy focus,98,6,6,6,4,1,0.963961458,0.152401459,0,7671
accuracy focus,98,6,6,6,4,1,0.756549583,0.156027125,1,7671
accuracy focus,98,7,6,6,4,1,2.766431666,1.226495125,0,7671
accuracy focus,98,7,6,6,4,1,1.182719167,0.458696958,1,7671
accuracy focus,98,8,6,6,2,1,1.262790709,0.763700708,0,7671
accuracy focus,98,8,6,5,4,0,1.172057458,0.31687825,1,7671
accuracy focus,98,9,6,6,4,1,1.337772458,0.658511167,0,7671
accuracy focus,98,9,6,5,3,0,1.184161041,2.487497416,1,7671
accuracy focus,98,10,6,4,3,0,1.045279167,1.467788917,0,7671
accuracy focus,98,10,6,6,4,1,1.578510083,0.330019292,1,7671
accuracy focus,99,1,3,3,4,1,0.713001542,0.24688625,0,7691
accuracy focus,99,1,3,3,4,1,0.780047292,0.29768575,1,7691
accuracy focus,99,2,3,3,4,1,0.76094825,0.264008583,0,7691
accuracy focus,99,2,3,3,4,1,0.815955458,0.153141792,1,7691
accuracy focus,99,3,3,3,4,1,0.753910625,0.183404917,0,7691
accuracy focus,99,3,3,3,3,1,0.772754125,1.053616083,1,7691
accuracy focus,99,4,3,3,1,1,1.195815417,0.396227,0,7691
accuracy focus,99,4,3,3,1,1,1.059853208,0.508567625,1,7691
accuracy focus,99,5,3,2,4,0,0.614370833,0.304291959,0,7691
accuracy focus,99,5,3,3,4,1,0.833489125,0.264315375,1,7691
accuracy focus,99,6,3,3,2,1,1.603402625,0.761362792,0,7691
accuracy focus,99,6,3,4,4,0,0.839108125,0.185135416,1,7691
accuracy focus,99,7,3,3,4,1,1.770408709,0.59139325,0,7691
accuracy focus,99,7,3,3,2,1,0.839604417,0.88144075,1,7691
accuracy focus,99,8,3,3,3,1,0.829256125,0.514550167,0,7691
accuracy focus,99,8,3,3,4,1,0.856657292,0.545766375,1,7691
accuracy focus,99,9,3,7,2,0,0.928911959,0.602442625,0,7691
accuracy focus,99,9,3,3,3,1,2.087602,0.718632459,1,7691
accuracy focus,99,10,3,3,2,1,1.319169167,1.402602625,0,7691
accuracy focus,99,10,3,8,3,0,1.10902225,0.506046666,1,7691
accuracy focus,100,1,2,2,4,1,0.614051625,0.279095667,0,7773
accuracy focus,100,1,2,2,4,1,0.844187541,0.215590666,1,7773
accuracy focus,100,2,2,2,4,1,0.877997917,0.231605,0,7773
accuracy focus,100,2,2,2,4,1,0.855565625,0.230941625,1,7773
accuracy focus,100,3,2,2,4,1,0.707294042,0.177466875,0,7773
accuracy focus,100,3,2,2,3,1,0.601013917,0.912672583,1,7773
accuracy focus,100,4,2,2,3,1,0.75024875,0.537740042,0,7773
accuracy focus,100,4,2,2,4,1,1.078017166,0.410431375,1,7773
accuracy focus,100,5,2,2,4,1,0.685453375,0.204191291,0,7773
accuracy focus,100,5,2,2,4,1,0.545201791,0.513986833,1,7773
accuracy focus,100,6,2,2,4,1,0.668770959,0.185607375,0,7773
accuracy focus,100,6,2,2,4,1,0.55394075,0.1530105,1,7773
accuracy focus,100,7,2,2,4,1,0.781428625,0.434603333,0,7773
accuracy focus,100,7,2,2,4,1,2.109413542,0.734083584,1,7773
accuracy focus,100,8,2,2,3,1,0.792483,1.723284583,0,7773
accuracy focus,100,8,2,2,4,1,0.788578458,0.397906459,1,7773
accuracy focus,100,9,2,2,4,1,0.636131125,0.279051792,0,7773
accuracy focus,100,9,2,2,4,1,0.716902833,0.232158625,1,7773
accuracy focus,100,10,2,2,4,1,0.785586292,0.330486333,0,7773
accuracy focus,100,10,2,7,4,0,1.006478833,2.6188125,1,7773
accuracy focus,101,1,6,6,4,1,1.093749584,0.345879584,0,8042
accuracy focus,101,1,6,6,4,1,0.6277495,0.252471417,1,8042
accuracy focus,101,2,6,6,4,1,0.760692708,0.280893875,0,8042
accuracy focus,101,2,6,6,4,1,0.694035667,0.152254333,1,8042
accuracy focus,101,3,6,6,2,1,1.125568417,0.528983584,0,8042
accuracy focus,101,3,6,3,2,0,0.926896875,0.848745791,1,8042
accuracy focus,101,4,6,2,1,0,0.847673166,0.297584375,0,8042
accuracy focus,101,4,6,6,2,1,0.9356115,0.327729208,1,8042
accuracy focus,101,5,6,7,4,0,1.093207375,0.257617042,0,8042
accuracy focus,101,5,6,6,4,1,0.743669625,0.181970959,1,8042
accuracy focus,101,6,6,4,2,0,0.853431083,0.442042,0,8042
accuracy focus,101,6,6,6,4,1,0.808334125,0.168818917,1,8042
accuracy focus,101,7,6,6,4,1,1.310884167,0.714131708,0,8042
accuracy focus,101,7,6,6,4,1,0.917095042,0.84404675,1,8042
accuracy focus,101,8,6,6,3,1,0.997880333,0.503945542,0,8042
accuracy focus,101,8,6,6,3,1,1.029741458,0.479017875,1,8042
accuracy focus,101,9,6,6,4,1,1.021865667,3.337796291,0,8042
accuracy focus,101,9,6,6,3,1,1.399212459,2.386091417,1,8042
accuracy focus,101,10,6,6,4,1,2.036423,0.568162875,0,8042
accuracy focus,101,10,6,8,4,0,0.6799845,0.235209791,1,8042
accuracy focus,102,1,4,6,2,0,0.90966525,0.919410708,0,8096
accuracy focus,102,1,4,4,1,1,1.129853083,1.304183875,1,8096
accuracy focus,102,2,4,4,2,1,1.541261667,0.601259667,0,8096
accuracy focus,102,2,4,4,4,1,0.746708875,0.185495542,1,8096
accuracy focus,102,3,4,4,4,1,0.757404041,0.183926958,0,8096
accuracy focus,102,3,4,6,2,0,0.9734705,0.549430041,1,8096
accuracy focus,102,4,4,1,1,0,1.107197375,0.810752708,0,8096
accuracy focus,102,4,4,7,2,0,0.814319875,0.391419625,1,8096
accuracy focus,102,5,4,1,4,0,0.867272917,0.416252459,0,8096
accuracy focus,102,5,4,4,4,1,0.710993166,0.182928167,1,8096
accuracy focus,102,6,4,7,3,0,0.807045083,0.297483208,0,8096
accuracy focus,102,6,4,4,4,1,0.669948875,0.152346667,1,8096
accuracy focus,102,7,4,1,1,0,1.07111575,0.440466875,0,8096
accuracy focus,102,7,4,3,2,0,1.270887958,0.605228208,1,8096
accuracy focus,102,8,4,4,3,1,0.945537125,1.238226291,0,8096
accuracy focus,102,8,4,4,4,1,0.793850333,0.40546825,1,8096
accuracy focus,102,9,4,7,3,0,1.110592125,2.314789833,0,8096
accuracy focus,102,9,4,4,2,1,1.597954625,1.067005666,1,8096
accuracy focus,102,10,4,4,4,1,1.121087458,0.52256875,0,8096
accuracy focus,102,10,4,4,4,1,1.587992333,0.633724708,1,8096
accuracy focus,103,1,7,7,4,1,1.182065292,0.727640041,0,8204
accuracy focus,103,1,7,7,4,1,1.084605583,0.166939041,1,8204
accuracy focus,103,2,7,7,1,1,1.345832334,0.58504075,0,8204
accuracy focus,103,2,7,7,4,1,0.838963083,0.214891375,1,8204
accuracy focus,103,3,7,7,2,1,0.727391542,0.649903,0,8204
accuracy focus,103,3,7,7,2,1,0.64113225,0.622820792,1,8204
accuracy focus,103,4,7,2,3,0,0.719868083,0.42406275,0,8204
accuracy focus,103,4,7,7,2,1,0.631982417,0.218666459,1,8204
accuracy focus,103,5,7,4,4,0,1.213590791,0.251299375,0,8204
accuracy focus,103,5,7,7,4,1,0.868741917,0.215077208,1,8204
accuracy focus,103,6,7,7,4,1,0.765242083,0.156455916,0,8204
accuracy focus,103,6,7,7,4,1,0.92787575,0.106352,1,8204
accuracy focus,103,7,7,2,4,0,1.029103583,0.562254459,0,8204
accuracy focus,103,7,7,2,3,0,1.497963042,0.525604916,1,8204
accuracy focus,103,8,7,7,4,1,1.3602595,0.800295417,0,8204
accuracy focus,103,8,7,7,4,1,1.181271834,0.409872292,1,8204
accuracy focus,103,9,7,7,2,1,0.924051833,0.800243625,0,8204
accuracy focus,103,9,7,7,4,1,1.038383416,0.6488845,1,8204
accuracy focus,103,10,7,2,4,0,0.799614416,0.330202792,0,8204
accuracy focus,103,10,7,2,4,0,0.783351292,0.2649555,1,8204
accuracy focus,104,1,4,3,1,0,0.6183845,0.8416835,0,8435
accuracy focus,104,1,4,4,4,1,0.765182375,0.582869542,1,8435
accuracy focus,104,2,4,4,4,1,0.814222709,0.184074708,0,8435
accuracy focus,104,2,4,4,4,1,0.641327625,0.201651833,1,8435
accuracy focus,104,3,4,4,4,1,0.681235208,0.1968755,0,8435
accuracy focus,104,3,4,4,4,1,0.962606167,1.077884542,1,8435
accuracy focus,104,4,4,4,4,1,1.392488792,0.217544875,0,8435
accuracy focus,104,4,4,4,2,1,1.135125,0.473199167,1,8435
accuracy focus,104,5,4,4,4,1,0.551031084,0.203373708,0,8435
accuracy focus,104,5,4,4,4,1,0.711043291,0.2129125,1,8435
accuracy focus,104,6,4,4,2,1,1.276990875,0.426326708,0,8435
accuracy focus,104,6,4,4,4,1,0.714009917,0.139311333,1,8435
accuracy focus,104,7,4,4,4,1,1.018660833,0.485621333,0,8435
accuracy focus,104,7,4,4,4,1,1.026562,0.494297416,1,8435
accuracy focus,104,8,4,4,4,1,0.756163708,0.377668083,0,8435
accuracy focus,104,8,4,4,3,1,0.63159975,0.44500975,1,8435
accuracy focus,104,9,4,4,3,1,0.916832417,0.724582125,0,8435
accuracy focus,104,9,4,4,4,1,0.805145208,0.320037917,1,8435
accuracy focus,104,10,4,4,4,1,0.694864916,0.280841542,0,8435
accuracy focus,104,10,4,4,4,1,0.857556459,0.251384125,1,8435
accuracy focus,105,1,5,5,4,1,0.787565334,0.154096542,0,8579
accuracy focus,105,1,5,5,3,1,0.752644167,0.68190225,1,8579
accuracy focus,105,2,5,5,4,1,0.884834667,0.330146959,0,8579
accuracy focus,105,2,5,5,4,1,0.753618708,0.247967792,1,8579
accuracy focus,105,3,5,5,4,1,1.15395075,0.196956041,0,8579
accuracy focus,105,3,5,5,2,1,0.634925833,0.602572125,1,8579
accuracy focus,105,4,5,6,2,0,1.067484791,0.3782645,0,8579
accuracy focus,105,4,5,5,4,1,0.9930935,0.202351709,1,8579
accuracy focus,105,5,5,5,4,1,0.781070875,0.157146083,0,8579
accuracy focus,105,5,5,5,4,1,0.800228334,0.1329555,1,8579
accuracy focus,105,6,5,5,4,1,0.720199042,0.232856167,0,8579
accuracy focus,105,6,5,5,4,1,0.874140291,0.122052791,1,8579
accuracy focus,105,7,5,5,4,1,0.922661875,0.381578917,0,8579
accuracy focus,105,7,5,5,4,1,0.882044041,0.90046275,1,8579
accuracy focus,105,8,5,5,4,1,1.082622958,1.071026125,0,8579
accuracy focus,105,8,5,5,4,1,1.3036815,0.371437709,1,8579
accuracy focus,105,9,5,5,4,1,1.232659459,0.795139417,0,8579
accuracy focus,105,9,5,5,4,1,1.171550709,1.230357416,1,8579
accuracy focus,105,10,5,5,4,1,1.453343125,0.297191875,0,8579
accuracy focus,105,10,5,5,3,1,1.542334291,0.48902875,1,8579
accuracy focus,106,1,1,1,4,1,0.634953667,0.36055675,0,7166
accuracy focus,106,1,1,6,2,0,1.751779958,0.662211958,1,7166
accuracy focus,106,2,1,1,2,1,1.286031416,0.684455708,0,7166
accuracy focus,106,2,1,7,4,0,0.815942084,0.169177542,1,7166
accuracy focus,106,3,1,7,3,0,1.282058833,0.389439125,0,7166
accuracy focus,106,3,1,1,1,1,0.771812458,0.530224625,1,7166
accuracy focus,106,4,1,7,3,0,0.810403666,0.343875167,0,7166
accuracy focus,106,4,1,2,2,0,1.172542542,1.160919667,1,7166
accuracy focus,106,5,1,1,4,1,0.940073333,0.203720916,0,7166
accuracy focus,106,5,1,1,4,1,0.6968815,0.242918667,1,7166
accuracy focus,106,6,1,5,4,0,0.868904458,0.600864834,0,7166
accuracy focus,106,6,1,1,4,1,1.176198042,0.567356125,1,7166
accuracy focus,106,7,1,1,4,1,0.795531792,0.398686541,0,7166
accuracy focus,106,7,1,1,4,1,0.875335208,0.778489833,1,7166
accuracy focus,106,8,1,7,3,0,1.098821,0.472230417,0,7166
accuracy focus,106,8,1,7,4,0,0.650208167,0.431488834,1,7166
accuracy focus,106,9,1,7,3,0,1.02432525,0.893234458,0,7166
accuracy focus,106,9,1,7,3,0,0.838383208,3.005159666,1,7166
accuracy focus,106,10,1,1,4,1,0.665587042,0.233323,0,7166
accuracy focus,106,10,1,7,4,0,1.063123625,0.202244,1,7166
accuracy focus,107,1,4,4,2,1,2.113512083,0.505346917,0,8830
accuracy focus,107,1,4,4,4,1,0.772523458,0.202790166,1,8830
accuracy focus,107,2,4,4,4,1,0.743965917,0.504977291,0,8830
accuracy focus,107,2,4,4,4,1,0.773770583,0.170718,1,8830
accuracy focus,107,3,4,4,4,1,0.654841917,0.150941417,0,8830
accuracy focus,107,3,4,4,4,1,0.586633792,0.611801167,1,8830
accuracy focus,107,4,4,7,2,0,0.724355,0.282346084,0,8830
accuracy focus,107,4,4,3,2,0,0.891013166,0.361690209,1,8830
accuracy focus,107,5,4,4,4,1,0.57396975,0.169786208,0,8830
accuracy focus,107,5,4,3,4,0,0.631759291,0.134630167,1,8830
accuracy focus,107,6,4,4,4,1,0.688341083,0.91968225,0,8830
accuracy focus,107,6,4,4,4,1,0.739618333,0.153726875,1,8830
accuracy focus,107,7,4,4,4,1,2.786808542,0.353055,0,8830
accuracy focus,107,7,4,6,2,0,1.744332917,0.864247084,1,8830
accuracy focus,107,8,4,4,4,1,0.765493125,0.531496875,0,8830
accuracy focus,107,8,4,4,4,1,0.700121,0.344176583,1,8830
accuracy focus,107,9,4,4,4,1,0.796520375,0.552291583,0,8830
accuracy focus,107,9,4,4,3,1,0.871788542,1.510566875,1,8830
accuracy focus,107,10,4,4,4,1,0.642778333,0.393735708,0,8830
accuracy focus,107,10,4,4,4,1,0.786678542,0.314277375,1,8830
accuracy focus,108,1,2,2,4,1,0.770227417,0.681298833,0,8871
accuracy focus,108,1,2,2,4,1,0.634181542,0.1523115,1,8871
accuracy focus,108,2,2,2,4,1,0.836818584,0.471921541,0,8871
accuracy focus,108,2,2,2,4,1,0.777288584,0.155906292,1,8871
accuracy focus,108,3,2,2,2,1,0.98925475,1.013499458,0,8871
accuracy focus,108,3,2,2,3,1,0.633867833,0.509232333,1,8871
accuracy focus,108,4,2,2,1,1,1.214278458,0.217676375,0,8871
accuracy focus,108,4,2,2,1,1,0.972659083,0.37885175,1,8871
accuracy focus,108,5,2,2,4,1,0.600730583,0.197446375,0,8871
accuracy focus,108,5,2,2,4,1,0.7185665,0.307545542,1,8871
accuracy focus,108,6,2,2,4,1,0.800252167,0.172043875,0,8871
accuracy focus,108,6,2,2,4,1,0.67430625,0.155270875,1,8871
accuracy focus,108,7,2,2,4,1,0.889175083,0.725531208,0,8871
accuracy focus,108,7,2,6,2,0,2.092917041,0.457474791,1,8871
accuracy focus,108,8,2,2,2,1,1.211844375,2.050654125,0,8871
accuracy focus,108,8,2,2,4,1,0.758942542,0.285958166,1,8871
accuracy focus,108,9,2,2,4,1,0.925201458,1.016553583,0,8871
accuracy focus,108,9,2,2,4,1,0.977334916,0.285996458,1,8871
accuracy focus,108,10,2,2,4,1,0.870138333,0.281280291,0,8871
accuracy focus,108,10,2,2,4,1,0.672098583,0.152662083,1,8871
accuracy focus,109,1,7,7,4,1,1.022123125,0.315859833,0,8892
accuracy focus,109,1,7,7,4,1,0.7468945,0.248170583,1,8892
accuracy focus,109,2,7,7,4,1,0.657096875,0.16885075,0,8892
accuracy focus,109,2,7,7,4,1,0.683831958,0.297530666,1,8892
accuracy focus,109,3,7,7,4,1,1.020486083,0.282840292,0,8892
accuracy focus,109,3,7,7,1,1,0.773178792,0.985103125,1,8892
accuracy focus,109,4,7,7,1,1,1.231979666,0.204730292,0,8892
accuracy focus,109,4,7,7,2,1,1.02928075,0.411498542,1,8892
accuracy focus,109,5,7,7,4,1,0.921608417,0.23036925,0,8892
accuracy focus,109,5,7,7,4,1,0.635400667,0.188704792,1,8892
accuracy focus,109,6,7,7,4,1,0.719413875,0.187011875,0,8892
accuracy focus,109,6,7,7,2,1,0.741842333,2.825984791,1,8892
accuracy focus,109,7,7,7,4,1,0.913087375,0.692282292,0,8892
accuracy focus,109,7,7,6,4,0,0.301055625,2.989913083,1,8892
accuracy focus,109,8,7,7,4,1,1.761939667,0.846629459,0,8892
accuracy focus,109,8,7,7,4,1,0.65122375,0.444886375,1,8892
accuracy focus,109,9,7,7,3,1,0.709550417,1.276394125,0,8892
accuracy focus,109,9,7,7,4,1,0.771160959,0.770718833,1,8892
accuracy focus,109,10,7,7,4,1,0.652710375,0.24799175,0,8892
accuracy focus,109,10,7,7,4,1,0.836255125,0.152390208,1,8892
accuracy focus,110,1,3,3,4,1,1.047100791,0.47423775,0,8947
accuracy focus,110,1,3,3,4,1,0.6618385,0.182302542,1,8947
accuracy focus,110,2,3,5,4,0,1.560146333,0.198539417,0,8947
accuracy focus,110,2,3,5,4,0,0.766460542,0.139290875,1,8947
accuracy focus,110,3,3,3,1,1,0.654824292,0.310546,0,8947
accuracy focus,110,3,3,3,1,1,0.729981833,0.8286295,1,8947
accuracy focus,110,4,3,3,2,1,0.940931209,0.203844958,0,8947
accuracy focus,110,4,3,3,3,1,0.701926792,0.300074375,1,8947
accuracy focus,110,5,3,3,4,1,0.933616,0.369752166,0,8947
accuracy focus,110,5,3,6,4,0,0.552836625,0.224705791,1,8947
accuracy focus,110,6,3,3,4,1,0.626100167,0.218936125,0,8947
accuracy focus,110,6,3,3,4,1,0.725917667,0.186526541,1,8947
accuracy focus,110,7,3,3,4,1,1.528122542,0.499288125,0,8947
accuracy focus,110,7,3,3,4,1,0.937221292,0.811102875,1,8947
accuracy focus,110,8,3,3,4,1,0.908382084,0.740442333,0,8947
accuracy focus,110,8,3,3,4,1,0.622700917,0.330699167,1,8947
accuracy focus,110,9,3,3,3,1,0.810509417,1.691010875,0,8947
accuracy focus,110,9,3,3,4,1,0.892681958,0.422688958,1,8947
accuracy focus,110,10,3,3,4,1,1.119502208,0.251542833,0,8947
accuracy focus,110,10,3,3,4,1,1.048558833,0.23434775,1,8947
accuracy focus,111,1,7,7,2,1,1.493000042,1.129803,0,9020
accuracy focus,111,1,7,3,2,0,0.989316959,0.328094459,1,9020
accuracy focus,111,2,7,7,3,1,1.01719475,0.616669042,0,9020
accuracy focus,111,2,7,7,2,1,1.170880541,0.521447792,1,9020
accuracy focus,111,3,7,3,1,0,2.189953209,0.538824625,0,9020
accuracy focus,111,3,7,6,2,0,0.723296666,0.701620875,1,9020
accuracy focus,111,4,7,3,2,0,1.653917834,0.281615125,0,9020
accuracy focus,111,4,7,2,3,0,0.805297459,0.315282583,1,9020
accuracy focus,111,5,7,3,4,0,1.154397083,0.283834834,0,9020
accuracy focus,111,5,7,7,4,1,0.923766208,0.204153583,1,9020
accuracy focus,111,6,7,7,2,1,1.074878666,0.620215417,0,9020
accuracy focus,111,6,7,2,4,0,1.170792959,0.231747041,1,9020
accuracy focus,111,7,7,3,2,0,1.0250565,0.499256667,0,9020
accuracy focus,111,7,7,3,4,0,1.245117375,0.712758792,1,9020
accuracy focus,111,8,7,7,3,1,1.17552975,1.455932209,0,9020
accuracy focus,111,8,7,7,3,1,1.175426417,0.498861042,1,9020
accuracy focus,111,9,7,7,2,1,1.017546041,2.305590375,0,9020
accuracy focus,111,9,7,7,2,1,1.488000375,2.0449445,1,9020
accuracy focus,111,10,7,8,2,0,2.97434275,3.177055125,0,9020
accuracy focus,111,10,7,7,4,1,0.85518725,0.345095209,1,9020
accuracy focus,112,1,3,3,2,1,1.13860225,2.602979584,0,9107
accuracy focus,112,1,3,3,4,1,0.593650167,0.28161475,1,9107
accuracy focus,112,2,3,3,2,1,0.797776917,0.60341275,0,9107
accuracy focus,112,2,3,3,4,1,0.77051175,0.1687335,1,9107
accuracy focus,112,3,3,3,4,1,0.801576459,0.130945125,0,9107
accuracy focus,112,3,3,3,1,1,0.75316675,1.266687667,1,9107
accuracy focus,112,4,3,3,4,1,0.766015041,0.299172291,0,9107
accuracy focus,112,4,3,3,2,1,0.715336417,0.265819042,1,9107
accuracy focus,112,5,3,7,4,0,0.937097291,0.181869334,0,9107
accuracy focus,112,5,3,3,4,1,0.652371667,0.190020125,1,9107
accuracy focus,112,6,3,3,4,1,0.658790875,0.955669916,0,9107
accuracy focus,112,6,3,3,4,1,0.701248208,0.569822,1,9107
accuracy focus,112,7,3,5,3,0,0.993151375,0.384979625,0,9107
accuracy focus,112,7,3,2,2,0,0.729462416,1.193235792,1,9107
accuracy focus,112,8,3,3,1,1,1.289454958,0.444603333,0,9107
accuracy focus,112,8,3,3,2,1,0.85533025,0.51111725,1,9107
accuracy focus,112,9,3,3,4,1,0.76233225,0.458642125,0,9107
accuracy focus,112,9,3,3,4,1,0.689864292,0.766432083,1,9107
accuracy focus,112,10,3,3,4,1,1.302285667,0.313583333,0,9107
accuracy focus,112,10,3,3,4,1,1.1185915,0.298155208,1,9107
accuracy focus,113,1,8,8,3,1,0.806004916,0.571198875,0,9174
accuracy focus,113,1,8,8,2,1,0.725768167,0.39438775,1,9174
accuracy focus,113,2,8,5,2,0,1.002440458,0.712411125,0,9174
accuracy focus,113,2,8,8,4,1,0.740135167,0.13944075,1,9174
accuracy focus,113,3,8,8,4,1,0.868363458,0.124577125,0,9174
accuracy focus,113,3,8,8,1,1,0.814152,0.741468084,1,9174
accuracy focus,113,4,8,8,2,1,1.02980025,0.120491417,0,9174
accuracy focus,113,4,8,8,3,1,0.800339709,0.439883333,1,9174
accuracy focus,113,5,8,8,4,1,1.172692542,0.35694525,0,9174
accuracy focus,113,5,8,8,4,1,0.676601791,0.228565459,1,9174
accuracy focus,113,6,8,6,4,0,0.856158875,0.249038542,0,9174
accuracy focus,113,6,8,8,4,1,0.762617334,0.137632167,1,9174
accuracy focus,113,7,8,8,4,1,1.33544975,0.861397042,0,9174
accuracy focus,113,7,8,8,4,1,1.31582825,0.469046458,1,9174
accuracy focus,113,8,8,8,4,1,1.424048042,1.365644709,0,9174
accuracy focus,113,8,8,8,4,1,0.619488792,0.4272135,1,9174
accuracy focus,113,9,8,8,4,1,0.729854166,0.712974292,0,9174
accuracy focus,113,9,8,8,4,1,0.915032625,0.209045459,1,9174
accuracy focus,113,10,8,8,4,1,0.638461333,0.185934041,0,9174
accuracy focus,113,10,8,8,4,1,0.665686042,0.202149209,1,9174
accuracy focus,114,1,3,3,3,1,0.679438917,0.442227333,0,9371
accuracy focus,114,1,3,3,4,1,0.68039825,0.665923875,1,9371
accuracy focus,114,2,3,3,2,1,1.061509625,0.442378833,0,9371
accuracy focus,114,2,3,3,4,1,0.749851375,0.201575041,1,9371
accuracy focus,114,3,3,3,2,1,0.660115458,0.277445667,0,9371
accuracy focus,114,3,3,3,2,1,0.557474083,0.717606417,1,9371
accuracy focus,114,4,3,3,1,1,0.757967666,0.3436865,0,9371
accuracy focus,114,4,3,1,2,0,0.993507333,1.208542083,1,9371
accuracy focus,114,5,3,3,4,1,0.954312541,0.388852208,0,9371
accuracy focus,114,5,3,4,1,0,0.578501417,0.751359958,1,9371
accuracy focus,114,6,3,3,2,1,0.791544833,0.347416334,0,9371
accuracy focus,114,6,3,3,3,1,0.73814525,0.14008725,1,9371
accuracy focus,114,7,3,3,4,1,1.022607875,0.419972125,0,9371
accuracy focus,114,7,3,3,4,1,2.348107542,0.840164875,1,9371
accuracy focus,114,8,3,3,3,1,1.154748833,0.69767975,0,9371
accuracy focus,114,8,3,3,2,1,0.71570075,0.411321375,1,9371
accuracy focus,114,9,3,3,4,1,1.044066041,0.713575542,0,9371
accuracy focus,114,9,3,3,3,1,0.958434417,0.7794715,1,9371
accuracy focus,114,10,3,3,4,1,1.140742458,0.457637542,0,9371
accuracy focus,114,10,3,3,4,1,1.207715542,0.392978833,1,9371
accuracy focus,115,1,5,5,3,1,1.843883084,0.762470958,0,9504
accuracy focus,115,1,5,8,3,0,0.639448625,0.282619959,1,9504
accuracy focus,115,2,5,5,4,1,0.978416,0.202480042,0,9504
accuracy focus,115,2,5,3,1,0,1.054551166,0.620422875,1,9504
accuracy focus,115,3,5,2,2,0,0.759239959,0.602301375,0,9504
accuracy focus,115,3,5,4,4,0,0.737879417,0.642007917,1,9504
accuracy focus,115,4,5,8,1,0,1.203906166,0.378636125,0,9504
accuracy focus,115,4,5,2,2,0,1.797569,1.687719209,1,9504
accuracy focus,115,5,5,8,4,0,1.165727042,0.199916667,0,9504
accuracy focus,115,5,5,8,4,0,0.698251292,0.224283833,1,9504
accuracy focus,115,6,5,8,4,0,0.811849291,0.185214625,0,9504
accuracy focus,115,6,5,5,4,1,0.877656667,0.185438542,1,9504
accuracy focus,115,7,5,8,4,0,1.406802458,0.585923708,0,9504
accuracy focus,115,7,5,8,4,0,2.589127084,0.540214917,1,9504
accuracy focus,115,8,5,5,4,1,0.855206083,0.544695792,0,9504
accuracy focus,115,8,5,5,3,1,1.049162709,1.065984375,1,9504
accuracy focus,115,9,5,8,2,0,0.914946042,0.735326875,0,9504
accuracy focus,115,9,5,8,3,0,0.907279708,0.875668667,1,9504
accuracy focus,115,10,5,8,4,0,1.225599083,0.760329541,0,9504
accuracy focus,115,10,5,8,4,0,0.642113542,0.217745625,1,9504
accuracy focus,116,1,7,7,4,1,0.9137935,0.856247417,0,9567
accuracy focus,116,1,7,7,4,1,0.834232334,0.4244645,1,9567
accuracy focus,116,2,7,7,4,1,0.841664959,0.264700792,0,9567
accuracy focus,116,2,7,7,4,1,0.773293875,0.185327625,1,9567
accuracy focus,116,3,7,7,4,1,1.068370583,0.150906625,0,9567
accuracy focus,116,3,7,7,4,1,0.686949709,0.429339292,1,9567
accuracy focus,116,4,7,2,2,0,1.044290584,0.187316125,0,9567
accuracy focus,116,4,7,2,1,0,0.904744,0.394501417,1,9567
accuracy focus,116,5,7,7,4,1,1.119501791,0.736518792,0,9567
accuracy focus,116,5,7,7,4,1,0.971879375,0.127526292,1,9567
accuracy focus,116,6,7,7,4,1,0.677403042,0.23601075,0,9567
accuracy focus,116,6,7,7,4,1,0.671197417,0.103183625,1,9567
accuracy focus,116,7,7,7,4,1,1.183255875,0.491612584,0,9567
accuracy focus,116,7,7,7,4,1,0.937899792,0.51804725,1,9567
accuracy focus,116,8,7,7,4,1,1.041650833,0.831994916,0,9567
accuracy focus,116,8,7,7,3,1,0.732470541,0.693234208,1,9567
accuracy focus,116,9,7,7,4,1,1.012666125,0.318416625,0,9567
accuracy focus,116,9,7,7,3,1,1.153114292,2.583056375,1,9567
accuracy focus,116,10,7,7,4,1,0.918006167,0.21797125,0,9567
accuracy focus,116,10,7,7,4,1,1.107219,0.218741084,1,9567
accuracy focus,117,1,1,4,1,0,2.115817459,0.763646583,0,7582
accuracy focus,117,1,1,8,4,0,0.872439958,0.217886459,1,7582
accuracy focus,117,2,1,7,1,0,1.029238666,0.441892875,0,7582
accuracy focus,117,2,1,7,2,0,0.865278834,0.380132167,1,7582
accuracy focus,117,3,1,4,2,0,0.886777875,1.47576825,0,7582
accuracy focus,117,3,1,3,1,0,0.688945959,0.562166333,1,7582
accuracy focus,117,4,1,6,3,0,0.792136333,0.343531417,0,7582
accuracy focus,117,4,1,2,1,0,0.935071584,0.268067125,1,7582
accuracy focus,117,5,1,1,4,1,0.621663958,0.336593625,0,7582
accuracy focus,117,5,1,8,1,0,0.891887375,0.690704625,1,7582
accuracy focus,117,6,1,1,4,1,0.744116875,1.240998791,0,7582
accuracy focus,117,6,1,1,2,1,0.769421041,0.216801417,1,7582
accuracy focus,117,7,1,1,4,1,0.808245125,0.420163042,0,7582
accuracy focus,117,7,1,1,4,1,1.109859459,0.417962125,1,7582
accuracy focus,117,8,1,7,2,0,0.963268083,0.601941167,0,7582
accuracy focus,117,8,1,1,2,1,1.294519083,0.527527708,1,7582
accuracy focus,117,9,1,7,3,0,1.127844166,1.931113708,0,7582
accuracy focus,117,9,1,1,1,1,1.143132916,1.279241959,1,7582
accuracy focus,117,10,1,1,3,1,1.02524475,2.0119965,0,7582
accuracy focus,117,10,1,7,4,0,0.827557916,0.267820291,1,7582
accuracy focus,118,1,3,3,2,1,0.6551685,0.281395833,0,9763
accuracy focus,118,1,3,3,4,1,0.962747166,0.218160583,1,9763
accuracy focus,118,2,3,5,4,0,1.120849625,0.377672542,0,9763
accuracy focus,118,2,3,5,4,0,0.902310291,0.1561755,1,9763
accuracy focus,118,3,3,3,3,1,0.820998333,0.8095985,0,9763
accuracy focus,118,3,3,2,2,0,0.649059875,1.033988667,1,9763
accuracy focus,118,4,3,6,1,0,1.20198225,0.31461775,0,9763
accuracy focus,118,4,3,3,1,1,0.780036708,0.264369458,1,9763
accuracy focus,118,5,3,4,4,0,0.888943084,0.230326416,0,9763
accuracy focus,118,5,3,3,4,1,0.75598975,0.286700834,1,9763
accuracy focus,118,6,3,7,1,0,1.18132025,0.200328292,0,9763
accuracy focus,118,6,3,3,4,1,1.107372917,0.185053208,1,9763
accuracy focus,118,7,3,8,2,0,2.291655125,0.640751458,0,9763
accuracy focus,118,7,3,8,2,0,2.200080167,0.8729495,1,9763
accuracy focus,118,8,3,5,3,0,1.741081584,3.629963875,0,9763
accuracy focus,118,8,3,3,4,1,0.691920291,0.458102,1,9763
accuracy focus,118,9,3,3,3,1,1.363714375,0.469968667,0,9763
accuracy focus,118,9,3,3,2,1,0.944809542,1.499111417,1,9763
accuracy focus,118,10,3,8,3,0,1.304304708,0.871618583,0,9763
accuracy focus,118,10,3,7,4,0,0.8587305,0.343476042,1,9763
accuracy focus,119,1,7,7,4,1,1.103128833,0.347927292,0,9789
accuracy focus,119,1,7,8,3,0,0.732937167,0.5376975,1,9789
accuracy focus,119,2,7,1,1,0,1.307212458,0.235354333,0,9789
accuracy focus,119,2,7,7,4,1,0.954493458,0.329819333,1,9789
accuracy focus,119,3,7,7,4,1,0.775156292,0.375488375,0,9789
accuracy focus,119,3,7,7,2,1,1.028889042,0.756955958,1,9789
accuracy focus,119,4,7,7,4,1,1.28916775,0.314397583,0,9789
accuracy focus,119,4,7,2,4,0,0.69506825,0.488652375,1,9789
accuracy focus,119,5,7,7,4,1,1.194868334,0.256094417,0,9789
accuracy focus,119,5,7,4,4,0,0.62279225,0.497663917,1,9789
accuracy focus,119,6,7,4,4,0,0.895509917,0.156185833,0,9789
accuracy focus,119,6,7,4,3,0,0.873334125,0.330677958,1,9789
accuracy focus,119,7,7,1,1,0,3.486014667,0.480347375,0,9789
accuracy focus,119,7,7,7,4,1,1.626526083,0.438007583,1,9789
accuracy focus,119,8,7,7,3,1,1.3491305,1.812667417,0,9789
accuracy focus,119,8,7,7,4,1,0.681622625,0.612268875,1,9789
accuracy focus,119,9,7,7,4,1,1.038714917,0.726423875,0,9789
accuracy focus,119,9,7,7,2,1,0.925462833,1.908662375,1,9789
accuracy focus,119,10,7,2,4,0,0.967313334,0.330700667,0,9789
accuracy focus,119,10,7,2,4,0,0.791268709,0.202473042,1,9789
accuracy focus,120,1,8,8,2,1,1.1109245,0.763464583,0,9864
accuracy focus,120,1,8,8,4,1,0.705322792,0.215294875,1,9864
accuracy focus,120,2,8,8,1,1,1.115984,0.360589458,0,9864
accuracy focus,120,2,8,8,4,1,0.782859625,0.201907458,1,9864
accuracy focus,120,3,8,7,2,0,0.737205083,0.17160825,0,9864
accuracy focus,120,3,8,6,4,0,1.039594333,0.603546208,1,9864
accuracy focus,120,4,8,8,2,1,1.063138583,0.217837125,0,9864
accuracy focus,120,4,8,2,1,0,0.735764375,0.2982415,1,9864
accuracy focus,120,5,8,2,4,0,0.840621167,0.250404625,0,9864
accuracy focus,120,5,8,3,4,0,1.101905875,0.266169,1,9864
accuracy focus,120,6,8,8,2,1,0.81744725,0.234958833,0,9864
accuracy focus,120,6,8,8,4,1,0.878262583,0.156432167,1,9864
accuracy focus,120,7,8,8,4,1,0.712086292,0.51219,0,9864
accuracy focus,120,7,8,6,4,0,1.331785958,0.528927042,1,9864
accuracy focus,120,8,8,8,4,1,0.827925458,0.384024292,0,9864
accuracy focus,120,8,8,8,2,1,0.983281541,0.527282125,1,9864
accuracy focus,120,9,8,8,3,1,1.600509042,0.860697416,0,9864
accuracy focus,120,9,8,8,4,1,1.001030458,0.433806584,1,9864
accuracy focus,120,10,8,8,4,1,1.107379083,0.441762375,0,9864
accuracy focus,120,10,8,8,3,1,1.439495083,0.809373125,1,9864
accuracy focus,1,1,8,8,3,1,1.093606625,0.792360417,0,147
accuracy focus,1,1,8,8,2,1,0.552738167,0.346024625,1,147
accuracy focus,1,2,8,8,4,1,0.66066275,0.185571458,0,147
accuracy focus,1,2,8,8,4,1,0.667756167,0.247981834,1,147
accuracy focus,1,3,8,8,4,1,0.75042825,0.131552,0,147
accuracy focus,1,3,8,8,4,1,0.648493208,0.402258125,1,147
accuracy focus,1,4,8,8,4,1,0.814524416,0.284143583,0,147
accuracy focus,1,4,8,8,3,1,0.6386905,0.199561458,1,147
accuracy focus,1,5,8,8,4,1,0.800774583,0.302551792,0,147
accuracy focus,1,5,8,4,4,0,0.691393209,0.589508958,1,147
accuracy focus,1,6,8,8,4,1,0.621834625,0.140140209,0,147
accuracy focus,1,6,8,8,4,1,0.595895792,0.1559005,1,147
accuracy focus,1,7,8,8,4,1,0.872006333,0.511971291,0,147
accuracy focus,1,7,8,8,4,1,1.275608917,0.524351083,1,147
accuracy focus,1,8,8,8,4,1,0.895800541,0.370869625,0,147
accuracy focus,1,8,8,8,4,1,0.649983958,0.391038583,1,147
accuracy focus,1,9,8,8,4,1,0.722971542,0.292005333,0,147
accuracy focus,1,9,8,8,4,1,0.791819875,0.334148208,1,147
accuracy focus,1,10,8,8,4,1,1.159296917,0.231363958,0,147
accuracy focus,1,10,8,8,4,1,0.835355583,0.475874333,1,147
accuracy focus,2,1,2,2,4,1,0.719714791,0.411105417,0,150
accuracy focus,2,1,2,2,4,1,0.639313458,0.155554917,1,150
accuracy focus,2,2,2,2,4,1,0.897538958,0.360250166,0,150
accuracy focus,2,2,2,2,4,1,0.608780791,0.139514042,1,150
accuracy focus,2,3,2,2,2,1,0.593995167,0.244314584,0,150
accuracy focus,2,3,2,2,4,1,0.656621666,0.582430958,1,150
accuracy focus,2,4,2,2,4,1,0.949442125,0.858094875,0,150
accuracy focus,2,4,2,2,3,1,0.8462945,0.31108375,1,150
accuracy focus,2,5,2,2,4,1,0.609476917,0.169110916,0,150
accuracy focus,2,5,2,1,2,0,0.749773917,0.052677,1,150
accuracy focus,2,6,2,2,4,1,0.759357833,0.2191865,0,150
accuracy focus,2,6,2,2,4,1,0.727668166,0.409376792,1,150
accuracy focus,2,7,2,3,4,0,0.841315583,0.836961041,0,150
accuracy focus,2,7,2,3,1,0,0.804109541,3.191781125,1,150
accuracy focus,2,8,2,2,4,1,0.6385115,0.357515583,0,150
accuracy focus,2,8,2,2,4,1,0.943126917,0.435064333,1,150
accuracy focus,2,9,2,2,4,1,0.745672125,0.332174667,0,150
accuracy focus,2,9,2,2,3,1,0.904873458,0.7775655,1,150
accuracy focus,2,10,2,2,4,1,0.76086375,0.280850791,0,150
accuracy focus,2,10,2,2,4,1,0.949822583,0.346612875,1,150
accuracy focus,3,1,5,5,4,1,1.114959375,0.298289291,0,168
accuracy focus,3,1,5,5,4,1,0.690174208,0.185151083,1,168
accuracy focus,3,2,5,5,3,1,1.051264292,0.4102135,0,168
accuracy focus,3,2,5,5,2,1,0.923261542,0.202124833,1,168
accuracy focus,3,3,5,5,1,1,1.039909458,0.556299292,0,168
accuracy focus,3,3,5,3,4,0,0.634682583,1.280480709,1,168
accuracy focus,3,4,5,3,1,0,0.833870042,0.42426575,0,168
accuracy focus,3,4,5,1,3,0,1.449301375,1.414036083,1,168
accuracy focus,3,5,5,5,4,1,0.882106209,0.369666875,0,168
accuracy focus,3,5,5,3,4,0,0.643099375,0.2104175,1,168
accuracy focus,3,6,5,5,4,1,0.811740417,0.122782459,0,168
accuracy focus,3,6,5,3,2,0,0.807688,0.330398042,1,168
accuracy focus,3,7,5,5,4,1,0.909005292,0.600071042,0,168
accuracy focus,3,7,5,8,3,0,0.818784125,0.906459083,1,168
accuracy focus,3,8,5,5,4,1,0.967048667,0.350465459,0,168
accuracy focus,3,8,5,5,4,1,0.743359958,0.510502667,1,168
accuracy focus,3,9,5,5,4,1,3.2298855,0.345204583,0,168
accuracy focus,3,9,5,5,4,1,1.041262291,0.312256541,1,168
accuracy focus,3,10,5,6,3,0,2.438159625,1.370251125,0,168
accuracy focus,3,10,5,5,4,1,0.836018917,0.7440865,1,168
accuracy focus,4,1,4,4,3,1,0.735267583,0.825969958,0,211
accuracy focus,4,1,4,4,4,1,0.638674875,0.632436542,1,211
accuracy focus,4,2,4,4,4,1,0.664936375,0.18599975,0,211
accuracy focus,4,2,4,4,4,1,0.633343959,0.172745875,1,211
accuracy focus,4,3,4,4,4,1,0.575150375,0.15111875,0,211
accuracy focus,4,3,4,4,4,1,0.633565291,1.245110917,1,211
accuracy focus,4,4,4,4,2,1,0.832461417,0.330252,0,211
accuracy focus,4,4,4,4,4,1,0.869848958,0.441816709,1,211
accuracy focus,4,5,4,4,4,1,0.773853792,0.163961583,0,211
accuracy focus,4,5,4,4,4,1,0.942214083,0.183134625,1,211
accuracy focus,4,6,4,4,4,1,0.572347542,0.185668625,0,211
accuracy focus,4,6,4,4,4,1,0.542529791,0.172022083,1,211
accuracy focus,4,7,4,4,4,1,0.70849325,0.415507625,0,211
accuracy focus,4,7,4,4,4,1,0.802363458,0.753871209,1,211
accuracy focus,4,8,4,4,4,1,1.043116958,1.291569875,0,211
accuracy focus,4,8,4,4,3,1,0.60877075,0.924845958,1,211
accuracy focus,4,9,4,4,4,1,0.945229167,0.460535125,0,211
accuracy focus,4,9,4,4,4,1,0.860286792,1.130439208,1,211
accuracy focus,4,10,4,4,4,1,2.619319125,0.106550834,0,211
accuracy focus,4,10,4,4,4,1,1.291575708,0.363821666,1,211
accuracy focus,5,1,8,8,3,1,1.043970416,0.794698833,0,291
accuracy focus,5,1,8,8,4,1,0.54958875,0.168843875,1,291
accuracy focus,5,2,8,4,2,0,1.41119425,0.330203416,0,291
accuracy focus,5,2,8,4,4,0,0.964148042,0.1851765,1,291
accuracy focus,5,3,8,8,4,1,0.773607834,0.481521375,0,291
accuracy focus,5,3,8,7,3,0,0.82467325,0.857276416,1,291
accuracy focus,5,4,8,4,3,0,0.858300083,0.440999333,0,291
accuracy focus,5,4,8,8,4,1,0.911267125,0.362311042,1,291
accuracy focus,5,5,8,8,4,1,0.719700458,0.236192167,0,291
accuracy focus,5,5,8,8,4,1,0.681687083,0.16238375,1,291
accuracy focus,5,6,8,4,4,0,0.997472292,0.170099958,0,291
accuracy focus,5,6,8,4,4,0,0.601422625,0.155540875,1,291
accuracy focus,5,7,8,8,4,1,0.769851792,0.744058542,0,291
accuracy focus,5,7,8,4,4,0,1.0439935,0.432499584,1,291
accuracy focus,5,8,8,8,4,1,0.708346792,0.424187875,0,291
accuracy focus,5,8,8,8,3,1,0.683210709,0.344437792,1,291
accuracy focus,5,9,8,8,4,1,1.038162833,0.479139625,0,291
accuracy focus,5,9,8,8,4,1,0.824315625,0.285161709,1,291
accuracy focus,5,10,8,4,4,0,0.764092917,0.281086959,0,291
accuracy focus,5,10,8,4,4,0,3.217746458,0.265349959,1,291
accuracy focus,6,1,3,3,2,1,0.597218792,0.234871292,0,382
accuracy focus,6,1,3,3,4,1,0.679741,0.247480625,1,382
accuracy focus,6,2,3,3,4,1,0.782101709,0.218629917,0,382
accuracy focus,6,2,3,3,4,1,0.754339792,0.152638625,1,382
accuracy focus,6,3,3,3,3,1,0.687987917,0.409957166,0,382
accuracy focus,6,3,3,3,4,1,0.594456375,1.933795,1,382
accuracy focus,6,4,3,3,1,1,0.776446334,0.298041334,0,382
accuracy focus,6,4,3,3,1,1,0.919122917,0.507481708,1,382
accuracy focus,6,5,3,3,4,1,1.056896625,0.262409167,0,382
accuracy focus,6,5,3,3,4,1,0.404875584,0.231010667,1,382
accuracy focus,6,6,3,3,4,1,0.86314975,0.168653958,0,382
accuracy focus,6,6,3,3,4,1,1.009822667,0.185537375,1,382
accuracy focus,6,7,3,2,4,0,0.785724542,0.728392292,0,382
accuracy focus,6,7,3,3,4,1,1.056366125,0.983326458,1,382
accuracy focus,6,8,3,3,4,1,0.644212708,0.625407375,0,382
accuracy focus,6,8,3,3,4,1,0.675801625,0.852086791,1,382
accuracy focus,6,9,3,3,4,1,0.751783375,0.593231834,0,382
accuracy focus,6,9,3,3,4,1,0.657486625,0.252782833,1,382
accuracy focus,6,10,3,3,4,1,1.120576083,0.264976375,0,382
accuracy focus,6,10,3,3,4,1,0.846150041,0.264335916,1,382
accuracy focus,7,1,6,6,2,1,0.89701675,0.441509125,0,446
accuracy focus,7,1,6,6,4,1,1.283479625,0.201616791,1,446
accuracy focus,7,2,6,6,4,1,0.840270042,0.232835833,0,446
accuracy focus,7,2,6,6,4,1,0.760042459,0.251052542,1,446
accuracy focus,7,3,6,6,2,1,0.853332042,0.495083,0,446
accuracy focus,7,3,6,6,2,1,0.773807875,0.554674875,1,446
accuracy focus,7,4,6,6,3,1,0.6056865,0.411585334,0,446
accuracy focus,7,4,6,6,3,1,1.01387025,0.762409042,1,446
accuracy focus,7,5,6,6,4,1,0.729562292,0.148404833,0,446
accuracy focus,7,5,6,6,4,1,0.751408334,0.217768834,1,446
accuracy focus,7,6,6,6,4,1,1.436885958,0.202210291,0,446
accuracy focus,7,6,6,6,4,1,1.400600875,0.11951525,1,446
accuracy focus,7,7,6,5,4,0,0.933432,0.433268167,0,446
accuracy focus,7,7,6,6,4,1,1.2547875,0.4839625,1,446
accuracy focus,7,8,6,6,4,1,1.204153708,0.555669083,0,446
accuracy focus,7,8,6,6,3,1,1.083533709,0.536360833,1,446
accuracy focus,7,9,6,6,2,1,1.535785333,3.212825667,0,446
accuracy focus,7,9,6,6,3,1,1.527336542,3.205071541,1,446
accuracy focus,7,10,6,6,3,1,2.028532917,1.575178042,0,446
accuracy focus,7,10,6,6,4,1,0.861451208,0.360073167,1,446
accuracy focus,8,1,6,6,4,1,1.273899042,0.424140959,0,626
accuracy focus,8,1,6,6,4,1,0.833166083,0.264925333,1,626
accuracy focus,8,2,6,4,2,0,1.20425,0.650221416,0,626
accuracy focus,8,2,6,4,4,0,0.69492875,0.168848542,1,626
accuracy focus,8,3,6,6,4,1,0.947223959,0.097910333,0,626
accuracy focus,8,3,6,2,2,0,0.868744625,0.741115834,1,626
accuracy focus,8,4,6,6,2,1,1.274156,0.297613791,0,626
accuracy focus,8,4,6,8,3,0,0.551893208,0.379262125,1,626
accuracy focus,8,5,6,6,4,1,1.335730666,0.216484084,0,626
accuracy focus,8,5,6,7,4,0,0.767545084,0.252505583,1,626
accuracy focus,8,6,6,6,4,1,0.878275292,0.122582292,0,626
accuracy focus,8,6,6,4,2,0,0.625406458,0.156196083,1,626
accuracy focus,8,7,6,6,4,1,1.096429833,0.460764125,0,626
accuracy focus,8,7,6,6,4,1,1.330054209,0.405221292,1,626
accuracy focus,8,8,6,7,1,0,1.153592541,0.784298584,0,626
accuracy focus,8,8,6,6,3,1,1.293235875,0.393281958,1,626
accuracy focus,8,9,6,6,4,1,1.603173167,1.220913,0,626
accuracy focus,8,9,6,4,3,0,1.273373083,2.188829417,1,626
accuracy focus,8,10,6,6,4,1,0.772119792,0.937966375,0,626
accuracy focus,8,10,6,4,4,0,0.954147792,0.264977708,1,626
accuracy focus,9,1,2,7,1,0,1.556609458,4.604330292,0,660
accuracy focus,9,1,2,1,1,0,1.071525417,1.607344875,1,660
accuracy focus,9,2,2,7,4,0,0.879820917,0.264713417,0,660
accuracy focus,9,2,2,7,4,0,0.8192765,0.201582583,1,660
accuracy focus,9,3,2,7,2,0,0.748115041,0.183378084,0,660
accuracy focus,9,3,2,7,4,0,0.587298292,0.436931292,1,660
accuracy focus,9,4,2,2,1,1,0.939268625,0.347609,0,660
accuracy focus,9,4,2,7,1,0,1.068721667,0.378430875,1,660
accuracy focus,9,5,2,1,4,0,0.7445315,0.403251416,0,660
accuracy focus,9,5,2,1,4,0,0.587348667,0.229503083,1,660
accuracy focus,9,6,2,7,3,0,1.119614292,0.508318042,0,660
accuracy focus,9,6,2,7,4,0,0.877097709,0.155599416,1,660
accuracy focus,9,7,2,2,3,1,0.907640666,0.468957958,0,660
accuracy focus,9,7,2,7,4,0,0.875443125,0.840359708,1,660
accuracy focus,9,8,2,7,3,0,1.79665725,0.69142625,0,660
accuracy focus,9,8,2,7,4,0,0.658270167,0.491594209,1,660
accuracy focus,9,9,2,2,3,1,1.053754125,2.329867125,0,660
accuracy focus,9,9,2,2,2,1,2.061876791,1.595758958,1,660
accuracy focus,9,10,2,7,4,0,1.295767584,0.776121583,0,660
accuracy focus,9,10,2,7,4,0,0.676101042,0.247413666,1,660
accuracy focus,10,1,6,6,4,1,0.641733375,0.234544667,0,821
accuracy focus,10,1,6,6,4,1,1.02669875,0.251185833,1,821
accuracy focus,10,2,6,6,4,1,1.039349625,0.234798458,0,821
accuracy focus,10,2,6,6,4,1,0.7103585,0.185854083,1,821
accuracy focus,10,3,6,6,4,1,1.026994625,0.217053542,0,821
accuracy focus,10,3,6,6,4,1,0.641951333,0.445576709,1,821
accuracy focus,10,4,6,6,1,1,0.955294708,0.347229125,0,821
accuracy focus,10,4,6,6,4,1,0.661655334,0.441898166,1,821
accuracy focus,10,5,6,7,1,0,0.973001083,0.914946292,0,821
accuracy focus,10,5,6,7,3,0,0.499630166,0.217618417,1,821
accuracy focus,10,6,6,6,4,1,0.909685292,0.205304208,0,821
accuracy focus,10,6,6,6,4,1,0.641726792,0.185777792,1,821
accuracy focus,10,7,6,6,4,1,1.707283916,0.884077208,0,821
accuracy focus,10,7,6,6,4,1,1.733148042,0.478164833,1,821
accuracy focus,10,8,6,6,4,1,0.942673584,0.184289458,0,821
accuracy focus,10,8,6,6,3,1,0.989848916,0.279393791,1,821
accuracy focus,10,9,6,6,4,1,1.146239875,0.259545417,0,821
accuracy focus,10,9,6,6,4,1,1.038225834,0.775285125,1,821
accuracy focus,10,10,6,6,4,1,0.758492917,0.360275667,0,821
accuracy focus,10,10,6,6,4,1,1.000909875,0.251481625,1,821
accuracy focus,11,1,6,6,4,1,0.822056541,0.390966708,0,938
accuracy focus,11,1,6,7,1,0,0.671678584,2.152430375,1,938
accuracy focus,11,2,6,6,4,1,0.987595708,0.280796458,0,938
accuracy focus,11,2,6,6,4,1,0.829833042,0.201884292,1,938
accuracy focus,11,3,6,5,3,0,0.681733375,0.41580675,0,938
accuracy focus,11,3,6,6,3,1,0.602776917,0.847357542,1,938
accuracy focus,11,4,6,6,2,1,0.754611583,0.314174,0,938
accuracy focus,11,4,6,6,1,1,0.809042,0.187772166,1,938
accuracy focus,11,5,6,6,4,1,0.702205208,0.130354083,0,938
accuracy focus,11,5,6,6,4,1,0.780594417,0.299270875,1,938
accuracy focus,11,6,6,6,4,1,0.710915375,0.088193459,0,938
accuracy focus,11,6,6,6,4,1,0.550307167,0.122876083,1,938
accuracy focus,11,7,6,6,4,1,0.993376042,0.448468417,0,938
accuracy focus,11,7,6,6,4,1,1.0324775,0.85893175,1,938
accuracy focus,11,8,6,6,4,1,1.223759083,0.697653792,0,938
accuracy focus,11,8,6,7,1,0,0.696000834,1.207993791,1,938
accuracy focus,11,9,6,6,4,1,1.03123375,0.983155792,0,938
accuracy focus,11,9,6,6,4,1,1.719731125,0.650084584,1,938
accuracy focus,11,10,6,6,4,1,0.668123541,0.363336166,0,938
accuracy focus,11,10,6,6,4,1,1.248330709,0.199101291,1,938
accuracy focus,12,1,4,4,4,1,1.252893583,0.314631625,0,970
accuracy focus,12,1,4,4,4,1,0.834271833,0.138342792,1,970
accuracy focus,12,2,4,4,4,1,0.8742465,0.264563667,0,970
accuracy focus,12,2,4,7,4,0,0.777004291,0.215365875,1,970
accuracy focus,12,3,4,7,4,0,1.598394,0.276664458,0,970
accuracy focus,12,3,4,4,4,1,0.769414625,0.6082435,1,970
accuracy focus,12,4,4,4,3,1,0.781962875,0.696965917,0,970
accuracy focus,12,4,4,7,2,0,0.816322416,0.298172125,1,970
accuracy focus,12,5,4,5,4,0,0.94589975,0.144085208,0,970
accuracy focus,12,5,4,6,4,0,0.969824667,0.141688417,1,970
accuracy focus,12,6,4,4,4,1,1.233850042,0.281142042,0,970
accuracy focus,12,6,4,4,4,1,0.811342125,0.491042958,1,970
accuracy focus,12,7,4,7,3,0,0.975838834,0.556099791,0,970
accuracy focus,12,7,4,4,4,1,0.91824575,0.428220958,1,970
accuracy focus,12,8,4,4,4,1,0.700540875,0.445501375,0,970
accuracy focus,12,8,4,4,4,1,0.854088,0.444540333,1,970
accuracy focus,12,9,4,4,3,1,1.751504459,1.122645083,0,970
accuracy focus,12,9,4,4,4,1,0.923834417,0.512106041,1,970
accuracy focus,12,10,4,7,4,0,0.579805833,0.438895,0,970
accuracy focus,12,10,4,7,4,0,0.755594583,0.232350666,1,970
accuracy focus,13,1,4,4,4,1,0.681184417,0.328255166,0,1044
accuracy focus,13,1,4,4,3,1,0.801973917,0.376749542,1,1044
accuracy focus,13,2,4,4,4,1,0.655918584,0.235088041,0,1044
accuracy focus,13,2,4,4,4,1,0.687545166,0.1884345,1,1044
accuracy focus,13,3,4,4,4,1,0.714547584,0.356873375,0,1044
accuracy focus,13,3,4,4,4,1,0.607972833,0.482636958,1,1044
accuracy focus,13,4,4,4,3,1,0.9008045,0.504408583,0,1044
accuracy focus,13,4,4,3,1,0,0.826406542,0.521526542,1,1044
accuracy focus,13,5,4,4,4,1,0.687787458,0.216936375,0,1044
accuracy focus,13,5,4,4,4,1,0.496052083,0.163361,1,1044
accuracy focus,13,6,4,4,4,1,0.575591625,0.199085166,0,1044
accuracy focus,13,6,4,4,4,1,0.806578416,0.139832,1,1044
accuracy focus,13,7,4,4,4,1,0.917067584,0.5018185,0,1044
accuracy focus,13,7,4,4,4,1,0.949531875,0.52545025,1,1044
accuracy focus,13,8,4,4,4,1,0.852277959,0.497282167,0,1044
accuracy focus,13,8,4,4,4,1,0.631206583,0.420108208,1,1044
accuracy focus,13,9,4,4,4,1,0.777152167,0.253375875,0,1044
accuracy focus,13,9,4,4,4,1,0.784340917,0.218689125,1,1044
accuracy focus,13,10,4,4,4,1,0.867822875,0.347733625,0,1044
accuracy focus,13,10,4,4,4,1,1.206262834,0.617527291,1,1044
accuracy focus,14,1,3,3,2,1,0.94593625,0.875151125,0,1129
accuracy focus,14,1,3,3,4,1,0.919823291,2.1376115,1,1129
accuracy focus,14,2,3,3,3,1,1.126143666,0.603642208,0,1129
accuracy focus,14,2,3,3,4,1,0.75903225,0.136213166,1,1129
accuracy focus,14,3,3,8,4,0,1.609864833,0.456994459,0,1129
accuracy focus,14,3,3,3,2,1,0.56877175,1.052692042,1,1129
accuracy focus,14,4,3,2,1,0,1.046818458,0.23405575,0,1129
accuracy focus,14,4,3,2,2,0,0.297078042,0.970874875,1,1129
accuracy focus,14,5,3,4,4,0,0.703813459,0.263553416,0,1129
accuracy focus,14,5,3,2,4,0,0.89401875,0.217026375,1,1129
accuracy focus,14,6,3,7,2,0,0.885266375,0.21632625,0,1129
accuracy focus,14,6,3,7,4,0,0.866123041,0.136344792,1,1129
accuracy focus,14,7,3,3,4,1,1.004822,0.392917417,0,1129
accuracy focus,14,7,3,3,3,1,1.080144375,0.612961,1,1129
accuracy focus,14,8,3,3,4,1,0.71549475,1.217496959,0,1129
accuracy focus,14,8,3,3,4,1,0.716921042,0.4466615,1,1129
accuracy focus,14,9,3,7,2,0,1.541213833,0.814155875,0,1129
accuracy focus,14,9,3,3,2,1,2.944287708,2.57771425,1,1129
accuracy focus,14,10,3,3,3,1,1.20598425,1.164119208,0,1129
accuracy focus,14,10,3,3,4,1,0.930867916,0.314014625,1,1129
accuracy focus,15,1,3,3,3,1,0.651716583,0.568001458,0,1368
accuracy focus,15,1,3,3,4,1,0.6066275,0.155277792,1,1368
accuracy focus,15,2,3,3,4,1,0.967156416,0.123053417,0,1368
accuracy focus,15,2,3,3,4,1,0.579832541,0.185104917,1,1368
accuracy focus,15,3,3,3,1,1,0.562223417,0.297359167,0,1368
accuracy focus,15,3,3,3,4,1,0.545365084,0.92703625,1,1368
accuracy focus,15,4,3,3,1,1,0.752273958,0.393640292,0,1368
accuracy focus,15,4,3,3,1,1,0.612055458,0.522801041,1,1368
accuracy focus,15,5,3,3,4,1,0.834026541,0.335722792,0,1368
accuracy focus,15,5,3,5,4,0,0.805848959,0.3141995,1,1368
accuracy focus,15,6,3,3,3,1,1.1127115,0.218443917,0,1368
accuracy focus,15,6,3,2,3,0,0.760889291,0.251670291,1,1368
accuracy focus,15,7,3,3,4,1,1.86338425,0.767536834,0,1368
accuracy focus,15,7,3,3,4,1,1.289798458,0.518071917,1,1368
accuracy focus,15,8,3,3,4,1,0.976711541,1.409066583,0,1368
accuracy focus,15,8,3,3,4,1,0.626159542,0.370610459,1,1368
accuracy focus,15,9,3,3,4,1,0.744096542,0.7758405,0,1368
accuracy focus,15,9,3,3,4,1,0.657522333,0.33424525,1,1368
accuracy focus,15,10,3,3,4,1,0.934653292,0.231786125,0,1368
accuracy focus,15,10,3,3,4,1,0.902855542,0.34796425,1,1368
accuracy focus,16,1,6,6,4,1,1.698842792,1.271701917,0,1374
accuracy focus,16,1,6,6,4,1,1.075150875,0.298650042,1,1374
accuracy focus,16,2,6,6,4,1,0.796392542,0.3305545,0,1374
accuracy focus,16,2,6,6,4,1,0.894598167,0.2344465,1,1374
accuracy focus,16,3,6,6,4,1,0.754372125,0.211094833,0,1374
accuracy focus,16,3,6,6,3,1,1.121014083,0.642126458,1,1374
accuracy focus,16,4,6,6,3,1,1.014686459,0.250772,0,1374
accuracy focus,16,4,6,8,1,0,0.789446458,0.395593209,1,1374
accuracy focus,16,5,6,7,4,0,1.010870625,0.548281584,0,1374
accuracy focus,16,5,6,6,4,1,1.101775,0.147900125,1,1374
accuracy focus,16,6,6,6,3,1,1.037247875,0.1687205,0,1374
accuracy focus,16,6,6,6,2,1,1.01526075,0.248385708,1,1374
accuracy focus,16,7,6,6,4,1,2.379957833,0.71833675,0,1374
accuracy focus,16,7,6,6,4,1,1.960564584,1.108623333,1,1374
accuracy focus,16,8,6,6,4,1,1.414623083,0.620686208,0,1374
accuracy focus,16,8,6,6,4,1,1.052869333,0.3706145,1,1374
accuracy focus,16,9,6,6,4,1,3.66281125,0.673109792,0,1374
accuracy focus,16,9,6,6,4,1,1.003751791,1.782410333,1,1374
accuracy focus,16,10,6,6,4,1,1.199058,0.392661041,0,1374
accuracy focus,16,10,6,6,4,1,1.650189541,0.567742583,1,1374
accuracy focus,17,1,6,6,3,1,1.13606825,0.779333208,0,1421
accuracy focus,17,1,6,6,4,1,0.880773917,0.428433625,1,1421
accuracy focus,17,2,6,6,4,1,0.743452083,0.3143435,0,1421
accuracy focus,17,2,6,5,1,0,0.698176416,0.568203125,1,1421
accuracy focus,17,3,6,6,4,1,0.934518917,0.098136625,0,1421
accuracy focus,17,3,6,6,3,1,0.946849125,0.86223675,1,1421
accuracy focus,17,4,6,5,1,0,0.795228334,0.313805375,0,1421
accuracy focus,17,4,6,6,1,1,1.424018833,0.457540041,1,1421
accuracy focus,17,5,6,3,4,0,0.688047666,0.463482417,0,1421
accuracy focus,17,5,6,6,4,1,0.780093,0.175443292,1,1421
accuracy focus,17,6,6,6,4,1,0.715196667,0.189493166,0,1421
accuracy focus,17,6,6,6,4,1,0.572493584,0.186092542,1,1421
accuracy focus,17,7,6,6,4,1,1.153173458,0.919573334,0,1421
accuracy focus,17,7,6,6,4,1,1.023520083,1.027237042,1,1421
accuracy focus,17,8,6,6,4,1,1.277425125,0.484981,0,1421
accuracy focus,17,8,6,6,3,1,0.998948875,0.6243195,1,1421
accuracy focus,17,9,6,6,4,1,1.480493875,0.886125,0,1421
accuracy focus,17,9,6,6,4,1,1.440221042,0.763930292,1,1421
accuracy focus,17,10,6,6,4,1,1.078568125,0.652036917,0,1421
accuracy focus,17,10,6,6,4,1,4.44136825,0.76275525,1,1421
accuracy focus,18,1,4,4,2,1,0.826542458,0.779907583,0,1454
accuracy focus,18,1,4,4,4,1,0.875787709,0.186162583,1,1454
accuracy focus,18,2,4,4,4,1,0.678107458,0.727442541,0,1454
accuracy focus,18,2,4,4,4,1,1.054507208,0.202197291,1,1454
accuracy focus,18,3,4,4,4,1,0.814153875,0.310613417,0,1454
accuracy focus,18,3,4,4,4,1,0.558412334,0.582330042,1,1454
accuracy focus,18,4,4,7,2,0,1.314280375,0.42505675,0,1454
accuracy focus,18,4,4,7,4,0,1.225889917,0.378229125,1,1454
accuracy focus,18,5,4,4,4,1,0.660552083,0.289428459,0,1454
accuracy focus,18,5,4,4,4,1,0.568031458,0.16993725,1,1454
accuracy focus,18,6,4,4,4,1,0.729709417,0.297451167,0,1454
accuracy focus,18,6,4,4,4,1,0.628180709,0.119640209,1,1454
accuracy focus,18,7,4,4,4,1,0.665622,0.533108875,0,1454
accuracy focus,18,7,4,4,4,1,0.725913875,0.448951917,1,1454
accuracy focus,18,8,4,4,1,1,0.907008917,3.398075292,0,1454
accuracy focus,18,8,4,4,3,1,0.847816875,0.564509583,1,1454
accuracy focus,18,9,4,4,2,1,1.113628375,1.008779458,0,1454
accuracy focus,18,9,4,4,4,1,1.066233,0.656146958,1,1454
accuracy focus,18,10,4,4,4,1,1.509497334,0.393972667,0,1454
accuracy focus,18,10,4,4,4,1,0.870513833,0.234935667,1,1454
accuracy focus,19,1,7,7,3,1,0.719646625,0.344562083,0,1523
accuracy focus,19,1,7,7,2,1,0.949536792,0.250011042,1,1523
accuracy focus,19,2,7,7,4,1,0.91198725,0.346947333,0,1523
accuracy focus,19,2,7,1,1,0,0.62089975,0.441521292,1,1523
accuracy focus,19,3,7,4,2,0,1.318363834,0.362929208,0,1523
accuracy focus,19,3,7,7,2,1,0.688349166,0.3035945,1,1523
accuracy focus,19,4,7,7,3,1,0.988541333,0.268110667,0,1523
accuracy focus,19,4,7,6,2,0,0.86545025,0.394782416,1,1523
accuracy focus,19,5,7,1,4,0,0.594281167,0.349892542,0,1523
accuracy focus,19,5,7,4,4,0,0.949102667,0.196767,1,1523
accuracy focus,19,6,7,7,4,1,0.741492208,0.185337208,0,1523
accuracy focus,19,6,7,7,4,1,0.930599208,0.185046584,1,1523
accuracy focus,19,7,7,1,4,0,1.057687125,0.731428791,0,1523
accuracy focus,19,7,7,7,3,1,1.164986875,1.000730625,1,1523
accuracy focus,19,8,7,7,4,1,0.705392916,0.537583708,0,1523
accuracy focus,19,8,7,7,2,1,0.823023208,0.311504666,1,1523
accuracy focus,19,9,7,7,3,1,1.540187875,0.641951625,0,1523
accuracy focus,19,9,7,7,3,1,1.147824916,2.150227834,1,1523
accuracy focus,19,10,7,1,2,0,0.696330792,3.483116958,0,1523
accuracy focus,19,10,7,1,4,0,0.826281167,0.696173667,1,1523
accuracy focus,20,1,7,7,2,1,1.489113208,1.452335792,0,1582
accuracy focus,20,1,7,1,1,0,10.36818821,0.629755083,1,1582
accuracy focus,20,2,7,7,4,1,0.795674791,0.231637208,0,1582
accuracy focus,20,2,7,7,4,1,0.971196917,0.281093458,1,1582
accuracy focus,20,3,7,6,2,0,0.761240125,0.363837875,0,1582
accuracy focus,20,3,7,7,3,1,1.1200405,0.67472575,1,1582
accuracy focus,20,4,7,7,3,1,0.627566708,0.440292166,0,1582
accuracy focus,20,4,7,2,1,0,0.77168375,0.280085958,1,1582
accuracy focus,20,5,7,4,4,0,1.34492975,0.618776958,0,1582
accuracy focus,20,5,7,6,4,0,0.551182125,0.209130833,1,1582
accuracy focus,20,6,7,7,4,1,0.830735083,0.151943917,0,1582
accuracy focus,20,6,7,7,4,1,0.856460417,0.1218065,1,1582
accuracy focus,20,7,7,7,4,1,0.695948916,0.433067125,0,1582
accuracy focus,20,7,7,7,4,1,0.742486917,0.759002042,1,1582
accuracy focus,20,8,7,7,4,1,0.74610475,0.481279708,0,1582
accuracy focus,20,8,7,7,3,1,1.400879334,0.354284334,1,1582
accuracy focus,20,9,7,7,4,1,0.969882833,0.585686333,0,1582
accuracy focus,20,9,7,7,4,1,0.7746955,0.379360167,1,1582
accuracy focus,20,10,7,7,4,1,1.187481917,0.361959667,0,1582
accuracy focus,20,10,7,7,4,1,0.764976666,0.248067792,1,1582
accuracy focus,21,1,1,1,4,1,0.580624833,0.953077917,0,1583
accuracy focus,21,1,1,1,4,1,0.616613167,0.201442792,1,1583
accuracy focus,21,2,1,1,4,1,0.803203166,0.616983166,0,1583
accuracy focus,21,2,1,1,2,1,0.964920625,0.64979175,1,1583
accuracy focus,21,3,1,1,4,1,0.748642666,0.137190292,0,1583
accuracy focus,21,3,1,1,4,1,0.564433708,0.582098125,1,1583
accuracy focus,21,4,1,6,2,0,1.242292375,0.219311083,0,1583
accuracy focus,21,4,1,3,1,0,0.3915585,0.438440875,1,1583
accuracy focus,21,5,1,1,4,1,0.654802834,0.303924708,0,1583
accuracy focus,21,5,1,1,4,1,0.607940917,0.210645042,1,1583
accuracy focus,21,6,1,1,4,1,0.590162166,0.139982084,0,1583
accuracy focus,21,6,1,1,4,1,0.70408875,1.737334375,1,1583
accuracy focus,21,7,1,1,4,1,0.885535583,0.442528458,0,1583
accuracy focus,21,7,1,1,4,1,1.164234084,0.532292375,1,1583
accuracy focus,21,8,1,7,4,0,0.957781833,0.37288975,0,1583
accuracy focus,21,8,1,7,2,0,0.777289708,0.501004167,1,1583
accuracy focus,21,9,1,1,4,1,0.867681291,1.316378792,0,1583
accuracy focus,21,9,1,7,4,0,1.127732292,0.860888166,1,1583
accuracy focus,21,10,1,1,4,1,0.706793834,0.298469,0,1583
accuracy focus,21,10,1,1,4,1,0.72777375,0.344062708,1,1583
accuracy focus,22,1,4,4,2,1,0.645919,0.507917667,0,1635
accuracy focus,22,1,4,4,4,1,0.665707583,0.168915541,1,1635
accuracy focus,22,2,4,3,1,0,0.663125667,0.696954542,0,1635
accuracy focus,22,2,4,4,4,1,0.730906834,0.17240025,1,1635
accuracy focus,22,3,4,5,4,0,0.675295459,0.250304541,0,1635
accuracy focus,22,3,4,4,4,1,0.747075667,0.436142541,1,1635
accuracy focus,22,4,4,7,4,0,0.611528709,0.393175417,0,1635
accuracy focus,22,4,4,4,4,1,1.150883625,0.408492,1,1635
accuracy focus,22,5,4,4,4,1,0.641347916,0.237569125,0,1635
accuracy focus,22,5,4,4,4,1,0.63713325,0.183037834,1,1635
accuracy focus,22,6,4,4,4,1,0.754239458,0.232183458,0,1635
accuracy focus,22,6,4,4,4,1,0.549891958,0.185676458,1,1635
accuracy focus,22,7,4,4,4,1,1.992147,0.391874375,0,1635
accuracy focus,22,7,4,4,4,1,0.974081625,0.471579958,1,1635
accuracy focus,22,8,4,4,4,1,1.219301833,1.189554125,0,1635
accuracy focus,22,8,4,4,4,1,0.969361542,0.668167125,1,1635
accuracy focus,22,9,4,7,4,0,0.65858,0.70714475,0,1635
accuracy focus,22,9,4,4,3,1,1.018152875,3.072474791,1,1635
accuracy focus,22,10,4,4,4,1,0.918463042,0.459075875,0,1635
accuracy focus,22,10,4,4,4,1,0.903752834,0.424203917,1,1635
accuracy focus,23,1,7,7,2,1,1.922301334,0.714437458,0,1672
accuracy focus,23,1,7,7,1,1,2.849453083,0.198532625,1,1672
accuracy focus,23,2,7,7,2,1,1.321471708,0.567977792,0,1672
accuracy focus,23,2,7,7,4,1,0.726399709,0.231985792,1,1672
accuracy focus,23,3,7,7,2,1,1.059612167,0.244047791,0,1672
accuracy focus,23,3,7,1,2,0,0.90764575,0.502104667,1,1672
accuracy focus,23,4,7,7,2,1,1.335141583,0.25125575,0,1672
accuracy focus,23,4,7,6,3,0,0.886165584,0.411442792,1,1672
accuracy focus,23,5,7,1,4,0,1.099449583,0.130489042,0,1672
accuracy focus,23,5,7,7,4,1,1.214660959,0.155495792,1,1672
accuracy focus,23,6,7,7,1,1,0.981582208,0.185781209,0,1672
accuracy focus,23,6,7,1,3,0,0.813825916,0.218541584,1,1672
accuracy focus,23,7,7,7,4,1,2.492761083,1.2157055,0,1672
accuracy focus,23,7,7,7,3,1,1.426684,0.765583667,1,1672
accuracy focus,23,8,7,7,1,1,4.777098875,1.391379334,0,1672
accuracy focus,23,8,7,6,3,0,1.777198,0.386202125,1,1672
accuracy focus,23,9,7,7,1,1,2.42254125,1.464799916,0,1672
accuracy focus,23,9,7,7,1,1,2.700511334,0.58700825,1,1672
accuracy focus,23,10,7,7,4,1,1.226588084,0.45768825,0,1672
accuracy focus,23,10,7,7,4,1,1.288554,0.474228,1,1672
accuracy focus,24,1,5,5,4,1,0.852344041,0.380233125,0,1678
accuracy focus,24,1,5,5,4,1,0.569469542,0.26279425,1,1678
accuracy focus,24,2,5,5,4,1,0.904594,0.267678458,0,1678
accuracy focus,24,2,5,5,4,1,0.635528084,0.172002083,1,1678
accuracy focus,24,3,5,6,4,0,1.028081041,0.217263542,0,1678
accuracy focus,24,3,5,4,2,0,0.686630542,0.467342958,1,1678
accuracy focus,24,4,5,1,1,0,27.24379371,0.808812167,0,1678
accuracy focus,24,4,5,5,2,1,1.289717792,0.262963333,1,1678
accuracy focus,24,5,5,6,1,0,0.660861333,0.770032917,0,1678
accuracy focus,24,5,5,5,4,1,0.872977708,0.223883417,1,1678
accuracy focus,24,6,5,5,4,1,0.746742958,0.183298292,0,1678
accuracy focus,24,6,5,5,4,1,0.673668875,0.743310167,1,1678
accuracy focus,24,7,5,5,4,1,1.013613042,0.434163041,0,1678
accuracy focus,24,7,5,5,4,1,0.937772041,0.798078625,1,1678
accuracy focus,24,8,5,5,4,1,0.887306709,0.390834166,0,1678
accuracy focus,24,8,5,5,4,1,0.855210792,0.368913208,1,1678
accuracy focus,24,9,5,5,4,1,1.071839792,3.20156275,0,1678
accuracy focus,24,9,5,5,4,1,0.880272791,0.912837833,1,1678
accuracy focus,24,10,5,5,4,1,0.898703333,0.284187291,0,1678
accuracy focus,24,10,5,5,4,1,1.469686583,0.710156917,1,1678
accuracy focus,25,1,1,1,4,1,1.085301792,7.736599709,0,1835
accuracy focus,25,1,1,1,4,1,0.498394958,0.201488792,1,1835
accuracy focus,25,2,1,1,4,1,0.632608083,0.250825291,0,1835
accuracy focus,25,2,1,1,4,1,0.598804208,0.202017792,1,1835
accuracy focus,25,3,1,1,4,1,0.837054875,0.22375875,0,1835
accuracy focus,25,3,1,1,1,1,0.705461542,1.312059375,1,1835
accuracy focus,25,4,1,1,4,1,0.657770708,0.377471584,0,1835
accuracy focus,25,4,1,1,3,1,0.690394375,0.506016833,1,1835
accuracy focus,25,5,1,1,4,1,0.634434041,0.376032625,0,1835
accuracy focus,25,5,1,1,4,1,0.519012333,0.278896417,1,1835
accuracy focus,25,6,1,1,4,1,0.632905833,0.250930958,0,1835
accuracy focus,25,6,1,4,4,0,0.7688935,0.139503541,1,1835
accuracy focus,25,7,1,1,4,1,0.83968075,0.680153458,0,1835
accuracy focus,25,7,1,1,4,1,0.845013917,0.845378042,1,1835
accuracy focus,25,8,1,1,4,1,0.89132125,0.494843125,0,1835
accuracy focus,25,8,1,1,4,1,0.742305875,0.467169792,1,1835
accuracy focus,25,9,1,1,3,1,0.857904667,1.394583667,0,1835
accuracy focus,25,9,1,1,4,1,0.870392709,0.573136166,1,1835
accuracy focus,25,10,1,1,4,1,0.64110125,0.298320584,0,1835
accuracy focus,25,10,1,1,4,1,0.80002175,0.217922875,1,1835
accuracy focus,26,1,3,3,4,1,0.887146416,1.591260583,0,1841
accuracy focus,26,1,3,3,4,1,0.620929041,0.218339458,1,1841
accuracy focus,26,2,3,3,4,1,0.664972583,0.218403583,0,1841
accuracy focus,26,2,3,3,4,1,0.658991167,0.168874208,1,1841
accuracy focus,26,3,3,3,4,1,0.554638875,0.597311875,0,1841
accuracy focus,26,3,3,3,4,1,0.601122709,0.528122375,1,1841
accuracy focus,26,4,3,3,1,1,0.780776583,0.412061417,0,1841
accuracy focus,26,4,3,3,4,1,0.745963125,0.426036083,1,1841
accuracy focus,26,5,3,3,4,1,0.8345875,0.238772958,0,1841
accuracy focus,26,5,3,3,4,1,0.538466125,0.231408166,1,1841
accuracy focus,26,6,3,3,4,1,0.717927208,0.249623834,0,1841
accuracy focus,26,6,3,3,4,1,1.036229625,0.587339375,1,1841
accuracy focus,26,7,3,3,4,1,1.104080792,0.390094666,0,1841
accuracy focus,26,7,3,3,4,1,0.842228709,0.797647667,1,1841
accuracy focus,26,8,3,3,4,1,0.96115225,1.118637084,0,1841
accuracy focus,26,8,3,3,4,1,0.6558125,0.391020459,1,1841
accuracy focus,26,9,3,3,4,1,1.097970417,0.218657583,0,1841
accuracy focus,26,9,3,3,4,1,0.71592375,0.36063325,1,1841
accuracy focus,26,10,3,3,4,1,0.968973084,0.502777375,0,1841
accuracy focus,26,10,3,3,4,1,1.351860959,0.618571875,1,1841
accuracy focus,27,1,1,1,3,1,0.612787791,0.602122,0,1940
accuracy focus,27,1,1,8,1,0,1.095252167,0.375330041,1,1940
accuracy focus,27,2,1,1,4,1,0.734630791,0.281585708,0,1940
accuracy focus,27,2,1,1,4,1,0.611356125,0.156115459,1,1940
accuracy focus,27,3,1,1,1,1,0.76794675,0.256804833,0,1940
accuracy focus,27,3,1,2,1,0,0.556818917,0.609198375,1,1940
accuracy focus,27,4,1,1,3,1,0.812430125,0.554519125,0,1940
accuracy focus,27,4,1,1,3,1,0.661916208,0.394575167,1,1940
accuracy focus,27,5,1,1,4,1,0.608517625,0.21084025,0,1940
accuracy focus,27,5,1,1,4,1,0.591966292,0.217439917,1,1940
accuracy focus,27,6,1,1,4,1,0.5323625,0.425435958,0,1940
accuracy focus,27,6,1,1,4,1,0.56589175,0.185756583,1,1940
accuracy focus,27,7,1,1,4,1,2.081645959,0.440197042,0,1940
accuracy focus,27,7,1,1,4,1,0.783426167,0.431868792,1,1940
accuracy focus,27,8,1,1,3,1,0.720200958,0.597786375,0,1940
accuracy focus,27,8,1,8,2,0,0.81967125,0.562183583,1,1940
accuracy focus,27,9,1,1,4,1,0.882062875,1.021379458,0,1940
accuracy focus,27,9,1,1,4,1,0.652309417,0.472555834,1,1940
accuracy focus,27,10,1,1,4,1,0.611882333,0.361765042,0,1940
accuracy focus,27,10,1,1,4,1,0.889615708,0.234691708,1,1940
accuracy focus,28,1,8,8,4,1,0.785672166,0.277694542,0,1969
accuracy focus,28,1,8,8,4,1,0.628650708,0.17170775,1,1969
accuracy focus,28,2,8,1,4,0,0.725487375,0.393109166,0,1969
accuracy focus,28,2,8,4,4,0,1.146560625,0.184960292,1,1969
accuracy focus,28,3,8,7,1,0,0.926307,0.310121791,0,1969
accuracy focus,28,3,8,2,1,0,0.761468416,1.17328075,1,1969
accuracy focus,28,4,8,8,2,1,1.660692708,0.394454416,0,1969
accuracy focus,28,4,8,8,2,1,0.905557166,0.411191875,1,1969
accuracy focus,28,5,8,1,4,0,0.675452834,0.359033334,0,1969
accuracy focus,28,5,8,6,4,0,1.150672625,0.237461541,1,1969
accuracy focus,28,6,8,4,4,0,0.816469042,0.171829083,0,1969
accuracy focus,28,6,8,4,2,0,1.060131084,0.426521959,1,1969
accuracy focus,28,7,8,1,4,0,0.81125225,0.387579,0,1969
accuracy focus,28,7,8,1,4,0,0.7486615,0.353496416,1,1969
accuracy focus,28,8,8,7,2,0,1.269371833,1.768774709,0,1969
accuracy focus,28,8,8,7,4,0,0.716794667,0.414416625,1,1969
accuracy focus,28,9,8,7,2,0,1.038976875,0.913424542,0,1969
accuracy focus,28,9,8,7,3,0,0.948911375,1.135883875,1,1969
accuracy focus,28,10,8,1,3,0,2.180118459,0.842244417,0,1969
accuracy focus,28,10,8,8,4,1,0.890842583,0.347129084,1,1969
accuracy focus,29,1,1,1,4,1,0.652704209,0.361704583,0,2018
accuracy focus,29,1,1,1,4,1,0.555130334,0.267290583,1,2018
accuracy focus,29,2,1,1,4,1,0.691245708,0.344034625,0,2018
accuracy focus,29,2,1,1,4,1,0.619421542,0.172113875,1,2018
accuracy focus,29,3,1,1,4,1,0.835310083,0.110527625,0,2018
accuracy focus,29,3,1,4,4,0,1.018502625,0.318256292,1,2018
accuracy focus,29,4,1,7,3,0,0.931462916,0.264881208,0,2018
accuracy focus,29,4,1,2,2,0,1.190148083,1.082745292,1,2018
accuracy focus,29,5,1,1,4,1,0.565155167,0.336589834,0,2018
accuracy focus,29,5,1,1,4,1,0.52578225,0.148311291,1,2018
accuracy focus,29,6,1,1,4,1,0.578186708,0.251608,0,2018
accuracy focus,29,6,1,1,1,1,0.722937042,0.185647458,1,2018
accuracy focus,29,7,1,1,4,1,0.732949375,0.593034083,0,2018
accuracy focus,29,7,1,1,4,1,0.972904958,0.500752125,1,2018
accuracy focus,29,8,1,1,2,1,1.364686083,0.897540125,0,2018
accuracy focus,29,8,1,4,4,0,1.321398292,0.592315209,1,2018
accuracy focus,29,9,1,1,3,1,1.004801166,0.78721225,0,2018
accuracy focus,29,9,1,1,2,1,1.830270625,2.1661395,1,2018
accuracy focus,29,10,1,1,4,1,1.01397,1.003114208,0,2018
accuracy focus,29,10,1,1,4,1,3.129991,0.32821725,1,2018
accuracy focus,30,1,5,5,2,1,1.164393167,0.362045958,0,2038
accuracy focus,30,1,5,5,4,1,1.111698334,0.171150083,1,2038
accuracy focus,30,2,5,6,1,0,0.665406875,0.854275458,0,2038
accuracy focus,30,2,5,5,4,1,1.020510209,0.185351583,1,2038
accuracy focus,30,3,5,6,2,0,1.638674833,0.764400166,0,2038
accuracy focus,30,3,5,6,1,0,0.768701916,0.840945166,1,2038
accuracy focus,30,4,5,5,2,1,0.84332525,0.443460833,0,2038
accuracy focus,30,4,5,6,2,0,1.132702834,0.348598625,1,2038
accuracy focus,30,5,5,6,1,0,0.999226875,0.921313,0,2038
accuracy focus,30,5,5,5,4,1,0.735011792,0.176197584,1,2038
accuracy focus,30,6,5,5,4,1,0.64314,0.137533208,0,2038
accuracy focus,30,6,5,5,4,1,0.824697875,0.185692041,1,2038
accuracy focus,30,7,5,5,4,1,1.240656167,0.485642,0,2038
accuracy focus,30,7,5,5,4,1,1.780208792,0.484455667,1,2038
accuracy focus,30,8,5,5,4,1,0.835458083,0.640975208,0,2038
accuracy focus,30,8,5,5,4,1,1.894464166,0.55350025,1,2038
accuracy focus,30,9,5,5,4,1,1.367982208,0.690363167,0,2038
accuracy focus,30,9,5,5,4,1,1.021838167,1.081734917,1,2038
accuracy focus,30,10,5,5,4,1,1.047316875,0.297787834,0,2038
accuracy focus,30,10,5,5,4,1,0.866152667,0.313750333,1,2038
accuracy focus,31,1,2,2,3,1,0.647669417,0.392182125,0,2083
accuracy focus,31,1,2,2,4,1,0.539787375,0.1857185,1,2083
accuracy focus,31,2,2,2,4,1,0.8346805,0.215439167,0,2083
accuracy focus,31,2,2,2,2,1,0.707298875,0.839840833,1,2083
accuracy focus,31,3,2,2,4,1,0.634515459,0.177264583,0,2083
accuracy focus,31,3,2,2,2,1,0.540623333,1.506492458,1,2083
accuracy focus,31,4,2,2,3,1,0.639127875,0.361087208,0,2083
accuracy focus,31,4,2,2,4,1,0.787055,0.267960291,1,2083
accuracy focus,31,5,2,2,4,1,0.578904708,0.217366125,0,2083
accuracy focus,31,5,2,2,4,1,0.780623333,0.278329125,1,2083
accuracy focus,31,6,2,2,4,1,0.622023208,0.235006542,0,2083
accuracy focus,31,6,2,2,4,1,0.651959667,0.201159209,1,2083
accuracy focus,31,7,2,2,4,1,0.715153417,1.138584708,0,2083
accuracy focus,31,7,2,2,4,1,1.396974,0.48525925,1,2083
accuracy focus,31,8,2,2,3,1,1.079153083,1.471162833,0,2083
accuracy focus,31,8,2,2,4,1,0.763853875,0.384594083,1,2083
accuracy focus,31,9,2,2,4,1,3.024006417,0.440842541,0,2083
accuracy focus,31,9,2,2,4,1,0.689647833,0.345584,1,2083
accuracy focus,31,10,2,2,4,1,0.975081292,0.872315042,0,2083
accuracy focus,31,10,2,2,4,1,0.721186875,0.1989675,1,2083
accuracy focus,32,1,4,4,4,1,0.937473209,0.314198625,0,2091
accuracy focus,32,1,4,4,4,1,0.757227625,0.167819167,1,2091
accuracy focus,32,2,4,4,4,1,0.935043667,0.313708791,0,2091
accuracy focus,32,2,4,1,4,0,1.167919542,0.15573575,1,2091
accuracy focus,32,3,4,3,4,0,1.087978834,0.144300916,0,2091
accuracy focus,32,3,4,4,3,1,0.579683834,0.556144083,1,2091
accuracy focus,32,4,4,6,1,0,0.712311667,0.297546791,0,2091
accuracy focus,32,4,4,1,2,0,0.759258208,0.331594792,1,2091
accuracy focus,32,5,4,4,4,1,0.7283025,0.422821375,0,2091
accuracy focus,32,5,4,5,4,0,0.592932041,0.407069458,1,2091
accuracy focus,32,6,4,4,4,1,0.650947375,0.152711917,0,2091
accuracy focus,32,6,4,4,4,1,0.569178625,0.155553916,1,2091
accuracy focus,32,7,4,4,2,1,2.600736084,0.505159625,0,2091
accuracy focus,32,7,4,4,4,1,2.305248458,0.739798208,1,2091
accuracy focus,32,8,4,1,2,0,0.974471917,2.453729791,0,2091
accuracy focus,32,8,4,4,3,1,0.93938025,0.37138325,1,2091
accuracy focus,32,9,4,7,4,0,0.917940042,1.183219834,0,2091
accuracy focus,32,9,4,4,3,1,0.964368875,0.326502375,1,2091
accuracy focus,32,10,4,4,4,1,1.031000583,0.811365917,0,2091
accuracy focus,32,10,4,4,4,1,0.892703459,1.833090875,1,2091
accuracy focus,33,1,8,8,4,1,0.889739125,0.3603395,0,2272
accuracy focus,33,1,8,8,4,1,0.596491416,0.489918541,1,2272
accuracy focus,33,2,8,8,4,1,0.650301458,0.2661455,0,2272
accuracy focus,33,2,8,8,4,1,0.632237625,0.168811334,1,2272
accuracy focus,33,3,8,8,4,1,0.813957167,0.264579583,0,2272
accuracy focus,33,3,8,8,2,1,0.647626542,0.761582791,1,2272
accuracy focus,33,4,8,7,2,0,2.426633625,0.247513375,0,2272
accuracy focus,33,4,8,8,3,1,0.738245708,0.425124083,1,2272
accuracy focus,33,5,8,8,4,1,0.512578792,0.184086958,0,2272
accuracy focus,33,5,8,8,4,1,0.682951209,0.169083167,1,2272
accuracy focus,33,6,8,8,4,1,0.750510875,0.152725,0,2272
accuracy focus,33,6,8,8,4,1,0.649489917,0.106249167,1,2272
accuracy focus,33,7,8,8,4,1,0.767452417,0.493273375,0,2272
accuracy focus,33,7,8,8,4,1,1.376777041,0.766781791,1,2272
accuracy focus,33,8,8,8,4,1,0.71467775,0.377309708,0,2272
accuracy focus,33,8,8,8,4,1,0.670078291,0.450383667,1,2272
accuracy focus,33,9,8,8,4,1,0.669934375,0.278736333,0,2272
accuracy focus,33,9,8,8,4,1,0.796350375,0.405553375,1,2272
accuracy focus,33,10,8,8,4,1,0.630784833,0.235455792,0,2272
accuracy focus,33,10,8,8,4,1,1.090822208,0.712911542,1,2272
accuracy focus,34,1,4,4,3,1,1.271044917,0.359223708,0,2448
accuracy focus,34,1,4,4,4,1,0.72708275,0.189251084,1,2448
accuracy focus,34,2,4,4,4,1,0.685810917,0.152384,0,2448
accuracy focus,34,2,4,4,4,1,0.688294,0.201742125,1,2448
accuracy focus,34,3,4,4,4,1,0.470336417,0.125827375,0,2448
accuracy focus,34,3,4,4,4,1,0.607720291,0.6283845,1,2448
accuracy focus,34,4,4,4,3,1,0.811716333,0.361909167,0,2448
accuracy focus,34,4,4,2,2,0,2.823326834,0.678345167,1,2448
accuracy focus,34,5,4,4,4,1,0.696544334,0.2118885,0,2448
accuracy focus,34,5,4,4,4,1,0.565843541,0.174239625,1,2448
accuracy focus,34,6,4,4,4,1,0.761326667,0.135416291,0,2448
accuracy focus,34,6,4,4,4,1,0.810406875,0.154256166,1,2448
accuracy focus,34,7,4,4,4,1,0.787413166,0.392299167,0,2448
accuracy focus,34,7,4,4,4,1,1.870668458,0.656475917,1,2448
accuracy focus,34,8,4,4,4,1,0.625840584,0.520204291,0,2448
accuracy focus,34,8,4,4,4,1,0.702528959,0.4919375,1,2448
accuracy focus,34,9,4,4,4,1,0.828525375,1.772298792,0,2448
accuracy focus,34,9,4,4,4,1,0.909187459,0.279071666,1,2448
accuracy focus,34,10,4,4,4,1,0.7838315,0.310937792,0,2448
accuracy focus,34,10,4,4,4,1,1.018486792,0.264321625,1,2448
accuracy focus,35,1,4,4,4,1,0.68190775,0.314245958,0,2458
accuracy focus,35,1,4,4,4,1,1.040575125,0.155971625,1,2458
accuracy focus,35,2,4,4,4,1,0.969977875,0.215105292,0,2458
accuracy focus,35,2,4,4,4,1,0.743852333,0.18560425,1,2458
accuracy focus,35,3,4,7,4,0,0.693986542,0.091194125,0,2458
accuracy focus,35,3,4,7,1,0,0.831818125,0.846891333,1,2458
accuracy focus,35,4,4,1,2,0,1.606451958,0.394106125,0,2458
accuracy focus,35,4,4,4,4,1,0.853171917,0.348248125,1,2458
accuracy focus,35,5,4,4,4,1,0.66732725,0.250287125,0,2458
accuracy focus,35,5,4,4,4,1,0.5525975,0.190242958,1,2458
accuracy focus,35,6,4,4,4,1,0.645306667,0.233249209,0,2458
accuracy focus,35,6,4,4,4,1,0.787909334,0.139108208,1,2458
accuracy focus,35,7,4,4,4,1,1.37347275,0.499899834,0,2458
accuracy focus,35,7,4,4,4,1,1.53127925,0.618317292,1,2458
accuracy focus,35,8,4,4,4,1,1.337616084,0.556474917,0,2458
accuracy focus,35,8,4,4,4,1,0.777198958,0.385661125,1,2458
accuracy focus,35,9,4,4,2,1,1.242521875,1.805337,0,2458
accuracy focus,35,9,4,8,2,0,2.485443083,1.052453167,1,2458
accuracy focus,35,10,4,4,4,1,2.086940375,0.443262542,0,2458
accuracy focus,35,10,4,4,4,1,0.80735275,0.314354958,1,2458
accuracy focus,36,1,7,7,3,1,1.188959083,0.827061792,0,2475
accuracy focus,36,1,7,7,4,1,1.331337875,0.12178875,1,2475
accuracy focus,36,2,7,7,4,1,0.704357667,0.264087958,0,2475
accuracy focus,36,2,7,7,2,1,0.701509875,0.971475417,1,2475
accuracy focus,36,3,7,7,4,1,0.786983708,0.150116125,0,2475
accuracy focus,36,3,7,7,1,1,0.78526775,0.561881584,1,2475
accuracy focus,36,4,7,7,1,1,0.828810875,0.280563583,0,2475
accuracy focus,36,4,7,2,3,0,1.075708959,1.4670655,1,2475
accuracy focus,36,5,7,7,4,1,1.724778666,0.243750708,0,2475
accuracy focus,36,5,7,4,4,0,0.696889583,0.211371542,1,2475
accuracy focus,36,6,7,7,4,1,0.614386583,0.218947458,0,2475
accuracy focus,36,6,7,7,2,1,0.901876959,0.138097417,1,2475
accuracy focus,36,7,7,7,4,1,1.878795833,0.359916417,0,2475
accuracy focus,36,7,7,7,4,1,2.171740875,0.378411208,1,2475
accuracy focus,36,8,7,7,3,1,1.008151667,0.54414125,0,2475
accuracy focus,36,8,7,7,4,1,0.746797125,0.336435,1,2475
accuracy focus,36,9,7,7,4,1,0.89310225,0.836977708,0,2475
accuracy focus,36,9,7,7,4,1,0.981838583,0.769671209,1,2475
accuracy focus,36,10,7,7,4,1,0.849962959,0.33082075,0,2475
accuracy focus,36,10,7,7,4,1,0.691508166,0.363182792,1,2475
accuracy focus,37,1,7,7,4,1,1.510198583,0.93456475,0,2540
accuracy focus,37,1,7,7,4,1,0.88038525,0.121482417,1,2540
accuracy focus,37,2,7,7,4,1,0.984667958,0.280909625,0,2540
accuracy focus,37,2,7,7,4,1,0.770956792,0.156111125,1,2540
accuracy focus,37,3,7,7,3,1,1.141221,0.701095209,0,2540
accuracy focus,37,3,7,7,4,1,0.528941333,0.3494935,1,2540
accuracy focus,37,4,7,7,2,1,1.023976416,0.266278916,0,2540
accuracy focus,37,4,7,7,1,1,0.916200209,0.232308791,1,2540
accuracy focus,37,5,7,7,4,1,0.681413792,0.27709925,0,2540
accuracy focus,37,5,7,7,4,1,0.539494875,0.134957917,1,2540
accuracy focus,37,6,7,7,4,1,0.661248083,0.202314792,0,2540
accuracy focus,37,6,7,6,4,0,0.568917458,0.442380625,1,2540
accuracy focus,37,7,7,7,4,1,1.291228458,0.419390541,0,2540
accuracy focus,37,7,7,7,4,1,0.809114333,0.8928745,1,2540
accuracy focus,37,8,7,7,4,1,0.964309542,0.407844916,0,2540
accuracy focus,37,8,7,7,4,1,0.840272292,0.327074375,1,2540
accuracy focus,37,9,7,7,4,1,1.06242325,0.741404416,0,2540
accuracy focus,37,9,7,7,4,1,1.006982875,2.257801042,1,2540
accuracy focus,37,10,7,7,4,1,1.106052209,0.344581708,0,2540
accuracy focus,37,10,7,7,4,1,0.697962959,0.331736709,1,2540
accuracy focus,38,1,8,8,4,1,0.749070541,0.204175666,0,2585
accuracy focus,38,1,8,8,4,1,0.642275667,0.251984958,1,2585
accuracy focus,38,2,8,8,4,1,0.896229292,0.218851083,0,2585
accuracy focus,38,2,8,8,4,1,0.733299916,0.201850916,1,2585
accuracy focus,38,3,8,8,4,1,0.839588209,0.2573335,0,2585
accuracy focus,38,3,8,3,2,0,0.602526166,1.385338667,1,2585
accuracy focus,38,4,8,7,2,0,1.389035917,0.6971465,0,2585
accuracy focus,38,4,8,8,4,1,1.08591075,0.474600667,1,2585
accuracy focus,38,5,8,8,4,1,0.870196791,0.277413834,0,2585
accuracy focus,38,5,8,8,4,1,0.723527375,0.162848041,1,2585
accuracy focus,38,6,8,8,4,1,0.726504875,0.136222,0,2585
accuracy focus,38,6,8,8,4,1,0.645422042,0.122776125,1,2585
accuracy focus,38,7,8,8,4,1,1.309589125,0.420151417,0,2585
accuracy focus,38,7,8,8,4,1,0.908782584,0.466065916,1,2585
accuracy focus,38,8,8,8,4,1,0.770206208,0.564981292,0,2585
accuracy focus,38,8,8,8,4,1,0.656505292,0.397483125,1,2585
accuracy focus,38,9,8,8,4,1,0.810965584,0.573402,0,2585
accuracy focus,38,9,8,7,1,0,0.705657792,0.894322208,1,2585
accuracy focus,38,10,8,8,4,1,0.576040916,0.281694125,0,2585
accuracy focus,38,10,8,8,4,1,0.687714167,0.263753208,1,2585
accuracy focus,39,1,8,3,3,0,0.783545291,0.82565575,0,2835
accuracy focus,39,1,8,8,3,1,0.625922625,0.29999975,1,2835
accuracy focus,39,2,8,8,4,1,0.724375417,0.18547125,0,2835
accuracy focus,39,2,8,8,4,1,0.840182792,0.185510667,1,2835
accuracy focus,39,3,8,8,4,1,0.767888166,0.143904125,0,2835
accuracy focus,39,3,8,7,2,0,0.576977291,0.53504825,1,2835
accuracy focus,39,4,8,8,3,1,1.142054459,0.218475458,0,2835
accuracy focus,39,4,8,6,1,0,0.686247458,0.746765291,1,2835
accuracy focus,39,5,8,8,4,1,0.743144625,0.13691475,0,2835
accuracy focus,39,5,8,8,4,1,0.713356167,0.232101417,1,2835
accuracy focus,39,6,8,8,4,1,0.756424542,0.202302708,0,2835
accuracy focus,39,6,8,8,4,1,0.70389675,0.12294075,1,2835
accuracy focus,39,7,8,8,4,1,1.970150542,0.51367925,0,2835
accuracy focus,39,7,8,8,4,1,0.99142475,0.833686833,1,2835
accuracy focus,39,8,8,8,4,1,0.666505208,0.314916584,0,2835
accuracy focus,39,8,8,8,4,1,0.710261667,0.418682292,1,2835
accuracy focus,39,9,8,8,4,1,1.143474583,2.1385725,0,2835
accuracy focus,39,9,8,8,4,1,1.112333625,0.481209875,1,2835
accuracy focus,39,10,8,8,4,1,1.116240625,0.232874583,0,2835
accuracy focus,39,10,8,8,4,1,0.761717083,0.6008995,1,2835
accuracy focus,40,1,6,6,4,1,1.519193792,0.794842417,0,3037
accuracy focus,40,1,6,6,4,1,1.086831417,0.268315833,1,3037
accuracy focus,40,2,6,6,4,1,1.066126292,0.263714583,0,3037
accuracy focus,40,2,6,6,4,1,0.811626583,0.248001375,1,3037
accuracy focus,40,3,6,6,3,1,1.598247791,0.476832542,0,3037
accuracy focus,40,3,6,6,4,1,0.749299416,0.529109625,1,3037
accuracy focus,40,4,6,6,3,1,0.83606625,0.31468375,0,3037
accuracy focus,40,4,6,8,2,0,0.996259709,0.266734667,1,3037
accuracy focus,40,5,6,7,4,0,0.848317125,0.331170584,0,3037
accuracy focus,40,5,6,7,4,0,0.641514209,0.182880291,1,3037
accuracy focus,40,6,6,6,4,1,0.7313835,0.233240166,0,3037
accuracy focus,40,6,6,6,4,1,0.9258225,0.123013458,1,3037
accuracy focus,40,7,6,5,4,0,0.909592625,0.399101166,0,3037
accuracy focus,40,7,6,6,4,1,0.850101084,0.674517167,1,3037
accuracy focus,40,8,6,6,4,1,1.050353042,0.516395166,0,3037
accuracy focus,40,8,6,6,3,1,1.116124625,0.511441875,1,3037
accuracy focus,40,9,6,6,4,1,1.887434916,0.495740833,0,3037
accuracy focus,40,9,6,6,4,1,0.991854333,1.019017458,1,3037
accuracy focus,40,10,6,6,4,1,1.537545,0.47280275,0,3037
accuracy focus,40,10,6,6,4,1,1.322334667,0.298412041,1,3037
accuracy focus,41,1,8,6,3,0,3.356019375,3.928301417,0,3063
accuracy focus,41,1,8,6,4,0,1.669634167,0.218312959,1,3063
accuracy focus,41,2,8,6,4,0,1.119906,0.297722166,0,3063
accuracy focus,41,2,8,8,4,1,0.706948541,0.392676375,1,3063
accuracy focus,41,3,8,8,4,1,1.100032209,0.249894042,0,3063
accuracy focus,41,3,8,8,4,1,0.727938,0.488877292,1,3063
accuracy focus,41,4,8,6,1,0,1.049726125,0.280969334,0,3063
accuracy focus,41,4,8,2,2,0,2.1190745,0.825378958,1,3063
accuracy focus,41,5,8,7,4,0,0.689103875,0.389352083,0,3063
accuracy focus,41,5,8,6,4,0,0.801626417,0.2179885,1,3063
accuracy focus,41,6,8,8,4,1,0.5464865,0.183435084,0,3063
accuracy focus,41,6,8,8,4,1,0.951062584,0.28162025,1,3063
accuracy focus,41,7,8,6,4,0,1.591752667,0.380701917,0,3063
accuracy focus,41,7,8,6,4,0,1.205671583,0.797593916,1,3063
accuracy focus,41,8,8,7,2,0,1.221782834,1.371875625,0,3063
accuracy focus,41,8,8,8,3,1,1.269690542,0.387199,1,3063
accuracy focus,41,9,8,6,4,0,1.103576333,4.023456917,0,3063
accuracy focus,41,9,8,6,4,0,1.186087875,0.701013167,1,3063
accuracy focus,41,10,8,6,4,0,1.715964958,0.473290958,0,3063
accuracy focus,41,10,8,6,4,0,1.370956583,0.31068475,1,3063
accuracy focus,42,1,8,8,3,1,0.706234166,0.442749833,0,3069
accuracy focus,42,1,8,8,1,1,0.546281917,0.26716525,1,3069
accuracy focus,42,2,8,8,4,1,0.746666,0.215162,0,3069
accuracy focus,42,2,8,8,4,1,0.652417625,0.201944,1,3069
accuracy focus,42,3,8,8,4,1,0.825309584,0.190925166,0,3069
accuracy focus,42,3,8,2,3,0,0.562595875,1.245645083,1,3069
accuracy focus,42,4,8,8,4,1,0.8267255,0.425874958,0,3069
accuracy focus,42,4,8,8,2,1,0.822396792,0.34787175,1,3069
accuracy focus,42,5,8,8,4,1,0.707346291,0.143411,0,3069
accuracy focus,42,5,8,7,4,0,0.61834975,0.368514375,1,3069
accuracy focus,42,6,8,8,4,1,0.562381,0.359523959,0,3069
accuracy focus,42,6,8,8,4,1,0.673523833,0.202397458,1,3069
accuracy focus,42,7,8,8,4,1,0.936503458,0.406176959,0,3069
accuracy focus,42,7,8,8,4,1,0.9662575,0.753799041,1,3069
accuracy focus,42,8,8,8,4,1,0.685357542,0.770230459,0,3069
accuracy focus,42,8,8,8,4,1,1.357408416,0.411824375,1,3069
accuracy focus,42,9,8,8,4,1,0.746205375,0.686669708,0,3069
accuracy focus,42,9,8,8,4,1,0.820696166,0.381317417,1,3069
accuracy focus,42,10,8,8,4,1,0.652244458,0.295577417,0,3069
accuracy focus,42,10,8,8,4,1,0.799505291,0.328419375,1,3069
accuracy focus,43,1,2,2,3,1,0.570146291,0.33161825,0,3181
accuracy focus,43,1,2,8,4,0,0.636077291,0.201996584,1,3181
accuracy focus,43,2,2,2,4,1,0.60913025,0.168851834,0,3181
accuracy focus,43,2,2,2,4,1,0.731482625,0.330242875,1,3181
accuracy focus,43,3,2,2,4,1,0.672789916,0.17003575,0,3181
accuracy focus,43,3,2,2,4,1,0.649017833,0.468535042,1,3181
accuracy focus,43,4,2,2,3,1,0.675112708,0.648508,0,3181
accuracy focus,43,4,2,2,4,1,0.736408833,0.441416375,1,3181
accuracy focus,43,5,2,2,4,1,0.609489375,0.251494875,0,3181
accuracy focus,43,5,2,2,4,1,0.758774041,0.249398,1,3181
accuracy focus,43,6,2,3,3,0,0.59249275,0.777423375,0,3181
accuracy focus,43,6,2,2,4,1,0.742980209,0.153007292,1,3181
accuracy focus,43,7,2,3,4,0,1.123604,0.660027417,0,3181
accuracy focus,43,7,2,2,4,1,0.742498125,0.812080875,1,3181
accuracy focus,43,8,2,2,4,1,0.781344666,0.551676,0,3181
accuracy focus,43,8,2,2,4,1,0.63236225,0.31086925,1,3181
accuracy focus,43,9,2,2,4,1,0.71232625,0.545808916,0,3181
accuracy focus,43,9,2,2,4,1,0.652583417,0.246721875,1,3181
accuracy focus,43,10,2,2,4,1,1.45871175,0.4265695,0,3181
accuracy focus,43,10,2,3,1,0,0.978249125,2.79238625,1,3181
accuracy focus,44,1,7,7,4,1,1.405299625,0.5693225,0,3329
accuracy focus,44,1,7,8,4,0,0.841300417,0.185123,1,3329
accuracy focus,44,2,7,7,4,1,0.767938958,0.632705416,0,3329
accuracy focus,44,2,7,7,4,1,0.65847325,0.2049735,1,3329
accuracy focus,44,3,7,7,3,1,0.662321875,0.117750041,0,3329
accuracy focus,44,3,7,7,4,1,0.613737167,1.041779292,1,3329
accuracy focus,44,4,7,2,1,0,0.811723917,0.2971755,0,3329
accuracy focus,44,4,7,8,3,0,2.182978083,0.298904125,1,3329
accuracy focus,44,5,7,8,1,0,0.886790042,0.761147083,0,3329
accuracy focus,44,5,7,7,4,1,0.875408209,0.45162175,1,3329
accuracy focus,44,6,7,7,4,1,0.642167083,0.155949292,0,3329
accuracy focus,44,6,7,7,4,1,0.557391208,0.153172667,1,3329
accuracy focus,44,7,7,7,4,1,1.163645542,0.446536625,0,3329
accuracy focus,44,7,7,7,4,1,0.798884,0.747030708,1,3329
accuracy focus,44,8,7,7,3,1,0.744950209,0.391558042,0,3329
accuracy focus,44,8,7,7,4,1,0.605195125,0.3047925,1,3329
accuracy focus,44,9,7,7,4,1,0.8335435,1.352939208,0,3329
accuracy focus,44,9,7,7,4,1,0.799193333,0.827772833,1,3329
accuracy focus,44,10,7,7,4,1,0.687281417,0.569100417,0,3329
accuracy focus,44,10,7,7,4,1,1.43711225,0.363505125,1,3329
accuracy focus,45,1,7,7,4,1,0.9852345,0.297239542,0,3334
accuracy focus,45,1,7,7,1,1,1.326549541,0.474388458,1,3334
accuracy focus,45,2,7,7,4,1,1.00240375,0.23159875,0,3334
accuracy focus,45,2,7,3,4,0,0.644677125,0.185381625,1,3334
accuracy focus,45,3,7,7,2,1,0.648898708,0.495971708,0,3334
accuracy focus,45,3,7,6,2,0,0.926567209,0.42902825,1,3334
accuracy focus,45,4,7,7,2,1,1.095575,0.263745625,0,3334
accuracy focus,45,4,7,7,4,1,0.992270417,0.343432542,1,3334
accuracy focus,45,5,7,7,4,1,1.027600166,0.283768625,0,3334
accuracy focus,45,5,7,6,1,0,0.716144958,0.638237625,1,3334
accuracy focus,45,6,7,7,4,1,0.712644458,0.185592416,0,3334
accuracy focus,45,6,7,7,4,1,0.661058459,0.139287292,1,3334
accuracy focus,45,7,7,7,4,1,0.83494575,0.441254334,0,3334
accuracy focus,45,7,7,7,4,1,1.183339125,0.719066583,1,3334
accuracy focus,45,8,7,7,4,1,1.363346959,0.384572875,0,3334
accuracy focus,45,8,7,7,4,1,0.783194208,0.404002917,1,3334
accuracy focus,45,9,7,7,4,1,1.112625916,0.646555083,0,3334
accuracy focus,45,9,7,7,4,1,0.829915917,0.750159833,1,3334
accuracy focus,45,10,7,7,4,1,2.6617535,0.311560417,0,3334
accuracy focus,45,10,7,8,3,0,0.948458,1.226566917,1,3334
accuracy focus,46,1,6,6,2,1,1.708133083,0.53860125,0,3521
accuracy focus,46,1,6,6,4,1,1.277938,0.3464645,1,3521
accuracy focus,46,2,6,6,2,1,0.9650375,0.967169667,0,3521
accuracy focus,46,2,6,6,4,1,0.763231792,0.218658416,1,3521
accuracy focus,46,3,6,4,4,0,0.974251917,0.230223667,0,3521
accuracy focus,46,3,6,7,2,0,0.798821083,0.775498833,1,3521
accuracy focus,46,4,6,6,3,1,0.864920333,0.407159666,0,3521
accuracy focus,46,4,6,6,3,1,1.109242,0.361084458,1,3521
accuracy focus,46,5,6,6,4,1,0.961532125,0.223968958,0,3521
accuracy focus,46,5,6,6,4,1,0.721078917,0.396362209,1,3521
accuracy focus,46,6,6,6,4,1,0.8726035,0.169005916,0,3521
accuracy focus,46,6,6,6,4,1,0.885600708,0.122372958,1,3521
accuracy focus,46,7,6,6,4,1,1.486148792,0.700510916,0,3521
accuracy focus,46,7,6,6,4,1,0.807119291,0.512326834,1,3521
accuracy focus,46,8,6,6,4,1,1.143038292,0.452016584,0,3521
accuracy focus,46,8,6,5,2,0,5.237382417,0.824907083,1,3521
accuracy focus,46,9,6,6,1,1,1.378525583,0.96671225,0,3521
accuracy focus,46,9,6,4,1,0,2.109758375,0.547576125,1,3521
accuracy focus,46,10,6,6,4,1,1.353586333,0.264749959,0,3521
accuracy focus,46,10,6,6,4,1,1.103438041,0.281465083,1,3521
accuracy focus,47,1,6,6,4,1,1.720499916,0.661365541,0,3558
accuracy focus,47,1,6,5,4,0,1.510842834,0.312868375,1,3558
accuracy focus,47,2,6,6,4,1,0.904917708,0.251757208,0,3558
accuracy focus,47,2,6,6,4,1,0.852187916,0.106636958,1,3558
accuracy focus,47,3,6,3,2,0,0.801736875,0.197530667,0,3558
accuracy focus,47,3,6,6,4,1,1.251304916,1.001467917,1,3558
accuracy focus,47,4,6,8,3,0,0.948948334,0.250873584,0,3558
accuracy focus,47,4,6,7,4,0,0.850881416,0.344895667,1,3558
accuracy focus,47,5,6,5,1,0,0.747825375,0.661575,0,3558
accuracy focus,47,5,6,6,4,1,0.737424084,0.169392709,1,3558
accuracy focus,47,6,6,6,4,1,0.892884292,0.155849917,0,3558
accuracy focus,47,6,6,6,4,1,0.700660167,0.139452625,1,3558
accuracy focus,47,7,6,6,4,1,1.081325917,1.417702208,0,3558
accuracy focus,47,7,6,6,4,1,1.145956708,0.720496958,1,3558
accuracy focus,47,8,6,6,4,1,1.678889875,1.29279975,0,3558
accuracy focus,47,8,6,6,3,1,0.962567875,0.3914105,1,3558
accuracy focus,47,9,6,6,4,1,1.169517416,6.024887792,0,3558
accuracy focus,47,9,6,6,4,1,0.878438834,0.438820084,1,3558
accuracy focus,47,10,6,6,4,1,1.31354375,0.521728542,0,3558
accuracy focus,47,10,6,6,4,1,1.09667425,0.634073042,1,3558
accuracy focus,48,1,5,6,2,0,4.969740583,0.905086417,0,3559
accuracy focus,48,1,5,6,2,0,3.388770875,0.377571541,1,3559
accuracy focus,48,2,5,8,2,0,1.380737125,0.7632655,0,3559
accuracy focus,48,2,5,2,1,0,1.837109292,0.521187583,1,3559
accuracy focus,48,3,5,2,4,0,2.454781208,0.497660375,0,3559
accuracy focus,48,3,5,1,2,0,1.029692708,0.683366,1,3559
accuracy focus,48,4,5,5,1,1,2.706743292,0.217733,0,3559
accuracy focus,48,4,5,8,4,0,0.7192785,0.410322083,1,3559
accuracy focus,48,5,5,7,4,0,1.008566208,0.277479209,0,3559
accuracy focus,48,5,5,7,4,0,1.163935667,0.265944542,1,3559
accuracy focus,48,6,5,4,4,0,1.329507,0.860809875,0,3559
accuracy focus,48,6,5,8,4,0,0.884273917,0.169803125,1,3559
accuracy focus,48,7,5,6,2,0,1.362534041,0.717901334,0,3559
accuracy focus,48,7,5,6,2,0,2.03736125,0.412620375,1,3559
accuracy focus,48,8,5,6,2,0,2.072810375,0.613032208,0,3559
accuracy focus,48,8,5,8,4,0,1.301940041,0.655755375,1,3559
accuracy focus,48,9,5,8,2,0,2.182687875,2.132073125,0,3559
accuracy focus,48,9,5,3,4,0,1.083318792,1.239512584,1,3559
accuracy focus,48,10,5,8,4,0,1.281575958,0.426271208,0,3559
accuracy focus,48,10,5,8,4,0,1.30135625,1.113248541,1,3559
accuracy focus,49,1,7,7,4,1,0.775955708,0.376954666,0,3693
accuracy focus,49,1,7,7,4,1,1.021729666,0.135390792,1,3693
accuracy focus,49,2,7,7,4,1,0.773243167,0.300683459,0,3693
accuracy focus,49,2,7,7,4,1,0.632166083,0.2183795,1,3693
accuracy focus,49,3,7,7,2,1,0.773674042,0.429021125,0,3693
accuracy focus,49,3,7,7,2,1,0.680670292,0.562276375,1,3693
accuracy focus,49,4,7,7,2,1,1.18117175,0.137267791,0,3693
accuracy focus,49,4,7,7,3,1,0.86632925,0.315017792,1,3693
accuracy focus,49,5,7,7,4,1,1.16757625,0.416537833,0,3693
accuracy focus,49,5,7,7,4,1,0.606615625,0.217441875,1,3693
accuracy focus,49,6,7,7,2,1,0.555497209,0.314412458,0,3693
accuracy focus,49,6,7,7,4,1,0.857927583,0.17281425,1,3693
accuracy focus,49,7,7,7,4,1,0.84959475,0.394719125,0,3693
accuracy focus,49,7,7,7,4,1,0.742445167,0.466250875,1,3693
accuracy focus,49,8,7,7,4,1,1.176998209,0.731787834,0,3693
accuracy focus,49,8,7,7,4,1,0.715481709,0.271361208,1,3693
accuracy focus,49,9,7,7,4,1,0.6368045,1.054734125,0,3693
accuracy focus,49,9,7,7,4,1,0.716811166,0.379446833,1,3693
accuracy focus,49,10,7,7,4,1,1.441752084,1.753973125,0,3693
accuracy focus,49,10,7,7,4,1,0.727199167,0.2348325,1,3693
accuracy focus,50,1,2,2,4,1,0.592350625,0.458475167,0,3732
accuracy focus,50,1,2,2,4,1,0.541293625,0.248698875,1,3732
accuracy focus,50,2,2,2,4,1,0.609263959,0.218471083,0,3732
accuracy focus,50,2,2,2,4,1,0.541134417,0.151861084,1,3732
accuracy focus,50,3,2,2,4,1,0.63600075,0.1646325,0,3732
accuracy focus,50,3,2,2,3,1,0.530262125,0.668928208,1,3732
accuracy focus,50,4,2,2,1,1,1.077886167,0.364319417,0,3732
accuracy focus,50,4,2,2,4,1,0.88671775,0.314124958,1,3732
accuracy focus,50,5,2,2,4,1,0.643181708,0.257477791,0,3732
accuracy focus,50,5,2,2,3,1,0.559236167,0.183106084,1,3732
accuracy focus,50,6,2,2,4,1,0.783209042,0.235062,0,3732
accuracy focus,50,6,2,2,4,1,0.54257675,0.185189916,1,3732
accuracy focus,50,7,2,2,4,1,0.731896083,0.839545,0,3732
accuracy focus,50,7,2,2,4,1,0.716991208,0.80585675,1,3732
accuracy focus,50,8,2,2,4,1,0.659281625,0.437464875,0,3732
accuracy focus,50,8,2,2,4,1,0.708483708,0.458291084,1,3732
accuracy focus,50,9,2,2,4,1,0.625158458,0.253161208,0,3732
accuracy focus,50,9,2,2,4,1,0.71417125,0.553752791,1,3732
accuracy focus,50,10,2,2,4,1,0.856627541,0.4237445,0,3732
accuracy focus,50,10,2,2,4,1,0.760613,0.235211167,1,3732
accuracy focus,51,1,5,5,4,1,1.559906542,0.599159,0,3777
accuracy focus,51,1,5,5,4,1,1.01657,0.152294333,1,3777
accuracy focus,51,2,5,5,4,1,1.159327625,0.281063958,0,3777
accuracy focus,51,2,5,5,4,1,0.949858541,0.136329333,1,3777
accuracy focus,51,3,5,4,4,0,0.751021625,0.104483334,0,3777
accuracy focus,51,3,5,5,3,1,1.001412833,0.430304417,1,3777
accuracy focus,51,4,5,5,3,1,1.371653583,0.374844333,0,3777
accuracy focus,51,4,5,5,1,1,0.915480709,0.411665542,1,3777
accuracy focus,51,5,5,4,4,0,0.55514675,0.277772458,0,3777
accuracy focus,51,5,5,5,4,1,0.942142042,0.107602625,1,3777
accuracy focus,51,6,5,3,4,0,1.26173225,0.202270958,0,3777
accuracy focus,51,6,5,2,4,0,0.634922458,0.155516625,1,3777
accuracy focus,51,7,5,5,4,1,2.216605292,0.408505334,0,3777
accuracy focus,51,7,5,3,4,0,0.901773542,0.858324459,1,3777
accuracy focus,51,8,5,5,4,1,1.608825166,1.701176125,0,3777
accuracy focus,51,8,5,5,4,1,1.327599042,0.482422042,1,3777
accuracy focus,51,9,5,3,4,0,0.848179917,0.305145209,0,3777
accuracy focus,51,9,5,5,4,1,1.172962666,0.373498666,1,3777
accuracy focus,51,10,5,5,4,1,0.942070083,0.442890709,0,3777
accuracy focus,51,10,5,5,4,1,0.841410041,0.347331208,1,3777
accuracy focus,52,1,5,5,4,1,0.996137542,0.5045345,0,3929
accuracy focus,52,1,5,5,4,1,0.801315667,0.219195875,1,3929
accuracy focus,52,2,5,5,4,1,0.764733,0.231716167,0,3929
accuracy focus,52,2,5,5,4,1,0.789512,0.218190666,1,3929
accuracy focus,52,3,5,5,4,1,0.895593625,0.237883666,0,3929
accuracy focus,52,3,5,5,1,1,0.76671475,0.489271625,1,3929
accuracy focus,52,4,5,5,4,1,0.732178541,0.346173084,0,3929
accuracy focus,52,4,5,7,2,0,0.9846905,0.378788542,1,3929
accuracy focus,52,5,5,4,4,0,0.60765275,0.316573041,0,3929
accuracy focus,52,5,5,5,4,1,0.79979425,0.162590166,1,3929
accuracy focus,52,6,5,5,4,1,0.879098667,0.15578475,0,3929
accuracy focus,52,6,5,5,4,1,0.563588833,0.138425417,1,3929
accuracy focus,52,7,5,5,4,1,0.884640666,0.481844792,0,3929
accuracy focus,52,7,5,5,4,1,1.154954458,0.624602542,1,3929
accuracy focus,52,8,5,5,4,1,1.034858666,0.418124417,0,3929
accuracy focus,52,8,5,5,4,1,0.722066417,0.611657583,1,3929
accuracy focus,52,9,5,5,4,1,1.097324083,0.800308125,0,3929
accuracy focus,52,9,5,5,4,1,0.951470791,0.506469125,1,3929
accuracy focus,52,10,5,5,4,1,1.425397209,0.455949916,0,3929
accuracy focus,52,10,5,5,4,1,1.170283084,0.362437625,1,3929
accuracy focus,53,1,2,2,4,1,0.618163542,0.090437875,0,3947
accuracy focus,53,1,2,8,4,0,0.706898208,0.568591667,1,3947
accuracy focus,53,2,2,2,4,1,0.7315985,0.218482166,0,3947
accuracy focus,53,2,2,2,4,1,0.618709542,0.283984833,1,3947
accuracy focus,53,3,2,2,4,1,0.542246708,0.649071375,0,3947
accuracy focus,53,3,2,2,4,1,0.528937583,1.16629975,1,3947
accuracy focus,53,4,2,2,1,1,0.719626166,0.343763667,0,3947
accuracy focus,53,4,2,7,2,0,0.946302125,0.284971125,1,3947
accuracy focus,53,5,2,8,4,0,1.060598167,0.217228708,0,3947
accuracy focus,53,5,2,2,4,1,1.03202275,0.338571,1,3947
accuracy focus,53,6,2,3,2,0,0.727267916,0.25081925,0,3947
accuracy focus,53,6,2,2,4,1,0.607202916,0.555736125,1,3947
accuracy focus,53,7,2,2,3,1,1.110895625,0.426094667,0,3947
accuracy focus,53,7,2,7,3,0,1.194891792,0.791570125,1,3947
accuracy focus,53,8,2,2,4,1,0.847784709,0.804337875,0,3947
accuracy focus,53,8,2,2,4,1,1.384478542,0.963189416,1,3947
accuracy focus,53,9,2,7,2,0,0.905228709,1.735503375,0,3947
accuracy focus,53,9,2,8,4,0,0.8784425,0.486896459,1,3947
accuracy focus,53,10,2,2,4,1,2.366482209,0.393172625,0,3947
accuracy focus,53,10,2,7,4,0,1.015329125,0.326725959,1,3947
accuracy focus,54,1,4,3,4,0,0.708274,0.428025792,0,4013
accuracy focus,54,1,4,4,4,1,1.088773417,1.321503667,1,4013
accuracy focus,54,2,4,4,4,1,0.787691292,0.202477375,0,4013
accuracy focus,54,2,4,4,4,1,0.587930209,0.185384333,1,4013
accuracy focus,54,3,4,4,4,1,0.683821,0.137845459,0,4013
accuracy focus,54,3,4,4,4,1,0.6424975,0.803015333,1,4013
accuracy focus,54,4,4,4,4,1,0.896728833,0.327172667,0,4013
accuracy focus,54,4,4,4,4,1,1.173547958,1.336483541,1,4013
accuracy focus,54,5,4,4,4,1,0.5351125,0.229879792,0,4013
accuracy focus,54,5,4,4,4,1,1.354870166,0.210131541,1,4013
accuracy focus,54,6,4,4,4,1,0.823837667,0.152398625,0,4013
accuracy focus,54,6,4,4,4,1,0.645280125,0.15229025,1,4013
accuracy focus,54,7,4,4,4,1,0.747604875,0.339467334,0,4013
accuracy focus,54,7,4,4,4,1,0.831042084,0.951511125,1,4013
accuracy focus,54,8,4,4,4,1,0.920630667,0.622815084,0,4013
accuracy focus,54,8,4,4,4,1,0.78921975,0.355156625,1,4013
accuracy focus,54,9,4,4,4,1,0.657507167,0.36676375,0,4013
accuracy focus,54,9,4,4,4,1,0.750285166,0.299258708,1,4013
accuracy focus,54,10,4,4,4,1,0.780674125,0.185387417,0,4013
accuracy focus,54,10,4,4,4,1,1.014863166,0.347424916,1,4013
accuracy focus,55,1,4,8,1,0,2.294665209,0.328260875,0,4047
accuracy focus,55,1,4,6,2,0,2.192854375,0.185101917,1,4047
accuracy focus,55,2,4,8,2,0,1.423130375,0.586260792,0,4047
accuracy focus,55,2,4,8,4,0,0.837784209,0.152557167,1,4047
accuracy focus,55,3,4,4,4,1,0.701361583,0.20426225,0,4047
accuracy focus,55,3,4,4,4,1,0.600972833,0.669784,1,4047
accuracy focus,55,4,4,4,3,1,1.397968209,0.522400167,0,4047
accuracy focus,55,4,4,8,3,0,0.881744458,0.425319791,1,4047
accuracy focus,55,5,4,4,4,1,0.722995917,0.169217417,0,4047
accuracy focus,55,5,4,4,4,1,0.593515833,0.176482167,1,4047
accuracy focus,55,6,4,4,4,1,0.786578708,0.185688625,0,4047
accuracy focus,55,6,4,4,4,1,0.678038833,0.155903459,1,4047
accuracy focus,55,7,4,4,4,1,1.456716458,0.5067275,0,4047
accuracy focus,55,7,4,4,4,1,0.8257485,0.750093041,1,4047
accuracy focus,55,8,4,4,4,1,0.621895875,0.377647333,0,4047
accuracy focus,55,8,4,4,4,1,0.780657542,0.494608041,1,4047
accuracy focus,55,9,4,4,3,1,0.884929375,0.827522708,0,4047
accuracy focus,55,9,4,4,4,1,0.944967292,0.394625667,1,4047
accuracy focus,55,10,4,4,4,1,0.730557083,0.281519708,0,4047
accuracy focus,55,10,4,4,4,1,1.09903,0.218300208,1,4047
accuracy focus,56,1,8,8,3,1,0.66113825,0.362288834,0,4087
accuracy focus,56,1,8,8,4,1,0.698815875,0.779443458,1,4087
accuracy focus,56,2,8,8,2,1,1.305310542,0.650501042,0,4087
accuracy focus,56,2,8,6,2,0,1.009211792,0.297667125,1,4087
accuracy focus,56,3,8,8,4,1,0.774327917,0.144241667,0,4087
accuracy focus,56,3,8,8,4,1,0.75959375,0.759861667,1,4087
accuracy focus,56,4,8,8,4,1,0.841268042,0.280973042,0,4087
accuracy focus,56,4,8,8,3,1,0.694617625,0.184035917,1,4087
accuracy focus,56,5,8,7,1,0,0.787013458,0.778690417,0,4087
accuracy focus,56,5,8,6,4,0,0.588271625,0.244311,1,4087
accuracy focus,56,6,8,4,4,0,0.794530958,0.600818167,0,4087
accuracy focus,56,6,8,8,4,1,0.730983625,0.1530545,1,4087
accuracy focus,56,7,8,8,4,1,0.625958625,0.350164958,0,4087
accuracy focus,56,7,8,8,4,1,0.922809167,0.865029458,1,4087
accuracy focus,56,8,8,8,4,1,0.690882167,0.404923375,0,4087
accuracy focus,56,8,8,8,3,1,0.776610292,0.317520291,1,4087
accuracy focus,56,9,8,8,4,1,0.924978125,0.520936541,0,4087
accuracy focus,56,9,8,8,4,1,0.984925125,1.413879209,1,4087
accuracy focus,56,10,8,8,4,1,0.702673417,0.219189084,0,4087
accuracy focus,56,10,8,8,4,1,0.694447833,0.215347959,1,4087
accuracy focus,57,1,3,3,4,1,1.09328975,0.33188575,0,4307
accuracy focus,57,1,3,5,4,0,1.685068041,0.182280333,1,4307
accuracy focus,57,2,3,7,4,0,1.115862916,0.248038542,0,4307
accuracy focus,57,2,3,7,1,0,0.949569083,0.185861084,1,4307
accuracy focus,57,3,3,3,2,1,0.794544709,0.332588458,0,4307
accuracy focus,57,3,3,7,2,0,0.932654917,0.535664833,1,4307
accuracy focus,57,4,3,2,3,0,0.906125958,0.343709333,0,4307
accuracy focus,57,4,3,2,2,0,1.682513875,1.01675275,1,4307
accuracy focus,57,5,3,4,4,0,0.623596666,0.229749708,0,4307
accuracy focus,57,5,3,6,4,0,1.076478875,0.126091625,1,4307
accuracy focus,57,6,3,7,4,0,0.744012791,0.152272791,0,4307
accuracy focus,57,6,3,3,4,1,0.684231875,0.586894708,1,4307
accuracy focus,57,7,3,3,4,1,1.240722292,0.484061583,0,4307
accuracy focus,57,7,3,3,3,1,1.025582167,0.454427292,1,4307
accuracy focus,57,8,3,3,2,1,0.948803958,0.417695041,0,4307
accuracy focus,57,8,3,5,3,0,1.495893292,0.546298375,1,4307
accuracy focus,57,9,3,7,2,0,1.083063375,0.532375208,0,4307
accuracy focus,57,9,3,3,4,1,0.904697083,0.834856458,1,4307
accuracy focus,57,10,3,8,4,0,0.654946416,0.169187791,0,4307
accuracy focus,57,10,3,7,4,0,0.6452205,0.234411583,1,4307
accuracy focus,58,1,6,6,4,1,1.299932917,0.442005292,0,4417
accuracy focus,58,1,6,6,4,1,1.18937075,3.126533292,1,4417
accuracy focus,58,2,6,6,4,1,0.753419625,0.185302666,0,4417
accuracy focus,58,2,6,6,4,1,0.726089083,0.18583725,1,4417
accuracy focus,58,3,6,6,4,1,1.159363,0.403885167,0,4417
accuracy focus,58,3,6,7,1,0,0.6815135,0.7020725,1,4417
accuracy focus,58,4,6,6,3,1,0.698441,0.440893625,0,4417
accuracy focus,58,4,6,6,4,1,1.070679667,0.442936042,1,4417
accuracy focus,58,5,6,6,4,1,0.454821542,0.111636333,0,4417
accuracy focus,58,5,6,6,4,1,1.036783791,0.279366,1,4417
accuracy focus,58,6,6,6,4,1,0.819470167,0.188961042,0,4417
accuracy focus,58,6,6,6,4,1,0.79193575,0.119029875,1,4417
accuracy focus,58,7,6,6,4,1,2.558874791,1.065967583,0,4417
accuracy focus,58,7,6,6,4,1,0.867152083,0.832369542,1,4417
accuracy focus,58,8,6,6,3,1,1.207599375,2.32640825,0,4417
accuracy focus,58,8,6,6,4,1,1.215654167,0.291879792,1,4417
accuracy focus,58,9,6,6,4,1,0.910566208,0.286515875,0,4417
accuracy focus,58,9,6,6,4,1,0.925297958,0.337863083,1,4417
accuracy focus,58,10,6,6,4,1,1.779113166,0.455361625,0,4417
accuracy focus,58,10,6,6,4,1,0.870445958,0.20530175,1,4417
accuracy focus,59,1,3,3,4,1,0.688309875,0.247737417,0,4436
accuracy focus,59,1,3,3,4,1,0.899690125,0.11973625,1,4436
accuracy focus,59,2,3,3,4,1,0.938347959,0.185944166,0,4436
accuracy focus,59,2,3,8,4,0,1.047414125,0.347315209,1,4436
accuracy focus,59,3,3,3,4,1,0.860283958,0.342593375,0,4436
accuracy focus,59,3,3,3,2,1,0.809145208,0.376584792,1,4436
accuracy focus,59,4,3,6,2,0,0.918659458,0.439371625,0,4436
accuracy focus,59,4,3,8,2,0,0.99422625,0.28140575,1,4436
accuracy focus,59,5,3,3,4,1,0.877403666,0.230701125,0,4436
accuracy focus,59,5,3,8,4,0,0.663754708,0.348475542,1,4436
accuracy focus,59,6,3,3,4,1,2.233699875,0.198550959,0,4436
accuracy focus,59,6,3,3,4,1,0.95240525,0.264665666,1,4436
accuracy focus,59,7,3,3,4,1,0.990085375,0.56122025,0,4436
accuracy focus,59,7,3,3,4,1,0.90346025,0.854325208,1,4436
accuracy focus,59,8,3,3,4,1,1.023044375,0.67765325,0,4436
accuracy focus,59,8,3,3,4,1,1.162539667,0.444664667,1,4436
accuracy focus,59,9,3,7,4,0,0.864440291,0.512645625,0,4436
accuracy focus,59,9,3,3,4,1,1.412565875,0.999099958,1,4436
accuracy focus,59,10,3,7,4,0,0.969463667,0.280992875,0,4436
accuracy focus,59,10,3,3,4,1,1.63799775,0.458820084,1,4436
accuracy focus,60,1,5,5,4,1,0.991180042,0.39512975,0,4441
accuracy focus,60,1,5,5,4,1,1.303617917,0.26248525,1,4441
accuracy focus,60,2,5,5,4,1,0.724064042,0.123332541,0,4441
accuracy focus,60,2,5,5,4,1,0.80945975,0.139320833,1,4441
accuracy focus,60,3,5,5,4,1,0.7139895,0.177328583,0,4441
accuracy focus,60,3,5,5,4,1,0.715213834,0.635653625,1,4441
accuracy focus,60,4,5,4,4,0,0.726158375,0.922209333,0,4441
accuracy focus,60,4,5,5,1,1,0.978513125,0.18779175,1,4441
accuracy focus,60,5,5,5,4,1,0.893405292,0.117935292,0,4441
accuracy focus,60,5,5,5,4,1,0.613079958,0.24368075,1,4441
accuracy focus,60,6,5,5,4,1,0.750826333,0.2474645,0,4441
accuracy focus,60,6,5,3,4,0,0.6088625,0.169286375,1,4441
accuracy focus,60,7,5,5,4,1,0.896865334,0.439752,0,4441
accuracy focus,60,7,5,5,4,1,0.797010166,0.819605958,1,4441
accuracy focus,60,8,5,5,4,1,1.102076666,1.206988917,0,4441
accuracy focus,60,8,5,5,4,1,0.795958792,0.257953917,1,4441
accuracy focus,60,9,5,5,4,1,2.772327417,0.606382958,0,4441
accuracy focus,60,9,5,5,4,1,0.883804375,0.238916584,1,4441
accuracy focus,60,10,5,5,4,1,1.026001208,0.327216084,0,4441
accuracy focus,60,10,5,5,4,1,0.740499459,0.172284958,1,4441
accuracy focus,61,1,2,2,4,1,0.632665625,0.264718084,0,4507
accuracy focus,61,1,2,2,4,1,0.639751291,0.218510291,1,4507
accuracy focus,61,2,2,2,4,1,0.658577958,0.329392583,0,4507
accuracy focus,61,2,2,2,4,1,0.6501105,0.218490167,1,4507
accuracy focus,61,3,2,2,4,1,0.653371625,0.530855667,0,4507
accuracy focus,61,3,2,2,3,1,0.581821083,1.238616333,1,4507
accuracy focus,61,4,2,2,3,1,0.571142667,0.490530916,0,4507
accuracy focus,61,4,2,2,4,1,0.751483458,0.506648583,1,4507
accuracy focus,61,5,2,3,1,0,0.608144916,0.987598292,0,4507
accuracy focus,61,5,2,2,4,1,0.587432292,0.21816025,1,4507
accuracy focus,61,6,2,2,4,1,0.5973045,0.235169458,0,4507
accuracy focus,61,6,2,2,2,1,0.663415958,0.921597291,1,4507
accuracy focus,61,7,2,2,4,1,1.147245584,0.500918584,0,4507
accuracy focus,61,7,2,2,4,1,1.01777425,0.505264042,1,4507
accuracy focus,61,8,2,2,4,1,0.715351625,0.653756625,0,4507
accuracy focus,61,8,2,2,4,1,1.036425333,0.882218125,1,4507
accuracy focus,61,9,2,2,4,1,0.989708667,0.994107417,0,4507
accuracy focus,61,9,2,2,4,1,0.837258125,0.432119125,1,4507
accuracy focus,61,10,2,2,4,1,0.693852792,0.567474042,0,4507
accuracy focus,61,10,2,2,4,1,0.8224635,0.235146083,1,4507
accuracy focus,62,1,1,1,4,1,0.524811209,0.249179042,0,4607
accuracy focus,62,1,1,1,4,1,0.551781375,0.168050041,1,4607
accuracy focus,62,2,1,1,4,1,0.562876667,0.16779975,0,4607
accuracy focus,62,2,1,1,4,1,0.634821375,0.201601334,1,4607
accuracy focus,62,3,1,7,2,0,0.564445,0.230899167,0,4607
accuracy focus,62,3,1,1,4,1,0.715378625,0.362887958,1,4607
accuracy focus,62,4,1,7,2,0,0.817204917,0.297397708,0,4607
accuracy focus,62,4,1,7,3,0,0.787117833,0.392778833,1,4607
accuracy focus,62,5,1,1,4,1,0.661243583,0.1304945,0,4607
accuracy focus,62,5,1,1,4,1,0.687396416,0.223650416,1,4607
accuracy focus,62,6,1,1,4,1,0.639641,0.232866041,0,4607
accuracy focus,62,6,1,4,4,0,0.792549791,0.169439458,1,4607
accuracy focus,62,7,1,1,4,1,0.948931041,0.492350125,0,4607
accuracy focus,62,7,1,1,4,1,0.99844125,0.513225583,1,4607
accuracy focus,62,8,1,7,2,0,0.9577195,1.130732375,0,4607
accuracy focus,62,8,1,7,3,0,0.693236542,0.694556333,1,4607
accuracy focus,62,9,1,1,3,1,0.871311834,1.422595875,0,4607
accuracy focus,62,9,1,1,2,1,1.17313575,1.551695458,1,4607
accuracy focus,62,10,1,1,4,1,0.7386215,0.234980625,0,4607
accuracy focus,62,10,1,1,4,1,0.666061375,0.234762917,1,4607
accuracy focus,63,1,2,2,4,1,0.6926055,0.5066615,0,4616
accuracy focus,63,1,2,2,4,1,0.51390225,0.281783417,1,4616
accuracy focus,63,2,2,2,4,1,0.756536833,0.156119709,0,4616
accuracy focus,63,2,2,2,4,1,0.666954541,0.155798083,1,4616
accuracy focus,63,3,2,6,1,0,0.533832667,1.102275042,0,4616
accuracy focus,63,3,2,2,1,1,0.601356458,0.661894792,1,4616
accuracy focus,63,4,2,2,1,1,0.958715042,0.394133791,0,4616
accuracy focus,63,4,2,2,3,1,0.684421209,0.297607959,1,4616
accuracy focus,63,5,2,2,4,1,0.599557542,0.550580875,0,4616
accuracy focus,63,5,2,2,4,1,0.505265959,0.107223666,1,4616
accuracy focus,63,6,2,2,4,1,0.577594083,0.202005291,0,4616
accuracy focus,63,6,2,3,2,0,0.613165417,0.168854416,1,4616
accuracy focus,63,7,2,2,4,1,0.843066583,0.829270417,0,4616
accuracy focus,63,7,2,2,4,1,1.771343708,0.812228334,1,4616
accuracy focus,63,8,2,2,4,1,1.223150125,0.451725375,0,4616
accuracy focus,63,8,2,2,4,1,0.720926791,0.51187625,1,4616
accuracy focus,63,9,2,2,4,1,0.750534709,0.506810291,0,4616
accuracy focus,63,9,2,2,4,1,0.737544417,0.239066875,1,4616
accuracy focus,63,10,2,2,4,1,1.019900209,0.34765075,0,4616
accuracy focus,63,10,2,2,4,1,1.139424209,0.218614708,1,4616
accuracy focus,64,1,6,6,4,1,0.935604166,0.424700333,0,4699
accuracy focus,64,1,6,6,4,1,1.40143575,0.329052041,1,4699
accuracy focus,64,2,6,6,4,1,0.727801167,0.218975792,0,4699
accuracy focus,64,2,6,6,4,1,0.768271375,0.185590583,1,4699
accuracy focus,64,3,6,6,1,1,0.807145583,0.303948834,0,4699
accuracy focus,64,3,6,6,4,1,1.131195542,0.410005708,1,4699
accuracy focus,64,4,6,6,4,1,0.717463542,0.617412625,0,4699
accuracy focus,64,4,6,7,4,0,1.006149917,0.424850541,1,4699
accuracy focus,64,5,6,6,4,1,0.966788166,0.155637083,0,4699
accuracy focus,64,5,6,6,4,1,0.697232666,0.211318333,1,4699
accuracy focus,64,6,6,6,4,1,1.150553708,0.218572459,0,4699
accuracy focus,64,6,6,6,4,1,0.769456292,0.185480583,1,4699
accuracy focus,64,7,6,6,4,1,1.78170875,0.446652167,0,4699
accuracy focus,64,7,6,6,4,1,0.790397084,0.784409125,1,4699
accuracy focus,64,8,6,6,4,1,1.410165416,0.72545325,0,4699
accuracy focus,64,8,6,6,3,1,1.559595375,0.576822125,1,4699
accuracy focus,64,9,6,6,4,1,1.218176375,1.107779625,0,4699
accuracy focus,64,9,6,6,4,1,1.086674292,0.275245375,1,4699
accuracy focus,64,10,6,6,4,1,0.941586083,0.809415167,0,4699
accuracy focus,64,10,6,6,4,1,1.340857334,0.489260834,1,4699
accuracy focus,65,1,4,4,2,1,0.608587041,0.361438625,0,4752
accuracy focus,65,1,4,4,4,1,0.690004875,0.199772667,1,4752
accuracy focus,65,2,4,4,4,1,0.763294459,0.185510875,0,4752
accuracy focus,65,2,4,4,4,1,0.694179791,0.156167875,1,4752
accuracy focus,65,3,4,4,4,1,0.708343542,0.285388375,0,4752
accuracy focus,65,3,4,4,4,1,0.721012333,1.64459225,1,4752
accuracy focus,65,4,4,4,3,1,0.8580555,0.458232667,0,4752
accuracy focus,65,4,4,4,4,1,0.975053542,0.394240791,1,4752
accuracy focus,65,5,4,4,4,1,0.560612416,0.203566458,0,4752
accuracy focus,65,5,4,3,3,0,0.553831958,0.348547458,1,4752
accuracy focus,65,6,4,4,4,1,0.617175209,0.170391917,0,4752
accuracy focus,65,6,4,4,1,1,0.741320333,0.251394167,1,4752
accuracy focus,65,7,4,4,4,1,0.80346125,0.421058917,0,4752
accuracy focus,65,7,4,5,2,0,1.106081458,1.537253292,1,4752
accuracy focus,65,8,4,4,4,1,0.69546775,0.731022166,0,4752
accuracy focus,65,8,4,4,4,1,0.63487225,0.411126208,1,4752
accuracy focus,65,9,4,4,4,1,0.776898583,1.53564325,0,4752
accuracy focus,65,9,4,4,4,1,0.778707,0.756401541,1,4752
accuracy focus,65,10,4,4,4,1,1.172039709,1.243444541,0,4752
accuracy focus,65,10,4,4,4,1,0.975404625,0.281303167,1,4752
accuracy focus,66,1,8,8,4,1,0.888682125,0.521246834,0,4880
accuracy focus,66,1,8,8,1,1,0.725346583,0.345715375,1,4880
accuracy focus,66,2,8,6,4,0,1.061435667,0.297450709,0,4880
accuracy focus,66,2,8,8,4,1,0.803474125,0.135947791,1,4880
accuracy focus,66,3,8,8,3,1,0.800997375,0.310646291,0,4880
accuracy focus,66,3,8,6,1,0,0.87393525,0.50322625,1,4880
accuracy focus,66,4,8,5,3,0,0.910051875,0.280912666,0,4880
accuracy focus,66,4,8,8,1,1,1.195177208,0.201266334,1,4880
accuracy focus,66,5,8,6,1,0,0.634576291,0.72972075,0,4880
accuracy focus,66,5,8,7,1,0,0.449480875,0.616717125,1,4880
accuracy focus,66,6,8,8,4,1,0.989221208,0.156359625,0,4880
accuracy focus,66,6,8,8,4,1,0.808722291,0.202095875,1,4880
accuracy focus,66,7,8,8,4,1,1.473770791,0.265994083,0,4880
accuracy focus,66,7,8,8,4,1,0.789115375,0.377874584,1,4880
accuracy focus,66,8,8,8,4,1,0.815988292,0.26480125,0,4880
accuracy focus,66,8,8,8,4,1,1.02562775,0.345499542,1,4880
accuracy focus,66,9,8,8,4,1,1.149273791,1.525207416,0,4880
accuracy focus,66,9,8,8,4,1,1.01899175,0.656102209,1,4880
accuracy focus,66,10,8,4,4,0,1.121290291,0.347173375,0,4880
accuracy focus,66,10,8,4,4,0,1.053952417,0.234541458,1,4880
accuracy focus,67,1,3,3,4,1,0.655396833,0.825996708,0,4929
accuracy focus,67,1,3,3,2,1,1.026136833,0.699792416,1,4929
accuracy focus,67,2,3,3,4,1,0.944908583,0.201793667,0,4929
accuracy focus,67,2,3,3,4,1,0.678549209,0.136014875,1,4929
accuracy focus,67,3,3,3,4,1,0.658483,0.25017725,0,4929
accuracy focus,67,3,3,3,1,1,0.682397958,1.338476167,1,4929
accuracy focus,67,4,3,3,2,1,1.144029917,0.4580965,0,4929
accuracy focus,67,4,3,3,1,1,0.789254333,0.218016208,1,4929
accuracy focus,67,5,3,3,4,1,0.762748375,0.356439417,0,4929
accuracy focus,67,5,3,3,4,1,0.5849735,0.238560958,1,4929
accuracy focus,67,6,3,3,4,1,0.719995583,0.218409375,0,4929
accuracy focus,67,6,3,3,2,1,1.00227125,0.185497125,1,4929
accuracy focus,67,7,3,3,4,1,1.369772458,0.400240542,0,4929
accuracy focus,67,7,3,3,4,1,0.878711458,0.486122125,1,4929
accuracy focus,67,8,3,3,2,1,0.833459209,0.424634917,0,4929
accuracy focus,67,8,3,3,3,1,0.741663166,0.411507166,1,4929
accuracy focus,67,9,3,3,4,1,0.785060583,0.465196917,0,4929
accuracy focus,67,9,3,3,4,1,0.830511334,0.757304042,1,4929
accuracy focus,67,10,3,2,3,0,0.687480417,1.098850292,0,4929
accuracy focus,67,10,3,3,4,1,1.351253833,0.265124125,1,4929
accuracy focus,68,1,4,4,4,1,0.798221834,0.263928459,0,5024
accuracy focus,68,1,4,4,4,1,0.8618,0.61530075,1,5024
accuracy focus,68,2,4,4,4,1,1.144766708,0.235012208,0,5024
accuracy focus,68,2,4,4,4,1,0.62806375,0.169376125,1,5024
accuracy focus,68,3,4,4,4,1,0.727691959,0.210669666,0,5024
accuracy focus,68,3,4,4,4,1,0.920449625,0.437194708,1,5024
accuracy focus,68,4,4,7,2,0,1.030756083,0.380703,0,5024
accuracy focus,68,4,4,4,2,1,1.301513,0.50659475,1,5024
accuracy focus,68,5,4,4,4,1,0.814070208,0.184132542,0,5024
accuracy focus,68,5,4,4,4,1,0.539080584,0.184477208,1,5024
accuracy focus,68,6,4,4,4,1,0.70696575,0.152503375,0,5024
accuracy focus,68,6,4,4,4,1,0.595676292,0.155733416,1,5024
accuracy focus,68,7,4,4,3,1,0.862934708,0.604431,0,5024
accuracy focus,68,7,4,4,4,1,0.858903917,0.758553375,1,5024
accuracy focus,68,8,4,4,4,1,1.11662875,0.570408209,0,5024
accuracy focus,68,8,4,4,4,1,1.125777667,0.452250333,1,5024
accuracy focus,68,9,4,4,3,1,0.78343875,1.048316916,0,5024
accuracy focus,68,9,4,4,4,1,0.863476417,0.775704,1,5024
accuracy focus,68,10,4,4,4,1,0.736949208,1.897835875,0,5024
accuracy focus,68,10,4,4,4,1,0.630575458,0.263980041,1,5024
accuracy focus,69,1,3,3,4,1,0.72066975,0.345648417,0,5068
accuracy focus,69,1,3,3,4,1,0.729217958,0.345638917,1,5068
accuracy focus,69,2,3,3,4,1,0.935623084,0.218801209,0,5068
accuracy focus,69,2,3,3,3,1,1.030215917,0.728527333,1,5068
accuracy focus,69,3,3,3,4,1,0.662676167,0.30454425,0,5068
accuracy focus,69,3,3,3,2,1,1.013034042,0.292405125,1,5068
accuracy focus,69,4,3,3,1,1,0.99848,0.36070675,0,5068
accuracy focus,69,4,3,3,1,1,0.943156541,0.458303167,1,5068
accuracy focus,69,5,3,2,1,0,0.678627291,0.707807291,0,5068
accuracy focus,69,5,3,3,4,1,0.716458292,0.218475208,1,5068
accuracy focus,69,6,3,3,3,1,1.1131155,0.156301875,0,5068
accuracy focus,69,6,3,3,4,1,0.732893791,0.15251475,1,5068
accuracy focus,69,7,3,3,3,1,1.116032042,0.373380416,0,5068
accuracy focus,69,7,3,4,1,0,0.971471709,1.119756458,1,5068
accuracy focus,69,8,3,2,2,0,1.915329542,0.42866625,0,5068
accuracy focus,69,8,3,2,4,0,0.751587083,0.480172208,1,5068
accuracy focus,69,9,3,3,3,1,0.965355083,0.586482708,0,5068
accuracy focus,69,9,3,8,2,0,1.755714875,0.90060275,1,5068
accuracy focus,69,10,3,3,3,1,1.588569292,1.08135825,0,5068
accuracy focus,69,10,3,8,3,0,1.246249667,1.704290417,1,5068
accuracy focus,70,1,6,6,4,1,1.334740125,0.585069792,0,5162
accuracy focus,70,1,6,6,4,1,1.139955583,0.216316875,1,5162
accuracy focus,70,2,6,6,4,1,0.697418458,0.2353905,0,5162
accuracy focus,70,2,6,6,4,1,1.332678666,0.4724315,1,5162
accuracy focus,70,3,6,6,2,1,1.253357666,0.303190041,0,5162
accuracy focus,70,3,6,7,2,0,0.801395417,0.416009583,1,5162
accuracy focus,70,4,6,6,2,1,0.964705791,0.330789583,0,5162
accuracy focus,70,4,6,4,4,0,0.75759625,0.457490917,1,5162
accuracy focus,70,5,6,7,4,0,0.734779584,0.1904495,0,5162
accuracy focus,70,5,6,4,4,0,0.456869375,0.485328959,1,5162
accuracy focus,70,6,6,6,4,1,0.596055542,0.172119083,0,5162
accuracy focus,70,6,6,5,3,0,1.023395791,0.311018542,1,5162
accuracy focus,70,7,6,6,3,1,1.455697292,0.446957583,0,5162
accuracy focus,70,7,6,6,4,1,0.816146417,0.848979583,1,5162
accuracy focus,70,8,6,6,4,1,0.986536208,0.485838291,0,5162
accuracy focus,70,8,6,6,4,1,0.917990541,0.471740875,1,5162
accuracy focus,70,9,6,6,4,1,1.251183416,0.9063725,0,5162
accuracy focus,70,9,6,6,4,1,0.913939875,0.365354792,1,5162
accuracy focus,70,10,6,6,4,1,1.256221125,0.364201542,0,5162
accuracy focus,70,10,6,6,4,1,1.907686917,0.264762542,1,5162
accuracy focus,71,1,7,7,4,1,1.078528375,1.0811355,0,5163
accuracy focus,71,1,7,7,4,1,1.074136208,0.331743541,1,5163
accuracy focus,71,2,7,7,4,1,0.934856708,0.442059583,0,5163
accuracy focus,71,2,7,7,4,1,1.027247875,0.172809,1,5163
accuracy focus,71,3,7,7,4,1,0.740876583,0.209962917,0,5163
accuracy focus,71,3,7,2,2,0,0.503633584,1.32191325,1,5163
accuracy focus,71,4,7,2,1,0,0.618884334,0.552117583,0,5163
accuracy focus,71,4,7,2,3,0,0.738058583,0.361453542,1,5163
accuracy focus,71,5,7,7,4,1,0.816380458,0.13036225,0,5163
accuracy focus,71,5,7,2,4,0,0.90324875,0.236019375,1,5163
accuracy focus,71,6,7,7,4,1,0.787517709,0.138054708,0,5163
accuracy focus,71,6,7,7,4,1,0.649714958,0.136291,1,5163
accuracy focus,71,7,7,2,1,0,2.613216292,0.615005667,0,5163
accuracy focus,71,7,7,7,4,1,1.371926208,0.708101292,1,5163
accuracy focus,71,8,7,7,3,1,0.965163625,1.255273459,0,5163
accuracy focus,71,8,7,7,2,1,0.853166458,0.3572895,1,5163
accuracy focus,71,9,7,7,3,1,1.266915833,0.802590875,0,5163
accuracy focus,71,9,7,3,3,0,1.3743865,0.445873333,1,5163
accuracy focus,71,10,7,2,4,0,0.79323825,0.4260175,0,5163
accuracy focus,71,10,7,7,4,1,1.135524625,0.218295875,1,5163
accuracy focus,72,1,2,2,3,1,0.5591705,0.408655167,0,5190
accuracy focus,72,1,2,2,4,1,0.485170334,0.282481334,1,5190
accuracy focus,72,2,2,2,4,1,0.680628625,0.235281459,0,5190
accuracy focus,72,2,2,2,4,1,0.6286335,0.185250459,1,5190
accuracy focus,72,3,2,2,4,1,0.661496041,0.342789375,0,5190
accuracy focus,72,3,2,2,4,1,0.488056542,1.33176025,1,5190
accuracy focus,72,4,2,2,3,1,0.726150041,0.604653458,0,5190
accuracy focus,72,4,2,2,2,1,0.58808225,0.442217541,1,5190
accuracy focus,72,5,2,3,4,0,0.71473925,0.2837455,0,5190
accuracy focus,72,5,2,2,4,1,0.627074208,0.196525,1,5190
accuracy focus,72,6,2,2,4,1,0.806702417,0.248189083,0,5190
accuracy focus,72,6,2,2,2,1,0.637225959,0.553415167,1,5190
accuracy focus,72,7,2,2,4,1,0.803791375,0.389064375,0,5190
accuracy focus,72,7,2,2,4,1,1.442121416,0.766053958,1,5190
accuracy focus,72,8,2,2,4,1,0.637357042,0.41137725,0,5190
accuracy focus,72,8,2,2,3,1,0.653783208,0.311208666,1,5190
accuracy focus,72,9,2,2,4,1,0.616868917,0.252044334,0,5190
accuracy focus,72,9,2,2,4,1,0.883778541,0.381169958,1,5190
accuracy focus,72,10,2,2,4,1,0.693265208,0.396639375,0,5190
accuracy focus,72,10,2,2,4,1,0.793091042,0.169140625,1,5190
accuracy focus,73,1,5,5,4,1,0.927358167,0.361844417,0,5340
accuracy focus,73,1,5,5,4,1,0.819040458,0.329189,1,5340
accuracy focus,73,2,5,5,4,1,0.927343458,0.121872,0,5340
accuracy focus,73,2,5,5,4,1,0.82577525,0.123080709,1,5340
accuracy focus,73,3,5,5,4,1,0.970207583,0.157831,0,5340
accuracy focus,73,3,5,5,2,1,0.873779791,0.489633708,1,5340
accuracy focus,73,4,5,5,2,1,1.169887584,0.217488042,0,5340
accuracy focus,73,4,5,5,4,1,0.889038417,0.315065625,1,5340
accuracy focus,73,5,5,5,4,1,0.9194015,0.100559959,0,5340
accuracy focus,73,5,5,4,1,0,0.729145958,0.547340542,1,5340
accuracy focus,73,6,5,5,4,1,0.827312791,0.199653208,0,5340
accuracy focus,73,6,5,5,4,1,0.712751,0.155737709,1,5340
accuracy focus,73,7,5,5,4,1,0.891106542,0.495587167,0,5340
accuracy focus,73,7,5,5,4,1,1.289483084,1.095402167,1,5340
accuracy focus,73,8,5,5,4,1,0.977005292,0.381516416,0,5340
accuracy focus,73,8,5,5,4,1,0.688036792,0.391517625,1,5340
accuracy focus,73,9,5,5,4,1,0.8782775,0.42639825,0,5340
accuracy focus,73,9,5,5,4,1,0.884100833,0.779248,1,5340
accuracy focus,73,10,5,5,4,1,1.786977333,0.773540542,0,5340
accuracy focus,73,10,5,5,4,1,1.123985625,0.459825042,1,5340
accuracy focus,74,1,3,3,4,1,0.67358425,0.187484708,0,5347
accuracy focus,74,1,3,3,4,1,0.575606459,0.282550667,1,5347
accuracy focus,74,2,3,3,4,1,0.660600583,0.169112166,0,5347
accuracy focus,74,2,3,3,4,1,0.649136166,0.2021855,1,5347
accuracy focus,74,3,3,3,4,1,0.614465875,0.137294417,0,5347
accuracy focus,74,3,3,3,3,1,0.654242959,0.482632875,1,5347
accuracy focus,74,4,3,2,3,0,1.696010208,0.424052,0,5347
accuracy focus,74,4,3,3,3,1,0.693718125,0.585384833,1,5347
accuracy focus,74,5,3,3,4,1,0.558270334,0.309451708,0,5347
accuracy focus,74,5,3,4,4,0,0.621322292,0.431282459,1,5347
accuracy focus,74,6,3,2,4,0,0.569427,0.489235416,0,5347
accuracy focus,74,6,3,3,3,1,0.604752708,0.14008925,1,5347
accuracy focus,74,7,3,3,4,1,1.270530959,0.4880725,0,5347
accuracy focus,74,7,3,3,4,1,1.215335583,0.332621375,1,5347
accuracy focus,74,8,3,3,4,1,0.737117833,0.48460625,0,5347
accuracy focus,74,8,3,3,2,1,0.75943175,0.364846792,1,5347
accuracy focus,74,9,3,3,4,1,0.735172334,0.438930917,0,5347
accuracy focus,74,9,3,3,4,1,0.7566455,0.406444,1,5347
accuracy focus,74,10,3,3,4,1,0.66135275,0.251154542,0,5347
accuracy focus,74,10,3,3,4,1,1.217358042,1.994890542,1,5347
accuracy focus,75,1,1,1,4,1,0.549181792,0.331580958,0,5351
accuracy focus,75,1,1,6,4,0,1.736218875,0.185941125,1,5351
accuracy focus,75,2,1,1,4,1,0.751984375,0.313991208,0,5351
accuracy focus,75,2,1,1,4,1,0.684351333,0.201408333,1,5351
accuracy focus,75,3,1,1,4,1,1.352059666,0.190940667,0,5351
accuracy focus,75,3,1,6,2,0,0.599652792,1.709450167,1,5351
accuracy focus,75,4,1,7,1,0,1.040855834,0.280237542,0,5351
accuracy focus,75,4,1,7,1,0,0.85359975,0.5052165,1,5351
accuracy focus,75,5,1,1,1,1,0.712044958,0.316607042,0,5351
accuracy focus,75,5,1,1,4,1,0.551825208,0.180765667,1,5351
accuracy focus,75,6,1,1,4,1,0.655111625,0.171466375,0,5351
accuracy focus,75,6,1,4,4,0,0.625701834,0.169105042,1,5351
accuracy focus,75,7,1,1,4,1,0.827193,0.463625833,0,5351
accuracy focus,75,7,1,1,4,1,0.866541416,0.9664845,1,5351
accuracy focus,75,8,1,7,1,0,1.0335035,0.48483575,0,5351
accuracy focus,75,8,1,7,2,0,1.283453875,0.741359167,1,5351
accuracy focus,75,9,1,1,2,1,1.244532959,0.727105667,0,5351
accuracy focus,75,9,1,7,3,0,3.032600667,2.215217708,1,5351
accuracy focus,75,10,1,7,4,0,1.269528208,0.377070667,0,5351
accuracy focus,75,10,1,7,4,0,0.7043065,0.360316166,1,5351
accuracy focus,76,1,6,6,4,1,1.252402542,0.3918975,0,5666
accuracy focus,76,1,6,6,4,1,1.121244,0.186012375,1,5666
accuracy focus,76,2,6,6,4,1,0.926999625,0.376572584,0,5666
accuracy focus,76,2,6,6,4,1,0.66448125,0.184781041,1,5666
accuracy focus,76,3,6,6,4,1,1.005524125,0.118177416,0,5666
accuracy focus,76,3,6,6,4,1,0.6815865,0.756709333,1,5666
accuracy focus,76,4,6,6,2,1,1.295410875,0.200410166,0,5666
accuracy focus,76,4,6,7,2,0,1.465038375,0.296640416,1,5666
accuracy focus,76,5,6,6,4,1,0.808180625,0.110125,0,5666
accuracy focus,76,5,6,6,4,1,0.692242584,0.183571292,1,5666
accuracy focus,76,6,6,6,4,1,0.864768667,0.215895625,0,5666
accuracy focus,76,6,6,6,4,1,0.629539958,0.153454334,1,5666
accuracy focus,76,7,6,6,4,1,0.901641125,0.501173791,0,5666
accuracy focus,76,7,6,6,4,1,4.646045958,0.457960083,1,5666
accuracy focus,76,8,6,6,3,1,0.897021,1.31090825,0,5666
accuracy focus,76,8,6,6,3,1,1.5563155,0.491476083,1,5666
accuracy focus,76,9,6,6,4,1,0.905237417,0.45851125,0,5666
accuracy focus,76,9,6,6,4,1,1.085393125,0.271864625,1,5666
accuracy focus,76,10,6,6,4,1,0.814093416,0.492161291,0,5666
accuracy focus,76,10,6,6,4,1,1.374411333,1.014470042,1,5666
accuracy focus,77,1,5,5,4,1,0.836318083,0.601657625,0,5863
accuracy focus,77,1,5,5,4,1,0.721078042,0.521761417,1,5863
accuracy focus,77,2,5,5,4,1,0.884734667,0.267259333,0,5863
accuracy focus,77,2,5,5,4,1,0.752332208,0.234259875,1,5863
accuracy focus,77,3,5,5,4,1,0.919945292,0.20501825,0,5863
accuracy focus,77,3,5,3,4,0,0.631564042,1.179127833,1,5863
accuracy focus,77,4,5,5,2,1,1.186833458,0.217539125,0,5863
accuracy focus,77,4,5,5,4,1,0.842106375,0.394901334,1,5863
accuracy focus,77,5,5,5,4,1,0.796778084,0.296334041,0,5863
accuracy focus,77,5,5,5,4,1,0.757238125,0.169515292,1,5863
accuracy focus,77,6,5,5,4,1,0.724223625,0.168481917,0,5863
accuracy focus,77,6,5,5,4,1,0.771655792,0.186181292,1,5863
accuracy focus,77,7,5,5,4,1,0.896415458,0.422422,0,5863
accuracy focus,77,7,5,5,4,1,1.055573041,0.464426959,1,5863
accuracy focus,77,8,5,5,4,1,0.974955792,0.626109042,0,5863
accuracy focus,77,8,5,5,4,1,0.825810625,0.350880583,1,5863
accuracy focus,77,9,5,5,4,1,0.823146875,0.365461708,0,5863
accuracy focus,77,9,5,5,4,1,1.1113695,0.466293417,1,5863
accuracy focus,77,10,5,5,4,1,2.681042625,0.314273,0,5863
accuracy focus,77,10,5,5,4,1,0.92987975,0.219411959,1,5863
accuracy focus,78,1,5,5,4,1,0.738102625,0.905707958,0,5911
accuracy focus,78,1,5,5,2,1,0.73483425,0.168748541,1,5911
accuracy focus,78,2,5,5,4,1,0.956744875,0.185399833,0,5911
accuracy focus,78,2,5,4,1,0,0.655076583,0.716251333,1,5911
accuracy focus,78,3,5,5,1,1,0.838326875,0.355489917,0,5911
accuracy focus,78,3,5,5,2,1,0.648629083,0.470140958,1,5911
accuracy focus,78,4,5,5,2,1,1.134585542,0.263862709,0,5911
accuracy focus,78,4,5,5,4,1,1.054734667,0.251696167,1,5911
accuracy focus,78,5,5,6,1,0,0.655446333,0.838518583,0,5911
accuracy focus,78,5,5,4,4,0,0.671149958,0.816569958,1,5911
accuracy focus,78,6,5,5,4,1,0.6944115,0.264043625,0,5911
accuracy focus,78,6,5,5,4,1,0.881726791,0.139538958,1,5911
accuracy focus,78,7,5,5,4,1,0.956873333,0.438186125,0,5911
accuracy focus,78,7,5,5,4,1,1.030372833,0.478447708,1,5911
accuracy focus,78,8,5,5,4,1,0.974243542,0.324987875,0,5911
accuracy focus,78,8,5,5,4,1,0.728646333,0.365082,1,5911
accuracy focus,78,9,5,5,4,1,0.936218958,1.274570042,0,5911
accuracy focus,78,9,5,5,4,1,0.992987042,0.198865292,1,5911
accuracy focus,78,10,5,5,4,1,1.116397292,0.458987625,0,5911
accuracy focus,78,10,5,5,4,1,1.17959,0.297228916,1,5911
accuracy focus,79,1,8,8,4,1,1.110413667,1.066174542,0,5951
accuracy focus,79,1,8,8,4,1,1.065575625,0.361796167,1,5951
accuracy focus,79,2,8,8,4,1,0.73984175,0.280872792,0,5951
accuracy focus,79,2,8,8,4,1,0.63462,0.185542709,1,5951
accuracy focus,79,3,8,8,4,1,0.638638916,0.957179834,0,5951
accuracy focus,79,3,8,8,2,1,0.663985459,0.496379667,1,5951
accuracy focus,79,4,8,8,2,1,1.038036958,0.3810515,0,5951
accuracy focus,79,4,8,8,1,1,0.919868667,0.504668458,1,5951
accuracy focus,79,5,8,8,4,1,0.82328675,0.210495458,0,5951
accuracy focus,79,5,8,8,4,1,0.614078667,0.231457125,1,5951
accuracy focus,79,6,8,8,4,1,0.657485459,0.231820041,0,5951
accuracy focus,79,6,8,8,4,1,0.619527,0.119965667,1,5951
accuracy focus,79,7,8,8,4,1,1.00351525,0.4736575,0,5951
accuracy focus,79,7,8,8,4,1,1.193621,0.486625,1,5951
accuracy focus,79,8,8,8,4,1,0.763504708,0.636997791,0,5951
accuracy focus,79,8,8,8,4,1,0.541736083,0.490979875,1,5951
accuracy focus,79,9,8,8,4,1,0.844782834,0.599500417,0,5951
accuracy focus,79,9,8,8,4,1,0.835350292,0.646542959,1,5951
accuracy focus,79,10,8,8,4,1,1.173328375,0.472754125,0,5951
accuracy focus,79,10,8,8,4,1,0.694847083,0.252496167,1,5951
accuracy focus,80,1,5,5,4,1,0.719213333,0.265067458,0,5958
accuracy focus,80,1,5,5,4,1,0.916673834,0.344507125,1,5958
accuracy focus,80,2,5,5,4,1,0.744507334,0.185735375,0,5958
accuracy focus,80,2,5,5,4,1,0.988036,0.215099958,1,5958
accuracy focus,80,3,5,5,4,1,1.366273833,0.196718708,0,5958
accuracy focus,80,3,5,5,1,1,0.594563167,0.707551625,1,5958
accuracy focus,80,4,5,5,1,1,1.138519666,0.297750834,0,5958
accuracy focus,80,4,5,7,1,0,1.066663667,0.457698042,1,5958
accuracy focus,80,5,5,7,4,0,0.565071625,0.111405959,0,5958
accuracy focus,80,5,5,5,4,1,0.674210833,0.203380167,1,5958
accuracy focus,80,6,5,5,1,1,0.852689333,0.139229,0,5958
accuracy focus,80,6,5,3,2,0,1.218812,0.19881325,1,5958
accuracy focus,80,7,5,5,4,1,0.882257084,0.413070917,0,5958
accuracy focus,80,7,5,5,4,1,0.934489917,0.384907708,1,5958
accuracy focus,80,8,5,5,4,1,1.946934,0.629444291,0,5958
accuracy focus,80,8,5,5,4,1,0.867585958,0.417854042,1,5958
accuracy focus,80,9,5,5,4,1,1.090189167,0.513848708,0,5958
accuracy focus,80,9,5,5,4,1,0.917312625,0.493146792,1,5958
accuracy focus,80,10,5,5,4,1,0.877710583,0.20232125,0,5958
accuracy focus,80,10,5,5,4,1,3.671898333,0.600125958,1,5958
accuracy focus,81,1,6,6,4,1,0.949769459,0.409077334,0,6105
accuracy focus,81,1,6,6,4,1,1.3794085,0.378334583,1,6105
accuracy focus,81,2,6,5,1,0,0.920021083,0.666695875,0,6105
accuracy focus,81,2,6,6,4,1,0.8716165,0.168711125,1,6105
accuracy focus,81,3,6,6,2,1,1.225974042,0.807177458,0,6105
accuracy focus,81,3,6,6,4,1,0.762656625,0.696610416,1,6105
accuracy focus,81,4,6,6,4,1,1.017942417,0.313781833,0,6105
accuracy focus,81,4,6,6,2,1,1.008333834,0.36185875,1,6105
accuracy focus,81,5,6,6,4,1,1.035585167,0.177966708,0,6105
accuracy focus,81,5,6,6,4,1,0.591749792,0.182459125,1,6105
accuracy focus,81,6,6,6,4,1,0.691702959,0.188598792,0,6105
accuracy focus,81,6,6,6,4,1,1.381025417,0.119309042,1,6105
accuracy focus,81,7,6,6,4,1,1.190245416,0.446045584,0,6105
accuracy focus,81,7,6,6,4,1,0.835981208,0.444620292,1,6105
accuracy focus,81,8,6,6,4,1,0.669039833,0.437941542,0,6105
accuracy focus,81,8,6,6,4,1,1.217572875,0.327751458,1,6105
accuracy focus,81,9,6,6,4,1,1.299656041,1.028399917,0,6105
accuracy focus,81,9,6,6,4,1,0.929628292,0.671545375,1,6105
accuracy focus,81,10,6,6,4,1,2.180845333,0.42386025,0,6105
accuracy focus,81,10,6,6,4,1,3.700822459,1.527545833,1,6105
accuracy focus,82,1,8,8,4,1,0.8960785,0.283177167,0,6190
accuracy focus,82,1,8,8,4,1,0.614431834,0.168595541,1,6190
accuracy focus,82,2,8,8,4,1,0.7810995,0.247559583,0,6190
accuracy focus,82,2,8,8,4,1,0.6713395,0.169128333,1,6190
accuracy focus,82,3,8,8,4,1,0.834299875,0.197903875,0,6190
accuracy focus,82,3,8,8,4,1,0.598666542,0.682013417,1,6190
accuracy focus,82,4,8,8,4,1,0.777832875,0.34466025,0,6190
accuracy focus,82,4,8,8,4,1,0.937586667,0.503208583,1,6190
accuracy focus,82,5,8,8,4,1,0.875975083,0.290014041,0,6190
accuracy focus,82,5,8,8,4,1,0.980514791,0.217574708,1,6190
accuracy focus,82,6,8,8,4,1,0.898135166,0.34639975,0,6190
accuracy focus,82,6,8,8,4,1,0.496809417,0.155393584,1,6190
accuracy focus,82,7,8,8,4,1,2.639658084,0.606694333,0,6190
accuracy focus,82,7,8,8,4,1,2.163090458,1.123288,1,6190
accuracy focus,82,8,8,8,4,1,0.595764417,0.310737042,0,6190
accuracy focus,82,8,8,8,4,1,0.618585834,0.371068834,1,6190
accuracy focus,82,9,8,8,4,1,0.9119855,0.459220042,0,6190
accuracy focus,82,9,8,8,4,1,1.041353459,0.976703917,1,6190
accuracy focus,82,10,8,8,4,1,0.614069917,0.505150333,0,6190
accuracy focus,82,10,8,8,4,1,0.55585225,0.234752375,1,6190
accuracy focus,83,1,2,2,4,1,0.664946208,0.4251955,0,6204
accuracy focus,83,1,2,2,4,1,0.589334542,0.252032875,1,6204
accuracy focus,83,2,2,2,4,1,0.649511667,0.282508,0,6204
accuracy focus,83,2,2,2,4,1,0.575974375,0.17203275,1,6204
accuracy focus,83,3,2,2,4,1,0.642133667,0.310233584,0,6204
accuracy focus,83,3,2,2,3,1,0.541801291,0.641933458,1,6204
accuracy focus,83,4,2,2,4,1,0.643968209,0.506473833,0,6204
accuracy focus,83,4,2,8,2,0,2.258531334,0.987151625,1,6204
accuracy focus,83,5,2,2,4,1,0.55033975,0.263415625,0,6204
accuracy focus,83,5,2,2,4,1,0.522613083,0.19697625,1,6204
accuracy focus,83,6,2,2,3,1,0.710567084,0.247939,0,6204
accuracy focus,83,6,2,2,2,1,0.779040834,0.186033459,1,6204
accuracy focus,83,7,2,2,4,1,1.731667791,1.248483041,0,6204
accuracy focus,83,7,2,2,4,1,0.872099667,0.386548584,1,6204
accuracy focus,83,8,2,2,4,1,0.89852325,0.633000916,0,6204
accuracy focus,83,8,2,2,4,1,0.803559834,0.423915333,1,6204
accuracy focus,83,9,2,2,4,1,0.751069292,0.334502875,0,6204
accuracy focus,83,9,2,2,4,1,0.886032,0.312160834,1,6204
accuracy focus,83,10,2,2,4,1,1.025025292,0.249404292,0,6204
accuracy focus,83,10,2,2,4,1,0.985031958,0.218079209,1,6204
accuracy focus,84,1,3,3,4,1,0.641693208,0.344415291,0,6286
accuracy focus,84,1,3,3,4,1,0.823530042,0.312639208,1,6286
accuracy focus,84,2,3,3,4,1,0.716293625,0.251344916,0,6286
accuracy focus,84,2,3,3,4,1,0.697933292,0.185569,1,6286
accuracy focus,84,3,3,3,3,1,0.501334292,0.211978542,0,6286
accuracy focus,84,3,3,3,4,1,0.588286166,0.841539125,1,6286
accuracy focus,84,4,3,3,4,1,0.960823375,0.297816541,0,6286
accuracy focus,84,4,3,3,4,1,1.250917458,0.362384291,1,6286
accuracy focus,84,5,3,4,1,0,0.608942459,0.868212292,0,6286
accuracy focus,84,5,3,3,4,1,0.571577458,0.210956042,1,6286
accuracy focus,84,6,3,3,4,1,0.618108958,0.139298458,0,6286
accuracy focus,84,6,3,3,4,1,0.936289542,0.203463916,1,6286
accuracy focus,84,7,3,3,4,1,3.545152666,0.90754125,0,6286
accuracy focus,84,7,3,3,4,1,1.556594125,0.886821,1,6286
accuracy focus,84,8,3,3,4,1,0.7298615,0.915089042,0,6286
accuracy focus,84,8,3,3,4,1,0.608680166,0.331709292,1,6286
accuracy focus,84,9,3,3,4,1,0.895892416,0.768423542,0,6286
accuracy focus,84,9,3,3,4,1,0.664839833,0.238713083,1,6286
accuracy focus,84,10,3,3,4,1,1.155715792,0.407398625,0,6286
accuracy focus,84,10,3,3,4,1,0.873086833,0.297538292,1,6286
accuracy focus,85,1,3,3,4,1,0.640189959,0.617848208,0,6383
accuracy focus,85,1,3,3,4,1,0.68279075,0.297720458,1,6383
accuracy focus,85,2,3,3,4,1,0.723303084,0.172344,0,6383
accuracy focus,85,2,3,3,4,1,0.662327459,0.172296625,1,6383
accuracy focus,85,3,3,3,4,1,0.604010708,0.197987583,0,6383
accuracy focus,85,3,3,3,4,1,0.708026,0.463261042,1,6383
accuracy focus,85,4,3,3,4,1,0.926279542,0.440911791,0,6383
accuracy focus,85,4,3,3,1,1,0.645517375,0.521501792,1,6383
accuracy focus,85,5,3,2,1,0,1.247357542,0.916684583,0,6383
accuracy focus,85,5,3,3,4,1,0.565363209,0.223984667,1,6383
accuracy focus,85,6,3,3,4,1,0.692973167,0.13919625,0,6383
accuracy focus,85,6,3,3,4,1,0.672034334,0.135743625,1,6383
accuracy focus,85,7,3,3,4,1,0.983606834,0.467830959,0,6383
accuracy focus,85,7,3,3,4,1,0.936755083,0.937411584,1,6383
accuracy focus,85,8,3,3,4,1,0.742789875,0.924600792,0,6383
accuracy focus,85,8,3,3,4,1,0.551062542,0.338341333,1,6383
accuracy focus,85,9,3,3,4,1,1.634700709,1.810027916,0,6383
accuracy focus,85,9,3,3,4,1,0.716799416,0.499525875,1,6383
accuracy focus,85,10,3,3,4,1,1.745100833,0.361759416,0,6383
accuracy focus,85,10,3,3,4,1,2.883744,1.176777084,1,6383
accuracy focus,86,1,7,7,4,1,1.473502333,0.857625125,0,6562
accuracy focus,86,1,7,2,4,0,0.873701041,0.231879084,1,6562
accuracy focus,86,2,7,1,1,0,1.193256958,0.698647,0,6562
accuracy focus,86,2,7,6,1,0,1.227268458,0.297469834,1,6562
accuracy focus,86,3,7,7,4,1,0.913829958,0.27713325,0,6562
accuracy focus,86,3,7,7,2,1,0.908669708,0.66935225,1,6562
accuracy focus,86,4,7,2,1,0,0.751142208,0.457226208,0,6562
accuracy focus,86,4,7,6,1,0,0.857129042,0.60175775,1,6562
accuracy focus,86,5,7,4,4,0,0.761623375,0.210758083,0,6562
accuracy focus,86,5,7,7,4,1,0.812574458,0.169080667,1,6562
accuracy focus,86,6,7,8,1,0,1.747792458,0.218185625,0,6562
accuracy focus,86,6,7,7,4,1,0.788092583,0.121149542,1,6562
accuracy focus,86,7,7,2,4,0,0.902993542,0.640656334,0,6562
accuracy focus,86,7,7,7,4,1,0.731257291,0.831066,1,6562
accuracy focus,86,8,7,7,2,1,0.876415375,0.3335665,0,6562
accuracy focus,86,8,7,5,3,0,1.109433416,0.370704875,1,6562
accuracy focus,86,9,7,7,4,1,1.005986042,1.963047333,0,6562
accuracy focus,86,9,7,7,4,1,0.878152791,1.520340042,1,6562
accuracy focus,86,10,7,7,4,1,1.231003875,0.37995975,0,6562
accuracy focus,86,10,7,7,4,1,0.878937167,0.234739667,1,6562
accuracy focus,87,1,3,3,2,1,1.206107667,0.535773708,0,6570
accuracy focus,87,1,3,5,4,0,0.939202625,0.266988958,1,6570
accuracy focus,87,2,3,3,4,1,0.987706958,0.169266709,0,6570
accuracy focus,87,2,3,3,4,1,0.748577375,0.152700042,1,6570
accuracy focus,87,3,3,3,2,1,0.839844459,0.616706833,0,6570
accuracy focus,87,3,3,3,2,1,0.649113166,0.728183791,1,6570
accuracy focus,87,4,3,1,1,0,1.177053708,0.313857542,0,6570
accuracy focus,87,4,3,2,3,0,0.560979042,0.299112958,1,6570
accuracy focus,87,5,3,1,4,0,0.833780667,0.123887667,0,6570
accuracy focus,87,5,3,6,4,0,0.669790791,0.18291475,1,6570
accuracy focus,87,6,3,7,2,0,1.035106667,0.218388792,0,6570
accuracy focus,87,6,3,2,4,0,0.820639541,0.21823925,1,6570
accuracy focus,87,7,3,3,4,1,1.086496625,0.367208083,0,6570
accuracy focus,87,7,3,3,4,1,1.6649315,0.800843625,1,6570
accuracy focus,87,8,3,3,2,1,0.777324667,0.418125208,0,6570
accuracy focus,87,8,3,3,2,1,0.780054917,0.289710166,1,6570
accuracy focus,87,9,3,3,3,1,1.394502167,3.022264875,0,6570
accuracy focus,87,9,3,5,2,0,1.500126459,1.430979375,1,6570
accuracy focus,87,10,3,3,4,1,1.05625525,0.539648583,0,6570
accuracy focus,87,10,3,3,4,1,1.359370542,2.26600375,1,6570
accuracy focus,88,1,8,5,2,0,4.73966025,1.7859385,0,6642
accuracy focus,88,1,8,8,4,1,0.706799208,0.216875125,1,6642
accuracy focus,88,2,8,6,4,0,0.820260166,0.264243125,0,6642
accuracy focus,88,2,8,6,4,0,0.886623042,0.25151175,1,6642
accuracy focus,88,3,8,8,2,1,0.781009125,0.296588458,0,6642
accuracy focus,88,3,8,8,4,1,0.682904042,0.648935625,1,6642
accuracy focus,88,4,8,8,3,1,1.249530791,0.31341275,0,6642
accuracy focus,88,4,8,7,2,0,1.157697667,0.442338,1,6642
accuracy focus,88,5,8,7,4,0,0.588603667,0.317016125,0,6642
accuracy focus,88,5,8,8,4,1,0.916837625,0.263609666,1,6642
accuracy focus,88,6,8,8,4,1,0.543169958,0.202048542,0,6642
accuracy focus,88,6,8,4,4,0,0.991450375,0.600611625,1,6642
accuracy focus,88,7,8,8,4,1,1.033023125,0.352782,0,6642
accuracy focus,88,7,8,5,4,0,0.863499167,0.57867325,1,6642
accuracy focus,88,8,8,8,4,1,0.909398583,1.3399715,0,6642
accuracy focus,88,8,8,8,4,1,0.545734291,0.3907105,1,6642
accuracy focus,88,9,8,8,4,1,0.8037175,0.465606833,0,6642
accuracy focus,88,9,8,3,3,0,1.111887916,1.055150625,1,6642
accuracy focus,88,10,8,8,4,1,0.700820625,0.425487625,0,6642
accuracy focus,88,10,8,8,4,1,0.704503125,0.235023916,1,6642
accuracy focus,89,1,7,7,2,1,0.99783425,0.361491667,0,6664
accuracy focus,89,1,7,7,2,1,0.856411541,0.505250125,1,6664
accuracy focus,89,2,7,7,4,1,0.991886166,0.215468333,0,6664
accuracy focus,89,2,7,7,4,1,0.731106208,0.169111125,1,6664
accuracy focus,89,3,7,7,2,1,0.805934625,0.243514166,0,6664
accuracy focus,89,3,7,7,2,1,0.867037833,0.43225575,1,6664
accuracy focus,89,4,7,2,1,0,0.784623458,0.218857834,0,6664
accuracy focus,89,4,7,7,2,1,0.742194,0.266262541,1,6664
accuracy focus,89,5,7,7,4,1,0.5834745,0.110270375,0,6664
accuracy focus,89,5,7,8,4,0,0.682875458,0.244432584,1,6664
accuracy focus,89,6,7,7,4,1,0.652443833,0.122590375,0,6664
accuracy focus,89,6,7,2,2,0,0.666938541,0.170451625,1,6664
accuracy focus,89,7,7,7,4,1,0.894045458,0.95540175,0,6664
accuracy focus,89,7,7,7,4,1,0.760011,0.780666458,1,6664
accuracy focus,89,8,7,7,4,1,1.907157292,1.763541584,0,6664
accuracy focus,89,8,7,7,3,1,0.745156334,0.258212666,1,6664
accuracy focus,89,9,7,7,4,1,1.038606875,1.009170583,0,6664
accuracy focus,89,9,7,7,3,1,0.954404875,0.828129208,1,6664
accuracy focus,89,10,7,7,4,1,1.257086459,0.247783,0,6664
accuracy focus,89,10,7,7,4,1,0.681713667,0.2838505,1,6664
accuracy focus,90,1,6,6,4,1,1.416614542,0.616012375,0,6923
accuracy focus,90,1,6,6,4,1,0.745381958,0.265320625,1,6923
accuracy focus,90,2,6,6,4,1,0.948023209,0.247692542,0,6923
accuracy focus,90,2,6,6,4,1,0.850032375,0.235483125,1,6923
accuracy focus,90,3,6,7,4,0,1.046971375,0.9404125,0,6923
accuracy focus,90,3,6,5,1,0,0.67423525,0.715267291,1,6923
accuracy focus,90,4,6,6,3,1,1.116486916,0.234276958,0,6923
accuracy focus,90,4,6,6,2,1,2.202019458,0.375381833,1,6923
accuracy focus,90,5,6,7,4,0,0.873986584,0.116600542,0,6923
accuracy focus,90,5,6,4,4,0,0.942662459,0.217573041,1,6923
accuracy focus,90,6,6,6,4,1,0.770845666,0.138578958,0,6923
accuracy focus,90,6,6,6,4,1,0.894398458,0.152497042,1,6923
accuracy focus,90,7,6,6,4,1,1.0240715,0.467005709,0,6923
accuracy focus,90,7,6,8,4,0,0.924515125,0.897083667,1,6923
accuracy focus,90,8,6,6,4,1,0.865318666,0.618536459,0,6923
accuracy focus,90,8,6,6,3,1,0.904823834,0.425472458,1,6923
accuracy focus,90,9,6,6,1,1,2.62571575,0.783006625,0,6923
accuracy focus,90,9,6,3,2,0,1.115596,0.585381709,1,6923
accuracy focus,90,10,6,6,4,1,1.927041083,1.015941541,0,6923
accuracy focus,90,10,6,6,3,1,2.491898125,0.506024917,1,6923
accuracy focus,91,1,2,2,4,1,0.556500708,0.218652083,0,7094
accuracy focus,91,1,2,2,4,1,0.5071455,0.216004625,1,7094
accuracy focus,91,2,2,2,4,1,0.71273775,0.1690845,0,7094
accuracy focus,91,2,2,2,3,1,0.589683459,0.201489958,1,7094
accuracy focus,91,3,2,2,2,1,0.580066958,0.622414625,0,7094
accuracy focus,91,3,2,2,4,1,0.621224416,0.608851958,1,7094
accuracy focus,91,4,2,2,4,1,0.912676667,0.315697292,0,7094
accuracy focus,91,4,2,2,1,1,0.682858167,0.33147375,1,7094
accuracy focus,91,5,2,2,4,1,0.734479125,0.375630041,0,7094
accuracy focus,91,5,2,2,4,1,0.422380667,0.249814292,1,7094
accuracy focus,91,6,2,2,4,1,0.568899167,0.219224291,0,7094
accuracy focus,91,6,2,2,4,1,0.885298417,0.185192584,1,7094
accuracy focus,91,7,2,2,4,1,1.570193042,0.549365917,0,7094
accuracy focus,91,7,2,2,4,1,0.728691417,0.398250292,1,7094
accuracy focus,91,8,2,2,4,1,0.743353292,0.572175875,0,7094
accuracy focus,91,8,2,2,4,1,0.822835708,1.051801458,1,7094
accuracy focus,91,9,2,2,4,1,0.683922166,0.272482958,0,7094
accuracy focus,91,9,2,2,4,1,0.662934042,0.642484666,1,7094
accuracy focus,91,10,2,2,4,1,0.734578459,0.427096208,0,7094
accuracy focus,91,10,2,2,4,1,1.2950575,0.522088833,1,7094
accuracy focus,92,1,2,2,4,1,0.589891291,0.316967125,0,7116
accuracy focus,92,1,2,2,4,1,0.521692292,0.298911083,1,7116
accuracy focus,92,2,2,2,4,1,0.624646166,0.169347583,0,7116
accuracy focus,92,2,2,2,4,1,0.639313042,0.168815583,1,7116
accuracy focus,92,3,2,2,2,1,0.601022708,0.277464458,0,7116
accuracy focus,92,3,2,2,4,1,0.574876333,0.48277775,1,7116
accuracy focus,92,4,2,2,2,1,0.728435125,0.651336041,0,7116
accuracy focus,92,4,2,2,1,1,0.864864542,0.427101833,1,7116
accuracy focus,92,5,2,2,4,1,0.649943542,0.449614792,0,7116
accuracy focus,92,5,2,2,4,1,0.814206041,0.203819458,1,7116
accuracy focus,92,6,2,2,4,1,0.588276792,0.185943583,0,7116
accuracy focus,92,6,2,2,4,1,0.608782625,0.218176125,1,7116
accuracy focus,92,7,2,2,4,1,2.264319625,0.569220208,0,7116
accuracy focus,92,7,2,2,4,1,0.870790875,1.037021167,1,7116
accuracy focus,92,8,2,2,2,1,0.768473125,0.450935833,0,7116
accuracy focus,92,8,2,2,4,1,0.854725541,0.470072375,1,7116
accuracy focus,92,9,2,2,4,1,0.637303542,0.381278167,0,7116
accuracy focus,92,9,2,2,4,1,0.671103208,0.239041541,1,7116
accuracy focus,92,10,2,2,4,1,0.869699,0.55467575,0,7116
accuracy focus,92,10,2,2,4,1,0.72289625,0.219379792,1,7116
accuracy focus,93,1,3,3,4,1,0.774848333,0.491018083,0,7120
accuracy focus,93,1,3,3,4,1,0.581346334,0.1533655,1,7120
accuracy focus,93,2,3,3,4,1,0.843966666,0.264380958,0,7120
accuracy focus,93,2,3,3,4,1,0.652167292,0.188666208,1,7120
accuracy focus,93,3,3,4,3,0,0.552923667,0.534973583,0,7120
accuracy focus,93,3,3,3,1,1,0.614153458,0.721140709,1,7120
accuracy focus,93,4,3,3,4,1,1.029141584,0.314532458,0,7120
accuracy focus,93,4,3,3,2,1,0.888562458,0.361473209,1,7120
accuracy focus,93,5,3,3,4,1,0.725938458,0.263637542,0,7120
accuracy focus,93,5,3,3,4,1,0.781728208,0.306076833,1,7120
accuracy focus,93,6,3,3,4,1,0.516179375,0.16921825,0,7120
accuracy focus,93,6,3,3,4,1,0.632086792,0.21843025,1,7120
accuracy focus,93,7,3,3,4,1,1.330489,0.45415525,0,7120
accuracy focus,93,7,3,3,4,1,0.833313417,0.867657,1,7120
accuracy focus,93,8,3,3,4,1,0.751714833,0.411538625,0,7120
accuracy focus,93,8,3,3,4,1,0.680605292,0.366198875,1,7120
accuracy focus,93,9,3,3,4,1,0.68928425,0.53182125,0,7120
accuracy focus,93,9,3,3,4,1,0.689842,0.365842958,1,7120
accuracy focus,93,10,3,3,4,1,0.962821833,0.297369708,0,7120
accuracy focus,93,10,3,3,4,1,0.6787695,0.231845833,1,7120
accuracy focus,94,1,5,5,4,1,0.695842417,0.457653292,0,7161
accuracy focus,94,1,5,5,4,1,0.577958375,0.459075125,1,7161
accuracy focus,94,2,5,5,4,1,0.683641834,0.153382583,0,7161
accuracy focus,94,2,5,5,4,1,0.575913542,0.185278958,1,7161
accuracy focus,94,3,5,5,4,1,0.941301875,0.10436575,0,7161
accuracy focus,94,3,5,5,2,1,1.094686083,1.281256583,1,7161
accuracy focus,94,4,5,5,4,1,1.367044542,0.217391417,0,7161
accuracy focus,94,4,5,5,3,1,0.749385333,0.361529583,1,7161
accuracy focus,94,5,5,5,4,1,0.681461875,0.19814175,0,7161
accuracy focus,94,5,5,5,4,1,0.661730458,0.156786292,1,7161
accuracy focus,94,6,5,5,4,1,0.632101333,0.090003209,0,7161
accuracy focus,94,6,5,5,4,1,0.550925791,0.202839625,1,7161
accuracy focus,94,7,5,5,4,1,1.01466175,0.33245625,0,7161
accuracy focus,94,7,5,5,4,1,1.48103625,0.894359625,1,7161
accuracy focus,94,8,5,5,4,1,0.911450125,0.377346458,0,7161
accuracy focus,94,8,5,5,4,1,0.8254515,0.61543025,1,7161
accuracy focus,94,9,5,5,3,1,0.951682208,0.686884458,0,7161
accuracy focus,94,9,5,5,4,1,1.191934208,1.057856417,1,7161
accuracy focus,94,10,5,5,4,1,1.769227875,0.7595105,0,7161
accuracy focus,94,10,5,5,4,1,0.691196,0.28414875,1,7161
accuracy focus,95,1,1,1,4,1,0.548666166,0.298527209,0,7224
accuracy focus,95,1,1,1,4,1,0.496488291,0.248652208,1,7224
accuracy focus,95,2,1,1,4,1,1.11895675,0.633082167,0,7224
accuracy focus,95,2,1,7,4,0,0.704704792,0.136079833,1,7224
accuracy focus,95,3,1,1,4,1,0.562729959,0.11094875,0,7224
accuracy focus,95,3,1,7,2,0,0.955261208,0.596504459,1,7224
accuracy focus,95,4,1,6,1,0,0.898573958,0.519109125,0,7224
accuracy focus,95,4,1,7,2,0,1.244423916,0.344906875,1,7224
accuracy focus,95,5,1,1,4,1,0.651346542,0.290239166,0,7224
accuracy focus,95,5,1,1,4,1,0.547082083,0.174919208,1,7224
accuracy focus,95,6,1,1,4,1,0.529096042,0.28044425,0,7224
accuracy focus,95,6,1,1,4,1,0.709099958,0.441677375,1,7224
accuracy focus,95,7,1,1,4,1,1.572661667,1.647259875,0,7224
accuracy focus,95,7,1,1,4,1,1.477270917,0.587149459,1,7224
accuracy focus,95,8,1,7,2,0,1.275762041,1.389429334,0,7224
accuracy focus,95,8,1,7,2,0,1.195507167,0.326734542,1,7224
accuracy focus,95,9,1,1,4,1,1.392909,0.721643125,0,7224
accuracy focus,95,9,1,1,4,1,0.941103959,0.653208417,1,7224
accuracy focus,95,10,1,1,4,1,0.622177041,0.396472792,0,7224
accuracy focus,95,10,1,1,4,1,0.648574666,0.18565025,1,7224
accuracy focus,96,1,1,1,4,1,0.569210375,0.361895334,0,7254
accuracy focus,96,1,1,7,4,0,1.025910792,0.362249833,1,7254
accuracy focus,96,2,1,7,4,0,1.099086917,0.152529833,0,7254
accuracy focus,96,2,1,7,4,0,0.738009541,0.168393583,1,7254
accuracy focus,96,3,1,1,4,1,0.575451375,0.197488458,0,7254
accuracy focus,96,3,1,6,2,0,0.827393584,0.56491625,1,7254
accuracy focus,96,4,1,6,3,0,0.705316584,0.394068667,0,7254
accuracy focus,96,4,1,2,1,0,0.642913,0.298370167,1,7254
accuracy focus,96,5,1,1,4,1,0.894890625,0.11690075,0,7254
accuracy focus,96,5,1,1,4,1,0.484120084,0.260172834,1,7254
accuracy focus,96,6,1,1,4,1,0.621527625,0.522902375,0,7254
accuracy focus,96,6,1,1,4,1,0.602865583,0.282047833,1,7254
accuracy focus,96,7,1,1,4,1,0.808220458,0.369526792,0,7254
accuracy focus,96,7,1,1,4,1,1.751855792,0.741411208,1,7254
accuracy focus,96,8,1,7,4,0,0.731114,0.534913375,0,7254
accuracy focus,96,8,1,7,3,0,0.725764667,0.390711542,1,7254
accuracy focus,96,9,1,1,3,1,1.04376675,1.448076667,0,7254
accuracy focus,96,9,1,7,4,0,0.886481209,3.067474458,1,7254
accuracy focus,96,10,1,1,4,1,0.672665709,0.314392,0,7254
accuracy focus,96,10,1,1,4,1,0.64420875,0.248190833,1,7254
accuracy focus,97,1,4,4,3,1,1.381703125,3.322214042,0,7339
accuracy focus,97,1,4,4,4,1,0.849145667,0.219506042,1,7339
accuracy focus,97,2,4,4,4,1,0.758976875,0.155872083,0,7339
accuracy focus,97,2,4,4,2,1,0.807175459,0.457993417,1,7339
accuracy focus,97,3,4,4,4,1,0.602134333,0.158087959,0,7339
accuracy focus,97,3,4,4,4,1,0.575095917,0.421959125,1,7339
accuracy focus,97,4,4,4,4,1,0.909807167,0.407607334,0,7339
accuracy focus,97,4,4,4,4,1,0.876258541,0.488321792,1,7339
accuracy focus,97,5,4,4,4,1,0.675047167,0.310816542,0,7339
accuracy focus,97,5,4,4,4,1,0.669298375,0.192268042,1,7339
accuracy focus,97,6,4,4,4,1,0.807555208,0.185895541,0,7339
accuracy focus,97,6,4,4,4,1,0.682830459,0.152453042,1,7339
accuracy focus,97,7,4,4,4,1,0.863065583,0.367491916,0,7339
accuracy focus,97,7,4,4,4,1,1.806436125,0.692709625,1,7339
accuracy focus,97,8,4,4,4,1,0.8933385,0.422791166,0,7339
accuracy focus,97,8,4,4,4,1,0.644148333,0.404714292,1,7339
accuracy focus,97,9,4,4,4,1,2.791702833,1.055242625,0,7339
accuracy focus,97,9,4,4,4,1,1.032301458,0.602645125,1,7339
accuracy focus,97,10,4,4,4,1,0.77085725,0.330724416,0,7339
accuracy focus,97,10,4,4,4,1,1.079235667,0.327637334,1,7339
accuracy focus,98,1,1,1,4,1,0.58707375,0.327649042,0,7448
accuracy focus,98,1,1,1,4,1,0.53787125,0.265895667,1,7448
accuracy focus,98,2,1,7,2,0,0.890774708,0.40978475,0,7448
accuracy focus,98,2,1,1,4,1,0.685247416,0.201597375,1,7448
accuracy focus,98,3,1,7,1,0,0.6709115,0.20411,0,7448
accuracy focus,98,3,1,1,3,1,0.76211425,0.415957625,1,7448
accuracy focus,98,4,1,7,3,0,1.240681083,0.315568541,0,7448
accuracy focus,98,4,1,2,2,0,1.74294625,2.010032375,1,7448
accuracy focus,98,5,1,1,4,1,0.525646792,0.1970205,0,7448
accuracy focus,98,5,1,1,4,1,0.669903834,0.567458667,1,7448
accuracy focus,98,6,1,1,4,1,0.607707084,0.248715,0,7448
accuracy focus,98,6,1,1,4,1,0.60859125,0.156171125,1,7448
accuracy focus,98,7,1,1,4,1,0.692415709,0.385696125,0,7448
accuracy focus,98,7,1,1,4,1,0.792031083,0.919682792,1,7448
accuracy focus,98,8,1,7,2,0,1.086685875,1.304443875,0,7448
accuracy focus,98,8,1,7,2,0,1.147603916,0.375280459,1,7448
accuracy focus,98,9,1,7,3,0,3.02832325,4.292857042,0,7448
accuracy focus,98,9,1,7,2,0,3.07969875,0.594993,1,7448
accuracy focus,98,10,1,1,4,1,0.7219745,0.329933583,0,7448
accuracy focus,98,10,1,1,4,1,0.737690833,0.251526959,1,7448
accuracy focus,99,1,5,5,4,1,0.686424084,0.263986292,0,7579
accuracy focus,99,1,5,5,4,1,1.010370084,0.18560225,1,7579
accuracy focus,99,2,5,4,1,0,0.766941666,0.726755459,0,7579
accuracy focus,99,2,5,5,4,1,1.24342175,0.198530209,1,7579
accuracy focus,99,3,5,5,4,1,0.71457775,0.43589825,0,7579
accuracy focus,99,3,5,5,4,1,0.815050959,0.489674083,1,7579
accuracy focus,99,4,5,5,3,1,0.985897291,0.730447958,0,7579
accuracy focus,99,4,5,3,1,0,0.612573625,0.475333667,1,7579
accuracy focus,99,5,5,4,4,0,0.570395667,0.483628417,0,7579
accuracy focus,99,5,5,6,4,0,0.792482,0.238829833,1,7579
accuracy focus,99,6,5,3,4,0,0.84710575,0.201919375,0,7579
accuracy focus,99,6,5,3,4,0,0.664384875,0.218074042,1,7579
accuracy focus,99,7,5,5,4,1,2.186443792,0.349252,0,7579
accuracy focus,99,7,5,3,4,0,1.096261542,0.868302542,1,7579
accuracy focus,99,8,5,5,4,1,0.79775825,0.695319375,0,7579
accuracy focus,99,8,5,5,4,1,0.919785875,0.870371459,1,7579
accuracy focus,99,9,5,5,4,1,1.2368535,1.022161917,0,7579
accuracy focus,99,9,5,5,4,1,1.001050625,0.686550583,1,7579
accuracy focus,99,10,5,5,4,1,1.244504291,0.251525125,0,7579
accuracy focus,99,10,5,5,4,1,1.108195583,0.344999916,1,7579
accuracy focus,100,1,7,7,4,1,1.192071125,0.472147375,0,7606
accuracy focus,100,1,7,7,3,1,1.346796,0.505682375,1,7606
accuracy focus,100,2,7,7,4,1,0.799376834,0.4094755,0,7606
accuracy focus,100,2,7,7,4,1,0.847005,0.122930625,1,7606
accuracy focus,100,3,7,7,4,1,0.640889125,0.172867167,0,7606
accuracy focus,100,3,7,7,4,1,0.842776834,0.762004208,1,7606
accuracy focus,100,4,7,7,1,1,1.060559959,0.25088975,0,7606
accuracy focus,100,4,7,3,3,0,1.006409792,1.704307459,1,7606
accuracy focus,100,5,7,7,4,1,1.090430417,0.204626083,0,7606
accuracy focus,100,5,7,7,4,1,0.97622975,0.155369334,1,7606
accuracy focus,100,6,7,7,4,1,0.634501334,0.186274167,0,7606
accuracy focus,100,6,7,4,4,0,1.174176292,0.156019667,1,7606
accuracy focus,100,7,7,7,4,1,0.909246667,0.26611875,0,7606
accuracy focus,100,7,7,7,4,1,0.819331709,0.986101709,1,7606
accuracy focus,100,8,7,7,2,1,1.133576875,0.817175292,0,7606
accuracy focus,100,8,7,7,3,1,1.003475458,0.431227167,1,7606
accuracy focus,100,9,7,7,3,1,1.159027458,1.0027115,0,7606
accuracy focus,100,9,7,7,4,1,0.859553916,0.500127959,1,7606
accuracy focus,100,10,7,1,4,0,1.191141625,0.634945042,0,7606
accuracy focus,100,10,7,7,4,1,0.896068916,0.317082334,1,7606
accuracy focus,101,1,5,5,2,1,0.781470625,0.631252541,0,7613
accuracy focus,101,1,5,5,4,1,0.681639209,0.32908075,1,7613
accuracy focus,101,2,5,5,4,1,0.91637875,0.202112917,0,7613
accuracy focus,101,2,5,5,4,1,0.698376167,0.215323291,1,7613
accuracy focus,101,3,5,5,3,1,1.079647875,0.397107083,0,7613
accuracy focus,101,3,5,5,2,1,0.900627292,0.60450275,1,7613
accuracy focus,101,4,5,6,1,0,0.720318333,0.491165709,0,7613
accuracy focus,101,4,5,8,3,0,0.903211125,0.537630417,1,7613
accuracy focus,101,5,5,4,4,0,0.652463542,0.582418917,0,7613
accuracy focus,101,5,5,6,4,0,0.670145791,0.408169375,1,7613
accuracy focus,101,6,5,6,4,0,0.650371417,0.1201505,0,7613
accuracy focus,101,6,5,5,4,1,0.705315625,0.152447167,1,7613
accuracy focus,101,7,5,5,4,1,1.623439417,0.397744166,0,7613
accuracy focus,101,7,5,6,4,0,0.850864833,0.384653416,1,7613
accuracy focus,101,8,5,5,1,1,1.654927583,0.609344542,0,7613
accuracy focus,101,8,5,5,3,1,2.172766042,1.124467667,1,7613
accuracy focus,101,9,5,4,1,0,1.437850333,3.00133175,0,7613
accuracy focus,101,9,5,5,4,1,0.858542125,1.230728417,1,7613
accuracy focus,101,10,5,5,4,1,1.31690675,0.232038375,0,7613
accuracy focus,101,10,5,5,4,1,0.82411925,0.29686925,1,7613
accuracy focus,102,1,3,3,2,1,1.106807417,0.539586375,0,7822
accuracy focus,102,1,3,3,4,1,0.621518541,0.2025345,1,7822
accuracy focus,102,2,3,3,4,1,0.764045709,0.346586084,0,7822
accuracy focus,102,2,3,3,3,1,1.118558667,0.715063708,1,7822
accuracy focus,102,3,3,3,3,1,0.894861791,0.670037458,0,7822
accuracy focus,102,3,3,3,2,1,0.620654042,0.655451875,1,7822
accuracy focus,102,4,3,3,1,1,1.031069833,0.313423791,0,7822
accuracy focus,102,4,3,3,4,1,0.898314042,0.328396916,1,7822
accuracy focus,102,5,3,3,4,1,0.767209709,0.283209292,0,7822
accuracy focus,102,5,3,3,4,1,0.567303417,0.327963166,1,7822
accuracy focus,102,6,3,3,3,1,0.751226625,0.168428375,0,7822
accuracy focus,102,6,3,2,3,0,0.707448333,0.3635385,1,7822
accuracy focus,102,7,3,3,4,1,1.915801292,1.339289333,0,7822
accuracy focus,102,7,3,3,4,1,0.792863875,0.332090084,1,7822
accuracy focus,102,8,3,3,4,1,0.696566125,0.564143583,0,7822
accuracy focus,102,8,3,3,4,1,0.810946625,0.35108425,1,7822
accuracy focus,102,9,3,3,4,1,0.90172875,0.7411095,0,7822
accuracy focus,102,9,3,3,4,1,1.099781291,1.050196375,1,7822
accuracy focus,102,10,3,3,4,1,1.648651416,0.442469625,0,7822
accuracy focus,102,10,3,3,4,1,0.690315333,0.297786708,1,7822
accuracy focus,103,1,2,2,2,1,2.571884958,1.29141375,0,7993
accuracy focus,103,1,2,2,4,1,0.532035708,0.265223041,1,7993
accuracy focus,103,2,2,2,4,1,0.822299333,0.376302625,0,7993
accuracy focus,103,2,2,2,4,1,0.609107125,0.20242225,1,7993
accuracy focus,103,3,2,2,4,1,0.592682375,0.151046666,0,7993
accuracy focus,103,3,2,2,3,1,0.519144417,0.522420375,1,7993
accuracy focus,103,4,2,2,1,1,0.784237041,0.425313792,0,7993
accuracy focus,103,4,2,2,4,1,0.664899792,0.249680583,1,7993
accuracy focus,103,5,2,2,4,1,0.662753959,0.183160125,0,7993
accuracy focus,103,5,2,4,4,0,0.435472042,0.369555125,1,7993
accuracy focus,103,6,2,2,4,1,0.543831417,0.152517916,0,7993
accuracy focus,103,6,2,2,4,1,0.67340825,0.218527208,1,7993
accuracy focus,103,7,2,3,2,0,1.131060625,1.394262125,0,7993
accuracy focus,103,7,2,2,4,1,0.923083791,0.922427541,1,7993
accuracy focus,103,8,2,2,4,1,0.633074083,0.570850542,0,7993
accuracy focus,103,8,2,2,4,1,0.571071208,0.3310135,1,7993
accuracy focus,103,9,2,2,4,1,0.717145875,0.339175375,0,7993
accuracy focus,103,9,2,2,4,1,0.658966291,0.204587292,1,7993
accuracy focus,103,10,2,2,4,1,0.8086185,0.3604225,0,7993
accuracy focus,103,10,2,2,4,1,0.845098083,0.281311084,1,7993
accuracy focus,104,1,1,1,4,1,0.468743625,0.444644917,0,8005
accuracy focus,104,1,1,5,4,0,1.105046041,0.24883875,1,8005
accuracy focus,104,2,1,1,4,1,0.53901225,0.218188333,0,8005
accuracy focus,104,2,1,1,4,1,0.615230167,0.185196167,1,8005
accuracy focus,104,3,1,1,4,1,0.587661834,0.111800875,0,8005
accuracy focus,104,3,1,3,2,0,1.079851875,0.828640583,1,8005
accuracy focus,104,4,1,1,1,1,1.533061875,1.127937584,0,8005
accuracy focus,104,4,1,8,2,0,1.362271125,0.441663625,1,8005
accuracy focus,104,5,1,1,4,1,0.567281792,0.283308583,0,8005
accuracy focus,104,5,1,1,4,1,0.583901,0.217376667,1,8005
accuracy focus,104,6,1,1,4,1,0.612206709,0.21895975,0,8005
accuracy focus,104,6,1,1,4,1,0.781488458,0.327164959,1,8005
accuracy focus,104,7,1,1,4,1,0.729526334,0.432929875,0,8005
accuracy focus,104,7,1,1,4,1,0.776538708,0.530596709,1,8005
accuracy focus,104,8,1,7,4,0,1.236548333,0.504497958,0,8005
accuracy focus,104,8,1,7,2,0,0.741114584,0.3593395,1,8005
accuracy focus,104,9,1,1,4,1,0.699444708,0.505977583,0,8005
accuracy focus,104,9,1,1,3,1,0.953796542,0.898990458,1,8005
accuracy focus,104,10,1,1,4,1,0.709663625,0.410960583,0,8005
accuracy focus,104,10,1,1,4,1,0.564055833,0.314580125,1,8005
accuracy focus,105,1,1,1,4,1,0.589135417,0.327705792,0,8391
accuracy focus,105,1,1,1,4,1,0.529728959,0.218253916,1,8391
accuracy focus,105,2,1,1,4,1,0.9134535,0.15595275,0,8391
accuracy focus,105,2,1,1,4,1,0.854411833,0.20188325,1,8391
accuracy focus,105,3,1,1,4,1,0.608764584,0.210969083,0,8391
accuracy focus,105,3,1,7,2,0,0.701237417,0.588076,1,8391
accuracy focus,105,4,1,7,3,0,0.882333375,0.297390709,0,8391
accuracy focus,105,4,1,6,2,0,1.011282459,0.23493175,1,8391
accuracy focus,105,5,1,1,4,1,0.531752834,0.343063417,0,8391
accuracy focus,105,5,1,1,4,1,0.643016375,0.314186125,1,8391
accuracy focus,105,6,1,1,4,1,0.649135958,0.215209,0,8391
accuracy focus,105,6,1,1,4,1,0.649269,0.215431583,1,8391
accuracy focus,105,7,1,1,4,1,0.896548333,0.441875625,0,8391
accuracy focus,105,7,1,1,4,1,0.751797208,0.480267042,1,8391
accuracy focus,105,8,1,1,4,1,0.798232209,1.1032115,0,8391
accuracy focus,105,8,1,7,3,0,0.675354167,0.325819083,1,8391
accuracy focus,105,9,1,1,3,1,0.778091375,0.889308042,0,8391
accuracy focus,105,9,1,1,3,1,1.080970625,5.621998,1,8391
accuracy focus,105,10,1,1,4,1,0.694867083,1.001561417,0,8391
accuracy focus,105,10,1,1,4,1,0.638080417,0.264192208,1,8391
accuracy focus,106,1,1,1,4,1,0.558839916,0.441550334,0,8450
accuracy focus,106,1,1,1,4,1,0.571447875,0.216242916,1,8450
accuracy focus,106,2,1,1,4,1,0.649462166,0.538341167,0,8450
accuracy focus,106,2,1,1,4,1,0.533498667,0.152297291,1,8450
accuracy focus,106,3,1,1,4,1,0.576080917,0.104225833,0,8450
accuracy focus,106,3,1,3,4,0,0.628149959,1.53126625,1,8450
accuracy focus,106,4,1,1,1,1,0.549780667,0.377802,0,8450
accuracy focus,106,4,1,1,2,1,0.646721041,0.330073917,1,8450
accuracy focus,106,5,1,1,4,1,0.548842208,0.15746675,0,8450
accuracy focus,106,5,1,1,4,1,0.6065815,0.28104075,1,8450
accuracy focus,106,6,1,1,4,1,0.568130833,0.202691834,0,8450
accuracy focus,106,6,1,1,4,1,0.649352917,0.185199459,1,8450
accuracy focus,106,7,1,1,4,1,1.116805875,0.413238375,0,8450
accuracy focus,106,7,1,1,4,1,1.308693291,0.665447125,1,8450
accuracy focus,106,8,1,1,4,1,0.695696583,0.790678958,0,8450
accuracy focus,106,8,1,1,4,1,0.677006209,0.426550416,1,8450
accuracy focus,106,9,1,1,4,1,0.664080833,0.546068041,0,8450
accuracy focus,106,9,1,1,4,1,1.160077083,1.039766417,1,8450
accuracy focus,106,10,1,1,4,1,0.651862834,0.201998375,0,8450
accuracy focus,106,10,1,1,4,1,0.705182458,0.235122416,1,8450
accuracy focus,107,1,2,2,4,1,0.603973125,0.378175167,0,8570
accuracy focus,107,1,2,2,4,1,0.64186,0.15534925,1,8570
accuracy focus,107,2,2,2,4,1,0.589634833,0.152572459,0,8570
accuracy focus,107,2,2,2,4,1,0.694091167,0.393036291,1,8570
accuracy focus,107,3,2,2,2,1,1.191362125,0.775426584,0,8570
accuracy focus,107,3,2,2,1,1,0.581096666,0.668534167,1,8570
accuracy focus,107,4,2,2,1,1,0.677932959,0.344177209,0,8570
accuracy focus,107,4,2,2,4,1,0.646262167,0.438652792,1,8570
accuracy focus,107,5,2,2,4,1,0.583249667,0.243774125,0,8570
accuracy focus,107,5,2,2,4,1,0.635297,0.212466625,1,8570
accuracy focus,107,6,2,2,4,1,0.67901975,0.18665475,0,8570
accuracy focus,107,6,2,2,4,1,0.711223583,0.231387041,1,8570
accuracy focus,107,7,2,2,4,1,0.949251584,0.428051958,0,8570
accuracy focus,107,7,2,2,4,1,0.756293792,0.521701833,1,8570
accuracy focus,107,8,2,2,4,1,0.749269834,0.965827667,0,8570
accuracy focus,107,8,2,2,4,1,0.555463709,0.350744792,1,8570
accuracy focus,107,9,2,2,4,1,0.771758042,0.298371667,0,8570
accuracy focus,107,9,2,2,4,1,0.724371375,0.380069375,1,8570
accuracy focus,107,10,2,2,4,1,0.708650167,0.571106334,0,8570
accuracy focus,107,10,2,2,4,1,1.039726167,0.393396167,1,8570
accuracy focus,108,1,1,1,1,1,0.458428375,0.442369166,0,8876
accuracy focus,108,1,1,1,4,1,0.555370583,0.279519833,1,8876
accuracy focus,108,2,1,1,4,1,0.652816875,0.234481666,0,8876
accuracy focus,108,2,1,1,4,1,0.588983834,0.185206125,1,8876
accuracy focus,108,3,1,1,4,1,0.627962584,0.277776167,0,8876
accuracy focus,108,3,1,1,4,1,0.71451575,1.333035416,1,8876
accuracy focus,108,4,1,7,1,0,0.954063583,0.280969334,0,8876
accuracy focus,108,4,1,2,1,0,0.743038458,0.300164375,1,8876
accuracy focus,108,5,1,6,4,0,0.717088208,0.111598541,0,8876
accuracy focus,108,5,1,1,4,1,0.615434292,0.140673792,1,8876
accuracy focus,108,6,1,1,4,1,0.684214666,0.600551042,0,8876
accuracy focus,108,6,1,1,4,1,0.535968625,0.2141735,1,8876
accuracy focus,108,7,1,1,4,1,0.843455333,0.486813166,0,8876
accuracy focus,108,7,1,1,4,1,1.489154083,0.647981209,1,8876
accuracy focus,108,8,1,7,4,0,0.769662042,0.324356792,0,8876
accuracy focus,108,8,1,7,4,0,1.130909667,1.264731667,1,8876
accuracy focus,108,9,1,7,3,0,0.6717865,1.402596208,0,8876
accuracy focus,108,9,1,7,4,0,0.682043708,0.560997667,1,8876
accuracy focus,108,10,1,1,4,1,0.817416792,0.363625,0,8876
accuracy focus,108,10,1,1,4,1,0.693259583,0.4236865,1,8876
accuracy focus,109,1,1,1,1,1,0.625787917,0.315026125,0,8888
accuracy focus,109,1,1,1,4,1,0.518980167,0.201350875,1,8888
accuracy focus,109,2,1,7,2,0,0.955816875,0.588047083,0,8888
accuracy focus,109,2,1,7,4,0,1.007540166,0.343347208,1,8888
accuracy focus,109,3,1,1,1,1,0.754612458,0.21079525,0,8888
accuracy focus,109,3,1,1,4,1,0.807582083,0.47511475,1,8888
accuracy focus,109,4,1,2,1,0,1.394373041,0.680982917,0,8888
accuracy focus,109,4,1,6,2,0,1.044277375,0.442314042,1,8888
accuracy focus,109,5,1,1,4,1,0.595988,0.190170417,0,8888
accuracy focus,109,5,1,1,4,1,0.573177542,0.196476625,1,8888
accuracy focus,109,6,1,1,1,1,0.664591417,0.266946458,0,8888
accuracy focus,109,6,1,1,4,1,0.648717333,0.247994375,1,8888
accuracy focus,109,7,1,1,4,1,0.85603625,0.434179625,0,8888
accuracy focus,109,7,1,1,4,1,1.043582416,0.468377667,1,8888
accuracy focus,109,8,1,7,2,0,0.746346875,0.558827209,0,8888
accuracy focus,109,8,1,7,2,0,0.967377375,0.446328917,1,8888
accuracy focus,109,9,1,1,4,1,0.887975792,0.546744667,0,8888
accuracy focus,109,9,1,1,4,1,0.866414625,1.043615833,1,8888
accuracy focus,109,10,1,1,4,1,0.6718695,0.231702208,0,8888
accuracy focus,109,10,1,7,4,0,1.142224208,0.648420583,1,8888
accuracy focus,110,1,7,7,4,1,0.992802166,0.618888458,0,8927
accuracy focus,110,1,7,7,4,1,0.979288375,0.2686915,1,8927
accuracy focus,110,2,7,7,4,1,0.920634083,0.423369125,0,8927
accuracy focus,110,2,7,7,4,1,0.691380458,0.188997,1,8927
accuracy focus,110,3,7,7,4,1,0.607940708,1.1289675,0,8927
accuracy focus,110,3,7,7,4,1,0.667957375,0.721925292,1,8927
accuracy focus,110,4,7,7,2,1,0.936208,0.360796083,0,8927
accuracy focus,110,4,7,7,2,1,2.141685875,0.218923084,1,8927
accuracy focus,110,5,7,7,4,1,1.256030375,0.923024584,0,8927
accuracy focus,110,5,7,7,4,1,1.14172525,0.244655667,1,8927
accuracy focus,110,6,7,7,2,1,0.753952083,0.410432208,0,8927
accuracy focus,110,6,7,7,4,1,0.548984583,0.569569709,1,8927
accuracy focus,110,7,7,7,4,1,1.043169208,0.652387,0,8927
accuracy focus,110,7,7,7,4,1,3.012704916,0.452611,1,8927
accuracy focus,110,8,7,7,4,1,0.729492375,0.478239166,0,8927
accuracy focus,110,8,7,7,3,1,0.872492917,0.3908965,1,8927
accuracy focus,110,9,7,7,4,1,0.677725625,0.453370875,0,8927
accuracy focus,110,9,7,7,4,1,0.736956167,0.491029334,1,8927
accuracy focus,110,10,7,7,4,1,1.465436291,0.535391042,0,8927
accuracy focus,110,10,7,7,4,1,0.851250458,0.218212625,1,8927
accuracy focus,111,1,1,1,4,1,0.535350334,0.264768167,0,8931
accuracy focus,111,1,1,1,4,1,0.548537958,0.297306042,1,8931
accuracy focus,111,2,1,1,4,1,0.661452708,0.28163275,0,8931
accuracy focus,111,2,1,1,2,1,0.737222666,0.570555291,1,8931
accuracy focus,111,3,1,1,1,1,0.815037625,0.230542917,0,8931
accuracy focus,111,3,1,1,4,1,0.576417167,0.469006166,1,8931
accuracy focus,111,4,1,7,2,0,1.204826042,0.280402542,0,8931
accuracy focus,111,4,1,7,1,0,0.976579291,0.234872291,1,8931
accuracy focus,111,5,1,1,4,1,0.621920833,0.28976175,0,8931
accuracy focus,111,5,1,1,4,1,0.601734,0.180731917,1,8931
accuracy focus,111,6,1,1,4,1,0.704741292,0.730207583,0,8931
accuracy focus,111,6,1,1,3,1,0.651701125,0.24900325,1,8931
accuracy focus,111,7,1,1,4,1,0.821972291,0.472710208,0,8931
accuracy focus,111,7,1,1,4,1,0.856002083,0.932543958,1,8931
accuracy focus,111,8,1,1,4,1,0.709791417,1.040004375,0,8931
accuracy focus,111,8,1,7,3,0,1.836405708,0.852451083,1,8931
accuracy focus,111,9,1,1,4,1,0.907640459,0.3866495,0,8931
accuracy focus,111,9,1,1,4,1,0.973937666,1.701413,1,8931
accuracy focus,111,10,1,1,4,1,0.707788958,0.2822335,0,8931
accuracy focus,111,10,1,1,4,1,0.649272167,0.250967917,1,8931
accuracy focus,112,1,7,7,3,1,1.349762625,0.522215084,0,8932
accuracy focus,112,1,7,7,4,1,0.840886583,0.262920917,1,8932
accuracy focus,112,2,7,7,4,1,0.711732625,0.264708333,0,8932
accuracy focus,112,2,7,7,4,1,0.787312583,0.234337916,1,8932
accuracy focus,112,3,7,7,4,1,0.836450459,1.739260166,0,8932
accuracy focus,112,3,7,7,4,1,0.647248167,0.316773791,1,8932
accuracy focus,112,4,7,7,3,1,1.237750584,0.377388792,0,8932
accuracy focus,112,4,7,8,3,0,0.659418917,0.314394834,1,8932
accuracy focus,112,5,7,6,4,0,0.7677075,0.176676333,0,8932
accuracy focus,112,5,7,7,4,1,0.791712625,0.20862925,1,8932
accuracy focus,112,6,7,7,4,1,0.595139625,0.202115416,0,8932
accuracy focus,112,6,7,7,4,1,0.59316675,0.122841333,1,8932
accuracy focus,112,7,7,5,2,0,2.681240041,0.800843667,0,8932
accuracy focus,112,7,7,7,4,1,0.795309375,0.958917667,1,8932
accuracy focus,112,8,7,7,4,1,0.849185083,0.417247042,0,8932
accuracy focus,112,8,7,7,4,1,0.768737958,0.610027167,1,8932
accuracy focus,112,9,7,7,3,1,0.889953041,1.027875625,0,8932
accuracy focus,112,9,7,7,4,1,1.361442292,1.258650166,1,8932
accuracy focus,112,10,7,7,4,1,1.371924625,0.32769475,0,8932
accuracy focus,112,10,7,7,4,1,1.36691625,0.504408208,1,8932
accuracy focus,113,1,4,4,4,1,0.7602875,0.314612375,0,9103
accuracy focus,113,1,4,4,4,1,0.65416225,0.138686209,1,9103
accuracy focus,113,2,4,4,4,1,1.089083125,0.18552375,0,9103
accuracy focus,113,2,4,4,4,1,0.704806,0.280907375,1,9103
accuracy focus,113,3,4,4,4,1,0.64856225,0.216531167,0,9103
accuracy focus,113,3,4,4,4,1,0.607760417,0.966561333,1,9103
accuracy focus,113,4,4,4,4,1,0.782248541,0.347913292,0,9103
accuracy focus,113,4,4,3,2,0,0.805598542,0.5084875,1,9103
accuracy focus,113,5,4,4,4,1,0.868189459,0.195642083,0,9103
accuracy focus,113,5,4,4,4,1,0.524134209,0.199139209,1,9103
accuracy focus,113,6,4,5,4,0,0.737714416,0.21892825,0,9103
accuracy focus,113,6,4,4,4,1,0.655077916,0.152915458,1,9103
accuracy focus,113,7,4,4,4,1,0.763948375,0.580027625,0,9103
accuracy focus,113,7,4,4,4,1,0.936876292,0.868053792,1,9103
accuracy focus,113,8,4,4,4,1,0.92928525,0.595796417,0,9103
accuracy focus,113,8,4,4,3,1,0.708100459,0.446336042,1,9103
accuracy focus,113,9,4,4,4,1,0.695376625,0.291056333,0,9103
accuracy focus,113,9,4,4,4,1,1.1651525,0.365465791,1,9103
accuracy focus,113,10,4,4,4,1,0.887789625,0.363672917,0,9103
accuracy focus,113,10,4,4,4,1,0.690311291,0.297085958,1,9103
accuracy focus,114,1,5,5,4,1,0.742539417,0.53599825,0,9291
accuracy focus,114,1,5,5,4,1,0.818673208,0.248176375,1,9291
accuracy focus,114,2,5,5,4,1,0.960303542,0.152977542,0,9291
accuracy focus,114,2,5,5,4,1,0.724292334,0.235183583,1,9291
accuracy focus,114,3,5,5,4,1,1.000873042,0.250702125,0,9291
accuracy focus,114,3,5,5,2,1,0.747828541,0.476633958,1,9291
accuracy focus,114,4,5,5,1,1,1.323594292,0.330602375,0,9291
accuracy focus,114,4,5,5,2,1,1.064523666,0.361057625,1,9291
accuracy focus,114,5,5,5,4,1,0.736481042,0.302896666,0,9291
accuracy focus,114,5,5,8,1,0,0.900884875,0.985428584,1,9291
accuracy focus,114,6,5,4,4,0,0.595608,0.630865875,0,9291
accuracy focus,114,6,5,4,4,0,0.31652525,1.028529083,1,9291
accuracy focus,114,7,5,5,4,1,1.041133084,0.454938041,0,9291
accuracy focus,114,7,5,5,4,1,0.909517417,0.473548291,1,9291
accuracy focus,114,8,5,5,3,1,1.082699667,2.638237458,0,9291
accuracy focus,114,8,5,5,4,1,0.988123375,0.478015709,1,9291
accuracy focus,114,9,5,5,3,1,1.689346542,3.806823375,0,9291
accuracy focus,114,9,5,5,4,1,1.861313875,0.55255625,1,9291
accuracy focus,114,10,5,5,4,1,1.385588791,0.314321667,0,9291
accuracy focus,114,10,5,5,4,1,0.646235875,0.295288541,1,9291
accuracy focus,115,1,2,2,4,1,0.571622583,0.263908166,0,9390
accuracy focus,115,1,2,2,4,1,0.514689125,0.235015292,1,9390
accuracy focus,115,2,2,2,4,1,0.684904625,0.216210833,0,9390
accuracy focus,115,2,2,2,4,1,0.622644084,1.499525875,1,9390
accuracy focus,115,3,2,2,2,1,0.635145708,1.23417925,0,9390
accuracy focus,115,3,2,2,3,1,0.566312,0.78004725,1,9390
accuracy focus,115,4,2,2,3,1,0.783420625,0.344359792,0,9390
accuracy focus,115,4,2,2,4,1,0.727403166,0.407954833,1,9390
accuracy focus,115,5,2,2,4,1,0.583101375,0.217118708,0,9390
accuracy focus,115,5,2,2,4,1,0.744782709,0.217255291,1,9390
accuracy focus,115,6,2,2,4,1,0.615666834,0.185080417,0,9390
accuracy focus,115,6,2,2,4,1,0.655147375,0.409811333,1,9390
accuracy focus,115,7,2,2,4,1,1.401043917,0.54764525,0,9390
accuracy focus,115,7,2,2,4,1,1.07707225,0.471284625,1,9390
accuracy focus,115,8,2,2,4,1,0.741093875,1.514213792,0,9390
accuracy focus,115,8,2,2,4,1,0.697775958,0.465114875,1,9390
accuracy focus,115,9,2,2,4,1,0.7176395,0.252316,0,9390
accuracy focus,115,9,2,2,4,1,0.671969042,0.299728917,1,9390
accuracy focus,115,10,2,2,4,1,0.844035667,0.248287,0,9390
accuracy focus,115,10,2,2,4,1,1.079418667,0.425622959,1,9390
accuracy focus,116,1,3,3,4,1,0.642242292,0.376809708,0,9480
accuracy focus,116,1,3,3,4,1,0.756054417,0.184200458,1,9480
accuracy focus,116,2,3,3,4,1,0.817329916,0.248338708,0,9480
accuracy focus,116,2,3,3,4,1,0.89003325,0.234697291,1,9480
accuracy focus,116,3,3,3,4,1,0.66973675,0.130560625,0,9480
accuracy focus,116,3,3,3,4,1,0.601593167,0.632914625,1,9480
accuracy focus,116,4,3,3,1,1,0.8869555,0.217370084,0,9480
accuracy focus,116,4,3,3,2,1,0.949291375,0.377397083,1,9480
accuracy focus,116,5,3,4,3,0,0.647800958,0.157191458,0,9480
accuracy focus,116,5,3,3,4,1,0.731716834,0.229695041,1,9480
accuracy focus,116,6,3,2,3,0,0.800694375,0.314319083,0,9480
accuracy focus,116,6,3,3,3,1,1.735326958,0.152684625,1,9480
accuracy focus,116,7,3,3,4,1,1.326085083,0.5826695,0,9480
accuracy focus,116,7,3,3,4,1,0.888666375,0.821180291,1,9480
accuracy focus,116,8,3,3,4,1,0.735094708,0.533403542,0,9480
accuracy focus,116,8,3,3,4,1,0.761505333,0.52218375,1,9480
accuracy focus,116,9,3,3,4,1,0.738344834,0.503537875,0,9480
accuracy focus,116,9,3,3,4,1,0.662969792,0.345550542,1,9480
accuracy focus,116,10,3,3,4,1,0.625366958,0.251712416,0,9480
accuracy focus,116,10,3,3,4,1,0.905825083,0.34322825,1,9480
accuracy focus,117,1,4,4,4,1,1.281898041,0.457119083,0,9640
accuracy focus,117,1,4,5,1,0,0.845977416,0.82543225,1,9640
accuracy focus,117,2,4,3,1,0,0.762353209,0.555624,0,9640
accuracy focus,117,2,4,4,4,1,0.65463775,0.172088541,1,9640
accuracy focus,117,3,4,4,2,1,0.767795208,0.529038958,0,9640
accuracy focus,117,3,4,4,4,1,0.63079175,1.481475917,1,9640
accuracy focus,117,4,4,4,4,1,1.222274375,0.217551042,0,9640
accuracy focus,117,4,4,4,1,1,1.105343917,0.361359625,1,9640
accuracy focus,117,5,4,4,4,1,0.896451958,0.189561917,0,9640
accuracy focus,117,5,4,4,4,1,0.718627291,0.175983458,1,9640
accuracy focus,117,6,4,4,4,1,0.818197209,0.135713042,0,9640
accuracy focus,117,6,4,4,4,1,0.581648875,0.1229715,1,9640
accuracy focus,117,7,4,4,4,1,1.789294458,0.420114125,0,9640
accuracy focus,117,7,4,4,4,1,1.029890167,0.938511208,1,9640
accuracy focus,117,8,4,4,4,1,1.347502291,0.410943791,0,9640
accuracy focus,117,8,4,4,2,1,0.768680375,0.691133917,1,9640
accuracy focus,117,9,4,4,3,1,0.936667166,1.455926209,0,9640
accuracy focus,117,9,4,4,4,1,0.77210125,0.412636959,1,9640
accuracy focus,117,10,4,4,4,1,2.478354916,0.47390175,0,9640
accuracy focus,117,10,4,4,4,1,2.12665625,0.502415208,1,9640
accuracy focus,118,1,8,8,4,1,0.846052083,0.521362917,0,9723
accuracy focus,118,1,8,8,4,1,0.679717583,0.187853334,1,9723
accuracy focus,118,2,8,8,4,1,0.714444375,0.172325125,0,9723
accuracy focus,118,2,8,8,4,1,0.803179125,0.231801875,1,9723
accuracy focus,118,3,8,8,4,1,0.6301135,0.336734041,0,9723
accuracy focus,118,3,8,8,4,1,0.72815725,0.683300083,1,9723
accuracy focus,118,4,8,8,4,1,0.88733725,0.491152458,0,9723
accuracy focus,118,4,8,8,4,1,0.783668459,0.362060667,1,9723
accuracy focus,118,5,8,8,4,1,0.710608916,0.290562,0,9723
accuracy focus,118,5,8,6,4,0,0.621817708,0.173957084,1,9723
accuracy focus,118,6,8,8,4,1,0.658918791,0.251086041,0,9723
accuracy focus,118,6,8,8,4,1,0.769272708,0.235365667,1,9723
accuracy focus,118,7,8,8,4,1,1.225721125,0.621977208,0,9723
accuracy focus,118,7,8,8,3,1,2.253249917,0.525594542,1,9723
accuracy focus,118,8,8,8,3,1,0.748600625,2.440820208,0,9723
accuracy focus,118,8,8,8,4,1,0.695409208,0.344070041,1,9723
accuracy focus,118,9,8,8,4,1,1.09756975,2.957454333,0,9723
accuracy focus,118,9,8,8,4,1,0.643077291,0.274995333,1,9723
accuracy focus,118,10,8,8,3,1,0.790733208,0.2667485,0,9723
accuracy focus,118,10,8,8,4,1,0.740187542,0.282000209,1,9723
accuracy focus,119,1,8,8,4,1,0.748482208,0.347506292,0,9828
accuracy focus,119,1,8,8,4,1,0.6389575,0.491774,1,9828
accuracy focus,119,2,8,8,4,1,0.695402459,0.218413,0,9828
accuracy focus,119,2,8,8,4,1,0.704170042,0.235341375,1,9828
accuracy focus,119,3,8,7,3,0,0.807229209,0.558315708,0,9828
accuracy focus,119,3,8,8,4,1,0.733470791,0.289799625,1,9828
accuracy focus,119,4,8,7,3,0,0.808501583,0.699886417,0,9828
accuracy focus,119,4,8,8,3,1,0.695037791,0.409070458,1,9828
accuracy focus,119,5,8,8,4,1,0.837987458,0.25122075,0,9828
accuracy focus,119,5,8,6,1,0,0.898401875,0.582776292,1,9828
accuracy focus,119,6,8,8,4,1,0.661429541,0.139785292,0,9828
accuracy focus,119,6,8,8,4,1,0.589430084,0.14005275,1,9828
accuracy focus,119,7,8,8,4,1,0.880079875,0.51464575,0,9828
accuracy focus,119,7,8,8,4,1,0.917622375,0.800368542,1,9828
accuracy focus,119,8,8,8,4,1,1.442406333,0.747467625,0,9828
accuracy focus,119,8,8,8,4,1,0.830793,0.246047541,1,9828
accuracy focus,119,9,8,8,4,1,0.817268875,1.629916542,0,9828
accuracy focus,119,9,8,8,4,1,0.630749917,0.231937083,1,9828
accuracy focus,119,10,8,8,4,1,1.095694208,0.47622675,0,9828
accuracy focus,119,10,8,8,4,1,0.872780375,0.310801292,1,9828
accuracy focus,120,1,7,7,3,1,1.806973666,1.832180166,0,9870
accuracy focus,120,1,7,7,4,1,0.959030583,0.328647291,1,9870
accuracy focus,120,2,7,7,4,1,0.836912416,0.201414292,0,9870
accuracy focus,120,2,7,6,1,0,0.651410791,0.679338958,1,9870
accuracy focus,120,3,7,7,4,1,0.867026958,0.177460167,0,9870
accuracy focus,120,3,7,7,4,1,0.62902575,1.081237167,1,9870
accuracy focus,120,4,7,7,3,1,1.546023791,0.377787583,0,9870
accuracy focus,120,4,7,7,2,1,0.976016709,0.299917,1,9870
accuracy focus,120,5,7,4,4,0,0.601235416,0.384264833,0,9870
accuracy focus,120,5,7,6,4,0,1.191561125,0.141948708,1,9870
accuracy focus,120,6,7,7,4,1,0.703779,0.119239459,0,9870
accuracy focus,120,6,7,7,4,1,0.570991792,0.123311792,1,9870
accuracy focus,120,7,7,7,4,1,1.047764459,0.666232292,0,9870
accuracy focus,120,7,7,7,4,1,0.795584125,0.844155791,1,9870
accuracy focus,120,8,7,7,3,1,1.644106333,2.174617917,0,9870
accuracy focus,120,8,7,7,3,1,1.254507458,0.530671166,1,9870
accuracy focus,120,9,7,7,4,1,0.609606083,0.465038,0,9870
accuracy focus,120,9,7,7,4,1,0.878155292,1.207193416,1,9870
accuracy focus,120,10,7,7,4,1,0.710409125,0.440327166,0,9870
accuracy focus,120,10,7,7,4,1,1.02745825,0.315367583,1,9870
